customer_id;total_invoice;total_quantity;quantity_products;freq_purchase;quantity_transactions;quantity_categories;quantity_coupons;quantity_coupons_used
12346;-1.0023578458628204;-0.7038826765388061;-1.0887285425705049;-0.6452449037581256;-1.0551661090793654;-1.2893389161857;-1.1272421221129856;-0.8264953379259854
12348;-0.37071988162709335;0.6337903058211707;0.005908974450857535;0.06219227988030119;-0.4716767768116799;0.12683297727113388;1.0491164304813922;0.21670770598860736
12350;-0.463353072854764;-0.5869986295364781;-0.5702160345077543;-0.6452449037581256;-0.22160992012552902;-0.581252969457283;-0.5831524839643911;-0.3628495406306108
12356;-0.23815411330502564;-0.3597240936986179;0.6972589852011917;-0.6452449037581256;-0.05489868233476177;0.48087595063534233;-0.03906284581579663;0.21670770598860736
12359;-0.7483590491652422;-0.16491734869473781;-0.28215353002844834;-0.6452449037581256;-0.888454871288598;-0.9352959428214915;-0.8551973030386884;-0.8264953379259854
12370;2.2740390661456367;3.257187805206756;2.3680215111811656;0.06219227988030119;2.5291255034221307;1.5430048707279678;1.8652508877042842;1.3758221992270436
12373;-0.8269573777482391;-0.5805050713696821;-0.45499103271603186;-0.6452449037581256;-0.7217436334978308;-0.9352959428214915;-0.8551973030386884;-0.7105838886021417
12383;1.3706486638784876;0.4779449098180666;1.6766715004308317;1.4770666471571545;2.1123474089452126;1.5430048707279678;2.681385344927176;1.3758221992270436
12386;-0.7915775758556153;-0.625959978537254;-0.6278285354036154;0.06219227988030119;-0.6383880146024472;-0.581252969457283;-0.3111076648900939;-0.3628495406306108
12388;-0.6959023867271447;-0.5610243968692941;-0.166928528236726;-0.6452449037581256;-0.30496553902091267;0.8349189239995508;0.23298197325850062;-0.942406787249829
12393;-0.07547709231676517;0.04937007080953031;-0.22454102913258717;0.06219227988030119;-0.05489868233476177;0.48087595063534233;0.23298197325850062;-0.015115192659079922
12395;-0.3575015081574897;-0.3272563028646379;0.5244214825136081;0.769629463518728;0.028456936560621857;0.12683297727113388;0.7770716114070951;-0.015115192659079922
12402;-0.7933617895769571;-0.6129728622036621;-0.5702160345077543;-0.6452449037581256;-0.6383880146024472;-0.581252969457283;-0.5831524839643911;-0.3628495406306108
12410;0.06113261241071757;-0.2882949538638619;0.12113397624257989;-0.6452449037581256;0.028456936560621857;0.48087595063534233;0.23298197325850062;-0.594672439278298
12413;0.3570103951053941;0.9584682141609707;0.005908974450857535;0.06219227988030119;-0.30496553902091267;-0.22720999609307457;-0.03906284581579663;0.332619155312451
12414;-0.7842502171163838;-0.6779084438716221;-0.8582785389870601;0.06219227988030119;-0.6383880146024472;-0.22720999609307457;-0.3111076648900939;-0.942406787249829
12415;0.29849717392468406;0.3740479791493305;0.9853214896804975;0.769629463518728;0.8620131255144581;0.8349189239995508;0.5050267923327979;0.5644420539601382
12417;-0.23095640394865147;0.2961252811477785;0.40919648072188575;0.769629463518728;0.11181255545600548;0.48087595063534233;1.3211612495556897;0.21670770598860736
12421;-0.20959964578822626;-0.6129728622036621;-0.6278285354036154;-0.6452449037581256;-0.6383880146024472;-0.22720999609307457;-0.3111076648900939;-0.13102664198292355
12422;-0.6552821691238111;-0.06751397619279775;-0.5702160345077543;0.06219227988030119;-0.3883211579162963;-0.22720999609307457;-0.5831524839643911;-0.4787609899544545
12423;-0.7072549817999714;-0.6129728622036621;-0.3397660309243095;-0.6452449037581256;-0.4716767768116799;-0.22720999609307457;-0.3111076648900939;-0.2469380913067672
12427;-0.435543680590233;0.3805415373161265;-0.45499103271603186;0.06219227988030119;-0.888454871288598;0.12683297727113388;-0.03906284581579663;-0.3628495406306108
12429;0.13998572738705883;0.14027988514467438;-0.22454102913258717;-0.6452449037581256;-0.30496553902091267;-0.22720999609307457;-0.3111076648900939;-0.3628495406306108
12431;1.4985145836863834;-0.35323053553182193;0.17874647713844105;2.184503830795581;1.528858076677527;0.48087595063534233;1.3211612495556897;0.5644420539601382
12434;-1.0541559354772148;-0.625959978537254;-1.0311160416746437;-0.6452449037581256;-1.0551661090793654;-1.2893389161857;-1.1272421221129856;-0.8264953379259854
12437;0.07368225396318501;-0.5545308387024981;-0.3397660309243095;0.769629463518728;0.028456936560621857;-0.22720999609307457;0.23298197325850062;-0.7105838886021417
12441;-0.3856404287170494;-0.6194664203704581;-0.800666038091199;0.06219227988030119;-0.22160992012552902;-0.9352959428214915;-0.8551973030386884;-0.2469380913067672
12464;-0.6181303978030795;-0.6584277693712342;-0.9158910398829213;-0.6452449037581256;-0.6383880146024472;-0.9352959428214915;-0.8551973030386884;-0.7105838886021417
12468;-0.4243359985628103;-0.5545308387024981;-0.6278285354036154;-0.6452449037581256;-0.5550323957070635;0.12683297727113388;-0.03906284581579663;-0.7105838886021417
12474;1.9751627577956214;0.7376872364899068;-0.05170352644500364;2.891941014434008;1.112079982200609;-0.22720999609307457;1.0491164304813922;0.6803535032839819
12476;0.357392295278637;1.237691215333199;0.005908974450857535;0.06219227988030119;-0.05489868233476177;0.8349189239995508;0.23298197325850062;0.10079625666476372
12477;-0.9693052979350407;-0.7103762347056022;-1.0887285425705049;-0.6452449037581256;-0.9718104901839817;-1.2893389161857;-1.1272421221129856;-0.942406787249829
12480;-0.3787502279458002;-0.39219188453259796;1.0429339905763586;-0.6452449037581256;0.028456936560621857;1.1889618973637592;0.5050267923327979;0.6803535032839819
12483;-0.5909019505440424;-0.548037280535702;-0.3973785318201707;-0.6452449037581256;-0.6383880146024472;-0.22720999609307457;-0.3111076648900939;-0.8264953379259854
12484;1.6725874217689556;2.0948408933502716;3.116984022827361;-0.6452449037581256;1.7789249333636779;2.251090817456385;1.0491164304813922;3.3463168377323855
12489;-0.7680213322629823;-0.41167255903298594;-0.3973785318201707;-0.6452449037581256;-0.6383880146024472;0.48087595063534233;0.23298197325850062;-0.3628495406306108
12490;0.2550238816929648;-0.3272563028646379;0.8700964878887751;-0.6452449037581256;0.6953018877236908;1.5430048707279678;0.7770716114070951;0.6803535032839819
12494;-0.8723315297781955;-0.6649213275380301;-0.800666038091199;1.4770666471571545;-0.7217436334978308;-0.22720999609307457;0.23298197325850062;-0.594672439278298
12500;-1.0325908825382193;-0.6908955602052141;-0.9158910398829213;-0.6452449037581256;-0.888454871288598;-1.6433818895499084;-1.3992869411872828;-0.7105838886021417
12502;1.0621179346627783;0.036382954475938305;-0.166928528236726;-0.6452449037581256;0.6119462688283073;-0.22720999609307457;-0.3111076648900939;0.5644420539601382
12503;-1.0681751924865739;-0.7168697928723982;-1.146341043466366;-0.6452449037581256;-1.0551661090793654;-1.6433818895499084;-1.3992869411872828;-1.0583182365736727
12510;-0.4513496785830935;0.6792452129887426;0.17874647713844105;-0.6452449037581256;-0.1382543012301454;0.8349189239995508;0.23298197325850062;-0.015115192659079922
12515;-0.4200080496036334;-0.10647532519357378;-0.28215353002844834;-0.6452449037581256;-0.8050992523932144;-0.9352959428214915;-0.8551973030386884;-0.7105838886021417
12523;-0.862095204715099;-0.541543722368906;-0.800666038091199;-0.6452449037581256;-0.888454871288598;-0.22720999609307457;-0.5831524839643911;-0.4787609899544545
12524;-0.8117817523369668;-0.574011513202886;-0.28215353002844834;0.06219227988030119;-0.7217436334978308;-0.22720999609307457;-0.3111076648900939;0.10079625666476372
12527;-0.29807558251246963;2.0299053116823114;-0.6278285354036154;-0.6452449037581256;-0.6383880146024472;-0.581252969457283;-0.5831524839643911;-0.942406787249829
12528;0.8731698859043339;-0.09998176702677777;-0.28215353002844834;-0.6452449037581256;0.6953018877236908;0.12683297727113388;-0.03906284581579663;0.332619155312451
12530;-0.4220614793009458;-0.16491734869473781;-0.512603533611893;-0.6452449037581256;-0.4716767768116799;0.48087595063534233;-0.03906284581579663;-0.942406787249829
12540;0.9320631764528611;1.289639680667567;1.8495090031184152;1.4770666471571545;1.528858076677527;1.1889618973637592;1.8652508877042842;1.0280878512555127
12551;-0.3690638743303462;-0.6129728622036621;-0.800666038091199;-0.6452449037581256;-0.3883211579162963;-0.581252969457283;-0.5831524839643911;-0.7105838886021417
12553;-0.2797628574078509;-0.1324495578607578;0.8700964878887751;0.769629463518728;0.028456936560621857;1.8970478440921763;1.3211612495556897;0.10079625666476372
12557;-0.9323901759397804;-0.6584277693712342;-0.7430535371953377;0.769629463518728;-0.8050992523932144;-1.6433818895499084;-1.3992869411872828;-0.4787609899544545
12559;0.21766664312459397;0.1597605596450624;-0.3397660309243095;0.06219227988030119;-0.22160992012552902;-0.22720999609307457;-0.3111076648900939;-0.13102664198292355
12574;-0.37479533791270775;0.5104127006520466;-0.5702160345077543;-0.6452449037581256;-0.7217436334978308;0.48087595063534233;0.23298197325850062;-0.2469380913067672
12577;1.7731053956875908;5.614349419753705;1.9071215040142764;-0.6452449037581256;1.6122136955729107;0.48087595063534233;0.23298197325850062;1.3758221992270436
12578;1.4921512962233718;0.0298893963091423;1.503833997743248;1.4770666471571545;2.195703027840596;1.1889618973637592;0.7770716114070951;2.4190252431416366
12583;0.3095928265075719;0.28313816481418647;1.1005464914722198;0.06219227988030119;0.11181255545600548;1.1889618973637592;1.593206068629987;0.332619155312451
12585;0.858285879855699;0.6532709803215586;2.0799590067018596;0.06219227988030119;1.0287243633052254;1.8970478440921763;0.7770716114070951;1.607645097874731
12586;-1.0632763491849464;-0.7168697928723982;-1.146341043466366;-0.6452449037581256;-1.0551661090793654;-1.6433818895499084;-1.3992869411872828;-1.0583182365736727
12591;1.0086350745055752;0.30261883931457445;-0.10931602734086482;-0.6452449037581256;0.6119462688283073;0.12683297727113388;-0.03906284581579663;-0.13102664198292355
12594;-0.7398908442514198;0.12729276881108237;-0.512603533611893;-0.6452449037581256;-0.7217436334978308;-0.22720999609307457;-0.3111076648900939;-0.7105838886021417
12600;-0.7046483611065232;-0.6194664203704581;-0.45499103271603186;1.4770666471571545;-0.4716767768116799;-0.581252969457283;-0.3111076648900939;-0.015115192659079922
12601;-0.8220032849926715;-0.6649213275380301;-0.6854410362994766;-0.6452449037581256;-0.8050992523932144;-0.22720999609307457;-0.3111076648900939;-0.4787609899544545
12605;-0.9374070165277743;-0.7038826765388061;-1.0311160416746437;-0.6452449037581256;-0.9718104901839817;-1.2893389161857;-1.1272421221129856;-1.0583182365736727
12609;-0.8887105948916998;-0.59998574587007;-0.3973785318201707;-0.6452449037581256;-0.8050992523932144;-0.9352959428214915;-0.8551973030386884;-0.7105838886021417
12621;0.1167189095268724;0.036382954475938305;0.4668089816177469;0.769629463518728;0.5285906499329236;0.48087595063534233;1.0491164304813922;0.332619155312451
12625;1.7488570659400449;0.48443846798486256;1.0429339905763586;0.769629463518728;0.8620131255144581;0.48087595063534233;0.5050267923327979;1.607645097874731
12626;1.34123640771935;3.05588750203608;1.9071215040142764;2.184503830795581;1.6955693144682942;1.5430048707279678;2.409340525852879;1.2599107499032
12637;0.9900341664475917;0.08833141981030633;1.9071215040142764;0.06219227988030119;1.0287243633052254;1.5430048707279678;1.3211612495556897;1.9553794458462619
12643;-1.0447430933493222;-0.7103762347056022;-1.0887285425705049;-0.6452449037581256;-1.0551661090793654;-1.6433818895499084;-1.3992869411872828;-0.942406787249829
12645;0.004115084195616848;-0.22335937219590185;-0.45499103271603186;-0.6452449037581256;-0.4716767768116799;0.48087595063534233;0.23298197325850062;-0.015115192659079922
12647;0.7752376222955376;0.6792452129887426;0.9277089887846364;1.4770666471571545;1.1954356010959926;1.5430048707279678;1.593206068629987;0.7962649526078255
12649;-1.063516655950869;-0.7103762347056022;-1.0887285425705049;-0.6452449037581256;-1.0551661090793654;-1.2893389161857;-1.1272421221129856;-0.942406787249829
12651;-0.023420437926986698;0.9324939814937867;-0.7430535371953377;-0.6452449037581256;-0.5550323957070635;-0.22720999609307457;-0.3111076648900939;-0.594672439278298
12652;0.25248394151876846;0.3740479791493305;1.3886089959515258;0.769629463518728;1.0287243633052254;1.5430048707279678;1.3211612495556897;1.0280878512555127
12662;0.3648790967354895;0.23768325764661444;0.5820339834094693;0.06219227988030119;0.1951681743513891;0.8349189239995508;1.3211612495556897;0.7962649526078255
12664;-0.7426164089119446;-0.6908955602052141;-0.9735035407787824;-0.6452449037581256;-0.7217436334978308;-0.9352959428214915;-0.8551973030386884;-0.8264953379259854
12665;-1.0205086510324541;-0.6129728622036621;-0.9735035407787824;0.06219227988030119;-0.9718104901839817;-1.2893389161857;-1.1272421221129856;-0.942406787249829
12666;-1.0544410490164715;-0.7103762347056022;-1.0887285425705049;-0.6452449037581256;-0.9718104901839817;-1.2893389161857;-1.1272421221129856;-0.942406787249829
12668;2.11372680352585;0.6662580966551507;1.6766715004308317;0.06219227988030119;2.0289917900498287;0.8349189239995508;1.593206068629987;1.4917336485508874
12672;-0.9357894519745674;-0.6584277693712342;-0.6278285354036154;-0.6452449037581256;-0.888454871288598;-0.9352959428214915;-0.8551973030386884;-0.594672439278298
12673;-0.316210623571604;-0.496088815201334;-0.166928528236726;-0.6452449037581256;-0.22160992012552902;-0.22720999609307457;-0.3111076648900939;-0.2469380913067672
12676;-0.4733654349479817;-0.6389470948708461;-0.6854410362994766;-0.6452449037581256;-0.30496553902091267;-0.581252969457283;-0.5831524839643911;-0.594672439278298
12678;-0.9697253197310546;-0.6844020020384182;-0.9158910398829213;-0.6452449037581256;-0.888454871288598;-0.581252969457283;-0.5831524839643911;-1.0583182365736727
12686;-0.6125534058220122;-0.6649213275380301;-0.9158910398829213;-0.6452449037581256;-0.6383880146024472;-0.9352959428214915;-0.8551973030386884;-0.942406787249829
12691;-0.4373950210635843;-0.59998574587007;-0.3397660309243095;1.4770666471571545;-0.4716767768116799;-0.9352959428214915;-0.3111076648900939;-0.13102664198292355
12693;-0.32046387233309237;-0.6129728622036621;-0.7430535371953377;-0.6452449037581256;-0.8050992523932144;-0.581252969457283;-0.5831524839643911;-0.8264953379259854
12705;-0.2822134134073567;-0.489595257034538;0.3515839798260246;-0.6452449037581256;-0.05489868233476177;0.12683297727113388;-0.3111076648900939;-0.015115192659079922
12708;0.2631906167602873;0.3805415373161265;0.12113397624257989;0.769629463518728;0.6119462688283073;0.48087595063534233;0.7770716114070951;-0.015115192659079922
12709;0.3277654261855308;0.5753482823200067;0.5244214825136081;1.4770666471571545;0.1951681743513891;1.1889618973637592;2.409340525852879;0.7962649526078255
12712;0.7114123045757422;-0.3012820701974539;0.9853214896804975;3.5993781980724346;1.112079982200609;0.8349189239995508;1.593206068629987;0.7962649526078255
12720;1.989377543990366;0.7376872364899068;1.3886089959515258;0.769629463518728;1.0287243633052254;1.8970478440921763;2.1372957067785814;1.9553794458462619
12721;-0.13872989340866468;0.21170902497943042;-0.3397660309243095;0.06219227988030119;-0.30496553902091267;0.48087595063534233;-0.03906284581579663;-0.015115192659079922
12724;-0.8387788842116254;-0.6389470948708461;-0.6278285354036154;-0.6452449037581256;-0.5550323957070635;-0.581252969457283;-0.5831524839643911;-0.3628495406306108
12725;0.9742801483153825;4.439015391563629;-0.10931602734086482;0.06219227988030119;0.028456936560621857;0.8349189239995508;0.23298197325850062;-0.13102664198292355
12726;-0.23375517580380684;-0.45063390803376197;0.005908974450857535;0.06219227988030119;0.1951681743513891;1.1889618973637592;1.3211612495556897;0.10079625666476372
12727;-0.653389449945599;-0.625959978537254;-0.5702160345077543;-0.6452449037581256;-0.4716767768116799;0.12683297727113388;-0.03906284581579663;-0.3628495406306108
12728;-0.8032927371291256;-0.1584237905279418;-0.5702160345077543;-0.6452449037581256;-0.5550323957070635;-0.22720999609307457;-0.3111076648900939;-0.594672439278298
12734;-1.0271207028317832;-0.6908955602052141;-0.9735035407787824;-0.6452449037581256;-0.9718104901839817;-1.2893389161857;-1.1272421221129856;-0.8264953379259854
12735;0.32103864252272424;-0.3012820701974539;0.8700964878887751;0.06219227988030119;0.36187941214215635;0.8349189239995508;1.3211612495556897;0.4485306046362946
12736;-1.0037311334296828;-0.5610243968692941;-0.9735035407787824;-0.6452449037581256;-1.0551661090793654;-1.2893389161857;-1.1272421221129856;-0.8264953379259854
12738;-0.2746089941705015;-0.6129728622036621;-0.8582785389870601;-0.6452449037581256;-0.4716767768116799;-1.2893389161857;-1.1272421221129856;-0.4787609899544545
12747;-0.2908942378041376;0.6467774221547626;-0.05170352644500364;0.769629463518728;-0.30496553902091267;0.8349189239995508;0.7770716114070951;-0.2469380913067672
12753;0.014703920625953973;0.1597605596450624;1.2733839941598033;0.06219227988030119;0.5285906499329236;0.12683297727113388;-0.3111076648900939;1.1439993005793565
12754;0.6151072266320373;-0.29478851203065787;0.3515839798260246;-0.6452449037581256;0.27852379324677273;0.8349189239995508;0.5050267923327979;0.10079625666476372
12755;-1.0504855000602422;-0.7103762347056022;-1.146341043466366;-0.6452449037581256;-1.0551661090793654;-1.6433818895499084;-1.3992869411872828;-0.942406787249829
12763;-0.6201404970485171;-0.47011458253415;-0.45499103271603186;0.06219227988030119;-0.4716767768116799;-0.581252969457283;-0.5831524839643911;-0.2469380913067672
12764;1.350079485683084;0.6857387711555387;0.40919648072188575;-0.6452449037581256;1.1954356010959926;0.8349189239995508;0.23298197325850062;0.6803535032839819
12766;1.0370107194577984;0.30261883931457445;3.0593715219315;0.769629463518728;1.1954356010959926;1.8970478440921763;1.8652508877042842;2.4190252431416366
12775;-0.48142489899671637;-0.53505016420211;-0.6278285354036154;0.06219227988030119;-0.5550323957070635;-0.22720999609307457;-0.3111076648900939;-0.3628495406306108
12778;-0.802171742056645;-0.6584277693712342;-0.6854410362994766;-0.6452449037581256;-0.888454871288598;-0.9352959428214915;-0.8551973030386884;-0.7105838886021417
12779;0.004346624781573972;-0.08699465069318577;0.9277089887846364;0.769629463518728;0.11181255545600548;0.48087595063534233;0.23298197325850062;0.7962649526078255
12782;0.8873305444826314;0.3935286536497185;1.3309964950556645;1.4770666471571545;1.528858076677527;0.8349189239995508;1.3211612495556897;0.7962649526078255
12785;-0.6940930046441987;-0.6129728622036621;-0.3973785318201707;-0.6452449037581256;-0.4716767768116799;-0.581252969457283;-0.5831524839643911;-0.7105838886021417
12791;-1.0105960699201373;-0.7103762347056022;-1.0887285425705049;-0.6452449037581256;-0.9718104901839817;-1.2893389161857;-1.1272421221129856;-0.942406787249829
12793;-0.0227197357264938;-0.3272563028646379;-0.05170352644500364;0.06219227988030119;-0.22160992012552902;0.8349189239995508;0.23298197325850062;0.332619155312451
12797;-0.8762189385753122;-0.6064793040368661;-0.22454102913258717;0.06219227988030119;-0.5550323957070635;-0.22720999609307457;0.23298197325850062;-0.13102664198292355
12808;-0.8278780184829937;-0.041539743525613744;-0.8582785389870601;-0.6452449037581256;-0.7217436334978308;-0.581252969457283;-0.5831524839643911;-0.8264953379259854
12820;-0.777869589131823;-0.028552627192021732;-0.5702160345077543;-0.6452449037581256;-0.7217436334978308;0.12683297727113388;-0.3111076648900939;-0.7105838886021417
12826;2.3556418173290115;1.3091203551679549;0.40919648072188575;0.769629463518728;1.4455024577821434;0.48087595063534233;2.1372957067785814;0.5644420539601382
12829;-0.5960826628140359;-0.6064793040368661;-0.512603533611893;0.769629463518728;-0.6383880146024472;-0.22720999609307457;0.23298197325850062;-0.4787609899544545
12836;0.31788946535212753;0.7506743528234987;0.40919648072188575;0.06219227988030119;0.44523503103754;0.8349189239995508;0.23298197325850062;0.9121764019316692
12838;1.3702609168050008;2.4130252435232755;1.2733839941598033;-0.6452449037581256;1.1954356010959926;2.605133790820593;1.593206068629987;1.2599107499032
12839;0.6776440618608971;-0.028552627192021732;0.4668089816177469;0.769629463518728;0.7786575066190745;0.8349189239995508;0.5050267923327979;0.332619155312451
12842;-0.00945160938962671;-0.6064793040368661;-0.6854410362994766;-0.6452449037581256;-0.3883211579162963;-0.9352959428214915;-0.8551973030386884;-0.13102664198292355
12853;-0.19185444117277928;-0.444140349866966;-0.10931602734086482;0.06219227988030119;-0.1382543012301454;0.48087595063534233;0.7770716114070951;0.332619155312451
12854;1.0334282836428486;-0.42465967536657795;0.06352147534671872;0.06219227988030119;0.7786575066190745;-0.22720999609307457;-0.3111076648900939;0.332619155312451
12855;-0.6770817903588754;-0.6779084438716221;-1.0887285425705049;-0.6452449037581256;-0.888454871288598;-1.6433818895499084;-1.3992869411872828;-0.8264953379259854
12865;-0.9636489223975307;-0.7103762347056022;-1.146341043466366;-0.6452449037581256;-1.0551661090793654;-1.6433818895499084;-1.3992869411872828;-1.0583182365736727
12867;0.5741334842543596;1.270159006167179;1.503833997743248;0.06219227988030119;0.8620131255144581;0.48087595063534233;0.23298197325850062;0.7962649526078255
12868;1.5532417618027268;-0.06751397619279775;0.9277089887846364;0.769629463518728;0.44523503103754;0.8349189239995508;1.3211612495556897;0.7962649526078255
12870;-1.0477202248546977;-0.7103762347056022;-1.0887285425705049;-0.6452449037581256;-1.0551661090793654;-1.6433818895499084;-1.3992869411872828;-0.942406787249829
12872;0.9255948699870472;1.159768517331647;1.9647340049101374;0.06219227988030119;1.4455024577821434;1.5430048707279678;1.8652508877042842;2.0712908951701055
12875;-1.0722794912558424;-0.7168697928723982;-1.146341043466366;-0.6452449037581256;-1.0551661090793654;-1.6433818895499084;-1.3992869411872828;-1.0583182365736727
12877;-0.48427796111390337;-0.59998574587007;-0.512603533611893;0.06219227988030119;-0.22160992012552902;-0.22720999609307457;-0.03906284581579663;0.10079625666476372
12908;-0.965317082238721;-0.7103762347056022;-1.0887285425705049;-0.6452449037581256;-1.0551661090793654;-1.6433818895499084;-1.3992869411872828;-1.0583182365736727
12913;-1.0337358490676178;-0.6973891183720101;-0.9735035407787824;-0.6452449037581256;-0.9718104901839817;-0.9352959428214915;-0.8551973030386884;-0.942406787249829
12915;-0.5344773864260911;-0.483101698867742;-0.6278285354036154;-0.6452449037581256;-0.5550323957070635;-0.22720999609307457;-0.3111076648900939;-0.594672439278298
12916;0.7987817842405209;0.43249000265049453;0.4668089816177469;0.06219227988030119;0.44523503103754;0.8349189239995508;0.23298197325850062;0.6803535032839819
12921;1.733679826584126;1.8350985666784312;1.0429339905763586;0.769629463518728;1.3621468388867597;1.1889618973637592;1.8652508877042842;1.3758221992270436
12924;-1.0630068996665982;-0.7038826765388061;-1.0887285425705049;-0.6452449037581256;-1.0551661090793654;-1.2893389161857;-1.1272421221129856;-1.0583182365736727
12928;-0.915992602592838;-0.5869986295364781;-0.28215353002844834;-0.6452449037581256;-0.4716767768116799;0.48087595063534233;-0.03906284581579663;-0.015115192659079922
12929;-0.6585312273648989;-0.6389470948708461;-0.8582785389870601;-0.6452449037581256;-0.7217436334978308;-0.9352959428214915;-0.8551973030386884;-0.7105838886021417
12931;-1.0611993650706764;-0.7103762347056022;-1.0887285425705049;0.06219227988030119;-0.9718104901839817;-1.2893389161857;-1.1272421221129856;-0.942406787249829
12935;2.703257752654988;-0.40517900086618996;0.3515839798260246;-0.6452449037581256;-0.9718104901839817;0.48087595063534233;-0.03906284581579663;-0.13102664198292355
12939;-0.9630757843800938;-0.6064793040368661;-0.8582785389870601;-0.6452449037581256;-0.9718104901839817;-0.9352959428214915;-0.8551973030386884;-0.8264953379259854
12942;-0.6925023016348345;-0.489595257034538;-0.3397660309243095;-0.6452449037581256;-0.5550323957070635;-0.22720999609307457;-0.3111076648900939;-0.13102664198292355
12944;-0.5623181901404317;-0.45063390803376197;-0.512603533611893;0.06219227988030119;-0.5550323957070635;-0.22720999609307457;-0.5831524839643911;-0.594672439278298
12947;1.205769505083872;-0.3727112100322099;-0.05170352644500364;2.184503830795581;0.9453687444098418;0.12683297727113388;1.0491164304813922;0.21670770598860736
12951;-0.6405264695893617;-0.541543722368906;-0.05170352644500364;0.06219227988030119;-0.6383880146024472;-0.22720999609307457;-0.03906284581579663;-0.015115192659079922
12956;0.295125922975229;-0.496088815201334;-0.512603533611893;-0.6452449037581256;0.028456936560621857;-0.22720999609307457;-0.3111076648900939;-0.4787609899544545
12957;-0.5021752893956681;-0.26881427936347385;0.5244214825136081;0.06219227988030119;-0.05489868233476177;0.48087595063534233;0.23298197325850062;-0.13102664198292355
12963;-0.6318168569241215;-0.40517900086618996;-0.28215353002844834;0.06219227988030119;-0.6383880146024472;-0.22720999609307457;-0.3111076648900939;-0.8264953379259854
12967;-0.3308788865079776;-0.574011513202886;-0.3397660309243095;0.769629463518728;-0.30496553902091267;-0.581252969457283;-0.03906284581579663;-0.4787609899544545
12970;-0.8270741739595201;-0.3856983263658019;-0.7430535371953377;-0.6452449037581256;-0.9718104901839817;-0.581252969457283;-0.5831524839643911;-0.7105838886021417
12971;0.9162269889372744;0.2506703739802064;0.9853214896804975;9.258875667179849;1.4455024577821434;1.8970478440921763;2.9534301640014733;0.5644420539601382
12980;-0.5089485438212507;0.21170902497943042;-0.8582785389870601;0.769629463518728;-0.8050992523932144;-0.581252969457283;-0.03906284581579663;-0.8264953379259854
12989;-0.995319771062449;-0.7103762347056022;-1.0887285425705049;0.06219227988030119;-0.9718104901839817;-1.2893389161857;-1.1272421221129856;-1.0583182365736727
12990;-0.8702238807156449;-0.6973891183720101;-1.0311160416746437;-0.6452449037581256;-0.9718104901839817;-1.6433818895499084;-1.3992869411872828;-0.942406787249829
12997;-0.6741171783931081;-0.1454366741943498;-0.3397660309243095;0.06219227988030119;-0.5550323957070635;0.12683297727113388;-0.3111076648900939;-0.2469380913067672
13000;-0.6574413017694605;-0.6454406530376421;-0.6854410362994766;-0.6452449037581256;-0.4716767768116799;0.12683297727113388;-0.03906284581579663;-0.8264953379259854
13001;0.012622090507345344;0.1662541178118584;0.4668089816177469;0.06219227988030119;0.7786575066190745;1.5430048707279678;1.3211612495556897;0.7962649526078255
13002;-0.6682846243243704;-0.6649213275380301;-0.9158910398829213;-0.6452449037581256;-0.7217436334978308;-0.9352959428214915;-0.8551973030386884;-0.942406787249829
13004;1.5463413435524502;0.7961292599910708;1.3886089959515258;0.769629463518728;1.9456361711544452;1.1889618973637592;1.3211612495556897;1.9553794458462619
13008;-0.09090124852197726;-0.45063390803376197;-0.3397660309243095;0.06219227988030119;-0.4716767768116799;-0.22720999609307457;-0.03906284581579663;-0.8264953379259854
13011;-0.9726710731498172;-0.6129728622036621;-1.0311160416746437;-0.6452449037581256;-0.888454871288598;-0.9352959428214915;-0.8551973030386884;-0.8264953379259854
13013;1.426307901283698;0.30261883931457445;1.6190589995349705;-0.6452449037581256;1.1954356010959926;0.8349189239995508;0.23298197325850062;1.0280878512555127
13021;-0.27281445453974273;-0.19089158136192183;-0.7430535371953377;0.06219227988030119;-0.6383880146024472;-0.9352959428214915;-0.5831524839643911;-0.7105838886021417
13027;-0.9249782414966002;-0.6194664203704581;-0.8582785389870601;-0.6452449037581256;-0.8050992523932144;-0.581252969457283;-0.5831524839643911;-0.942406787249829
13029;-1.0684554433398938;-0.7168697928723982;-1.146341043466366;-0.6452449037581256;-1.0551661090793654;-1.6433818895499084;-1.3992869411872828;-1.0583182365736727
13030;0.03251901696834723;0.7441807946567027;1.8495090031184152;-0.6452449037581256;0.1951681743513891;1.1889618973637592;0.5050267923327979;1.607645097874731
13033;-0.8211567605996609;-0.6454406530376421;-0.5702160345077543;-0.6452449037581256;-0.7217436334978308;-0.581252969457283;-0.8551973030386884;-0.594672439278298
13034;-0.9720911624034251;-0.47011458253415;-0.6278285354036154;-0.6452449037581256;-0.8050992523932144;-0.581252969457283;-0.5831524839643911;-0.8264953379259854
13047;0.3212407609394824;0.41300932815010655;0.6972589852011917;0.769629463518728;1.0287243633052254;0.8349189239995508;1.3211612495556897;1.0280878512555127
13048;0.30046111935771536;2.887054989699384;0.6396464843053304;-0.6452449037581256;0.27852379324677273;0.12683297727113388;-0.3111076648900939;0.5644420539601382
13049;-0.9573822464117218;-0.625959978537254;-0.800666038091199;-0.6452449037581256;-0.888454871288598;-0.581252969457283;-0.5831524839643911;-0.4787609899544545
13064;-0.9763426262338833;-0.6519342112044381;-0.6854410362994766;-0.6452449037581256;-1.0551661090793654;-0.9352959428214915;-0.8551973030386884;-0.7105838886021417
13065;-0.38484211414344927;-0.548037280535702;-0.512603533611893;0.06219227988030119;-0.5550323957070635;-0.581252969457283;-0.5831524839643911;-0.3628495406306108
13068;-1.0724171144427408;-0.7168697928723982;-1.146341043466366;-0.6452449037581256;-1.0551661090793654;-1.6433818895499084;-1.3992869411872828;-0.942406787249829
13069;3.0320877226109983;1.0039231213285429;4.384459042536307;2.184503830795581;4.529660356911338;1.8970478440921763;1.8652508877042842;3.925874084351604
13077;-0.3341342003484699;0.23768325764661444;-0.45499103271603186;-0.6452449037581256;-0.8050992523932144;-0.581252969457283;-0.5831524839643911;-0.4787609899544545
13078;0.7894226526891152;1.9325019391803713;1.3886089959515258;4.306815381710861;0.8620131255144581;0.48087595063534233;1.3211612495556897;0.7962649526078255
13082;-0.6089113124407415;-0.6649213275380301;-0.9735035407787824;-0.6452449037581256;-0.6383880146024472;-1.2893389161857;-1.1272421221129856;-0.7105838886021417
13090;-0.4450671550787931;-0.50258237336813;-0.45499103271603186;2.184503830795581;-0.3883211579162963;0.12683297727113388;0.5050267923327979;-0.7105838886021417
13092;-0.9337300210722262;-0.6714148857048261;-0.800666038091199;-0.6452449037581256;-0.8050992523932144;0.12683297727113388;-0.3111076648900939;-0.7105838886021417
13094;-0.8785627281745821;-0.5545308387024981;-0.9158910398829213;0.769629463518728;-0.8050992523932144;-0.581252969457283;-0.3111076648900939;-0.942406787249829
13097;0.4140112792556794;1.0948329356636868;1.3886089959515258;0.06219227988030119;0.36187941214215635;1.5430048707279678;1.593206068629987;1.8394679965224183
13098;-0.06145711799867427;-0.5610243968692941;-0.166928528236726;0.06219227988030119;0.028456936560621857;0.48087595063534233;-0.03906284581579663;-0.13102664198292355
13102;2.8394188850307747;0.3740479791493305;2.137571507597721;4.306815381710861;3.3626816923759666;1.1889618973637592;3.2254749830757707;2.6508481417893237
13104;-1.0236985062807782;-0.7168697928723982;-1.146341043466366;-0.6452449037581256;-1.0551661090793654;-1.6433818895499084;-1.3992869411872828;-0.942406787249829
13107;0.2236284295362286;0.24417681581341044;0.06352147534671872;0.06219227988030119;-0.30496553902091267;0.8349189239995508;0.7770716114070951;-0.13102664198292355
13108;-0.8154868020706442;0.9195068651601948;-0.6278285354036154;-0.6452449037581256;-0.888454871288598;-0.22720999609307457;-0.3111076648900939;-1.0583182365736727
13110;-0.6267671535872558;-0.3856983263658019;-0.3973785318201707;-0.6452449037581256;-0.4716767768116799;-0.581252969457283;-0.5831524839643911;-0.2469380913067672
13115;-0.9549404607625811;-0.6649213275380301;-1.0887285425705049;0.06219227988030119;-0.9718104901839817;-1.2893389161857;-1.1272421221129856;-1.0583182365736727
13117;-0.0681595173350024;-0.1454366741943498;0.4668089816177469;0.769629463518728;-0.1382543012301454;0.8349189239995508;0.23298197325850062;-0.015115192659079922
13124;0.959129620368921;-0.22985293036269785;1.446221496847387;0.06219227988030119;1.3621468388867597;0.48087595063534233;-0.03906284581579663;1.0280878512555127
13126;-0.016298575628191796;-0.24933360486308587;0.4668089816177469;0.769629463518728;0.36187941214215635;0.8349189239995508;1.593206068629987;0.332619155312451
13136;-0.9694931535851569;-0.7038826765388061;-1.0311160416746437;-0.6452449037581256;-0.888454871288598;-0.9352959428214915;-0.8551973030386884;-0.942406787249829
13137;2.1018414941189376;-0.21686581402910585;0.17874647713844105;-0.6452449037581256;1.6122136955729107;0.48087595063534233;0.23298197325850062;0.6803535032839819
13138;-0.3691577166622123;-0.5869986295364781;-0.6278285354036154;0.06219227988030119;-0.5550323957070635;-0.581252969457283;-0.8551973030386884;-0.594672439278298
13140;-0.7484572870982898;-0.489595257034538;-0.28215353002844834;-0.6452449037581256;-0.8050992523932144;-0.581252969457283;-0.5831524839643911;-0.2469380913067672
13141;0.43859302828108365;0.003915163641958286;0.3515839798260246;0.769629463518728;0.1951681743513891;0.8349189239995508;0.5050267923327979;0.10079625666476372
13144;-1.0527719466649712;-0.7038826765388061;-1.0311160416746437;-0.6452449037581256;-1.0551661090793654;-1.2893389161857;-1.3992869411872828;-0.8264953379259854
13145;-1.065313672798992;-0.7168697928723982;-1.146341043466366;-0.6452449037581256;-1.0551661090793654;-1.6433818895499084;-1.3992869411872828;-0.942406787249829
13155;1.5415440453107556;0.3415801883153505;1.158158992368081;0.769629463518728;2.0289917900498287;1.1889618973637592;0.5050267923327979;1.1439993005793565
13158;0.47053006521186047;-0.2882949538638619;-0.28215353002844834;-0.6452449037581256;0.1951681743513891;0.12683297727113388;-0.03906284581579663;-0.3628495406306108
13161;-0.8481791817775121;-0.6649213275380301;-0.7430535371953377;-0.6452449037581256;-0.9718104901839817;-0.9352959428214915;-0.8551973030386884;-0.8264953379259854
13162;0.535830932867183;-0.0025783945248377175;0.4668089816177469;0.06219227988030119;0.9453687444098418;0.12683297727113388;-0.3111076648900939;0.332619155312451
13165;-0.6896262689566344;-0.6129728622036621;-0.45499103271603186;-0.6452449037581256;-0.7217436334978308;-0.9352959428214915;-0.8551973030386884;-0.2469380913067672
13168;1.3763018240379037;4.166285948558197;1.9071215040142764;-0.6452449037581256;1.8622805522590615;1.5430048707279678;0.7770716114070951;2.187202344493949
13173;0.6013242227601866;0.25716393214700245;-0.512603533611893;-0.6452449037581256;0.11181255545600548;-0.581252969457283;-0.5831524839643911;-0.015115192659079922
13178;-0.20498314688051938;-0.483101698867742;0.4668089816177469;-0.6452449037581256;0.028456936560621857;0.8349189239995508;0.23298197325850062;0.4485306046362946
13183;-0.19719239835980287;-0.41167255903298594;-0.28215353002844834;-0.6452449037581256;-0.22160992012552902;0.48087595063534233;-0.03906284581579663;-0.3628495406306108
13187;-0.44350673334094615;0.036382954475938305;0.7548714860970528;-0.6452449037581256;-0.30496553902091267;0.48087595063534233;-0.03906284581579663;-0.015115192659079922
13198;1.5359092140575945;0.13378632697787837;2.195184008493582;0.769629463518728;2.1123474089452126;1.5430048707279678;1.8652508877042842;2.4190252431416366
13199;-0.19688597407857453;-0.515569489701722;-0.45499103271603186;2.891941014434008;0.028456936560621857;0.12683297727113388;0.5050267923327979;-0.4787609899544545
13208;-0.05676395880546562;-0.09348820885998177;0.06352147534671872;-0.6452449037581256;-0.05489868233476177;0.12683297727113388;-0.03906284581579663;-0.3628495406306108
13209;-0.8566484376320345;-0.5545308387024981;0.005908974450857535;0.769629463518728;-0.30496553902091267;-0.581252969457283;-0.03906284581579663;-0.13102664198292355
13211;-1.04612126028372;-0.7103762347056022;-1.0887285425705049;-0.6452449037581256;-1.0551661090793654;-1.6433818895499084;-1.3992869411872828;-0.942406787249829
13221;0.046531734791128876;0.1597605596450624;0.6972589852011917;-0.6452449037581256;0.44523503103754;0.8349189239995508;0.23298197325850062;0.21670770598860736
13225;-0.814387576484091;-0.3856983263658019;-0.5702160345077543;0.06219227988030119;-0.7217436334978308;-0.22720999609307457;-0.03906284581579663;-0.7105838886021417
13233;-0.4748464772997857;-0.5869986295364781;-0.3973785318201707;0.06219227988030119;-0.4716767768116799;-0.22720999609307457;-0.3111076648900939;-0.13102664198292355
13238;-0.843226048213853;-0.496088815201334;-0.9158910398829213;-0.6452449037581256;-0.8050992523932144;-0.9352959428214915;-0.8551973030386884;-0.942406787249829
13240;-0.3688526602720538;-0.40517900086618996;-0.3397660309243095;-0.6452449037581256;0.11181255545600548;-0.22720999609307457;-0.3111076648900939;-0.4787609899544545
13246;-0.014318373977507995;-0.3012820701974539;0.9853214896804975;0.06219227988030119;0.36187941214215635;1.1889618973637592;0.7770716114070951;0.7962649526078255
13253;-0.8206210852818576;0.06885074530991832;-0.3973785318201707;-0.6452449037581256;-0.7217436334978308;0.48087595063534233;-0.03906284581579663;-0.594672439278298
13255;-0.4818000347818032;-0.6454406530376421;-0.9735035407787824;-0.6452449037581256;-0.8050992523932144;-1.2893389161857;-1.1272421221129856;-0.942406787249829
13263;0.15618245011872217;0.41300932815010655;0.5244214825136081;-0.6452449037581256;0.36187941214215635;0.8349189239995508;0.23298197325850062;0.21670770598860736
13266;-1.0471942874199671;-0.7038826765388061;-1.146341043466366;-0.6452449037581256;-1.0551661090793654;-1.6433818895499084;-1.3992869411872828;-1.0583182365736727
13269;0.3477205714249902;0.7311936783231107;-0.05170352644500364;0.06219227988030119;0.27852379324677273;-0.581252969457283;-0.5831524839643911;-0.015115192659079922
13270;-1.0400047687284133;-0.7168697928723982;-1.146341043466366;-0.6452449037581256;-1.0551661090793654;-1.6433818895499084;-1.3992869411872828;-0.942406787249829
13280;2.7096814024818525;0.7052194456559266;1.791896502222554;0.769629463518728;2.1123474089452126;1.5430048707279678;0.7770716114070951;1.607645097874731
13284;-0.7039013382776401;-0.6064793040368661;-0.512603533611893;0.06219227988030119;-0.6383880146024472;-0.581252969457283;-0.3111076648900939;-0.4787609899544545
13295;-0.6989046991053228;-0.2623207211966779;-0.6278285354036154;0.06219227988030119;-0.7217436334978308;-0.581252969457283;-0.3111076648900939;-0.8264953379259854
13304;-0.7377980209594577;-0.53505016420211;-0.05170352644500364;-0.6452449037581256;-0.888454871288598;-0.581252969457283;-0.5831524839643911;-0.13102664198292355
13305;-0.8509059099795261;-0.6779084438716221;-0.9158910398829213;-0.6452449037581256;-0.888454871288598;-0.581252969457283;-0.5831524839643911;-0.594672439278298
13309;0.8419173783643891;-0.39219188453259796;0.005908974450857535;-0.6452449037581256;0.6953018877236908;0.12683297727113388;-0.03906284581579663;0.332619155312451
13310;-0.0622412782360219;0.1727476759786544;0.23635897803430223;0.769629463518728;-0.1382543012301454;0.12683297727113388;-0.03906284581579663;-0.13102664198292355
13313;-0.8442530257976842;-0.5869986295364781;-0.22454102913258717;-0.6452449037581256;-0.888454871288598;-0.22720999609307457;-0.3111076648900939;-0.3628495406306108
13317;-0.5016702957077438;-0.418166117199782;-0.45499103271603186;-0.6452449037581256;-0.4716767768116799;-0.22720999609307457;-0.3111076648900939;-0.7105838886021417
13319;2.0558668420797495;1.0753522611632989;2.713696516556333;2.184503830795581;2.3624142656313634;1.1889618973637592;0.7770716114070951;2.7667595911131673
13324;0.007865015769821283;-0.054526859859205745;-0.7430535371953377;0.06219227988030119;-0.5550323957070635;-0.9352959428214915;-0.8551973030386884;-0.8264953379259854
13327;-0.6755872525939562;-0.541543722368906;-0.166928528236726;-0.6452449037581256;-0.4716767768116799;-0.22720999609307457;-0.3111076648900939;0.4485306046362946
13328;-0.01892004294422656;-0.457127466200558;-0.3973785318201707;-0.6452449037581256;-0.30496553902091267;0.48087595063534233;-0.03906284581579663;-0.594672439278298
13329;-0.7874498310997787;-0.6584277693712342;-0.6854410362994766;0.769629463518728;-0.7217436334978308;-0.9352959428214915;-0.3111076648900939;-0.7105838886021417
13330;-0.4923493942094986;-0.39868544269939393;-0.6854410362994766;-0.6452449037581256;-0.5550323957070635;-0.581252969457283;-0.5831524839643911;-0.594672439278298
13368;-1.0058512811798437;-0.496088815201334;-1.146341043466366;-0.6452449037581256;-1.0551661090793654;-1.6433818895499084;-1.3992869411872828;-1.0583182365736727
13369;-0.2905641256531643;-0.5610243968692941;-0.28215353002844834;0.06219227988030119;-0.22160992012552902;-0.581252969457283;-0.5831524839643911;-0.4787609899544545
13370;0.42280597224321986;0.11430565247749035;0.812483986992914;0.769629463518728;0.7786575066190745;1.1889618973637592;1.0491164304813922;1.0280878512555127
13385;0.439215919165784;0.5688547241532106;0.6396464843053304;-0.6452449037581256;0.11181255545600548;0.8349189239995508;0.23298197325850062;0.21670770598860736
13394;-0.5637928934848391;-0.593492187703274;-0.45499103271603186;-0.6452449037581256;-0.30496553902091267;0.12683297727113388;-0.03906284581579663;-0.2469380913067672
13396;0.0019845855136414762;-0.5545308387024981;-0.3973785318201707;0.06219227988030119;-0.30496553902091267;0.12683297727113388;0.23298197325850062;-0.2469380913067672
13397;-0.8146983129585086;-0.6584277693712342;-0.7430535371953377;-0.6452449037581256;-0.8050992523932144;-0.581252969457283;-0.5831524839643911;-0.8264953379259854
13402;-0.39988683905198336;-0.35323053553182193;-0.28215353002844834;-0.6452449037581256;-0.3883211579162963;0.12683297727113388;-0.03906284581579663;-0.4787609899544545
13405;-0.9377542940435132;-0.6714148857048261;-0.8582785389870601;-0.6452449037581256;-0.888454871288598;-0.22720999609307457;-0.3111076648900939;-0.7105838886021417
13408;2.8608973145996166;6.02993714242865;2.0223465058059986;6.429126932626142;2.3624142656313634;2.251090817456385;3.2254749830757707;2.0712908951701055
13418;0.7580890433880916;-0.09998176702677777;0.8700964878887751;0.769629463518728;0.8620131255144581;0.8349189239995508;1.593206068629987;0.21670770598860736
13426;-0.5796368170916891;-0.06751397619279775;0.5244214825136081;0.06219227988030119;-0.1382543012301454;0.8349189239995508;1.0491164304813922;-0.13102664198292355
13448;0.13251276331608894;0.8350906089918467;0.5244214825136081;0.769629463518728;0.6953018877236908;1.1889618973637592;1.0491164304813922;-0.13102664198292355
13451;-0.23503184355266746;-0.37920476819900595;1.2733839941598033;-0.6452449037581256;-0.05489868233476177;0.8349189239995508;0.23298197325850062;1.0280878512555127
13455;0.40987561074059736;-0.11946244152716579;0.23635897803430223;0.06219227988030119;0.44523503103754;-0.22720999609307457;0.23298197325850062;0.332619155312451
13458;0.7263515851007147;0.5623611659864146;2.483246512972888;2.184503830795581;1.2787912199913762;2.251090817456385;2.9534301640014733;2.6508481417893237
13468;2.7400016255313515;6.763709215276599;2.425634012077027;3.5993781980724346;2.0289917900498287;2.605133790820593;3.769564621224365;1.7235565471985745
13473;-0.7906817656800968;-0.18439802319512583;-0.45499103271603186;0.06219227988030119;-0.888454871288598;-0.22720999609307457;-0.5831524839643911;-0.7105838886021417
13481;-1.0687496650318837;-0.7168697928723982;-1.146341043466366;-0.6452449037581256;-1.0551661090793654;-1.6433818895499084;-1.3992869411872828;-1.0583182365736727
13487;-0.9153023722657483;-0.6324535367040501;-0.5702160345077543;-0.6452449037581256;-0.888454871288598;-0.9352959428214915;-0.8551973030386884;-0.13102664198292355
13491;0.8564640533003381;0.21170902497943042;0.6972589852011917;2.891941014434008;0.6953018877236908;1.1889618973637592;2.1372957067785814;0.9121764019316692
13494;-0.5760463282351057;-0.56751795503609;-0.3397660309243095;-0.6452449037581256;-0.30496553902091267;-0.22720999609307457;-0.3111076648900939;-0.2469380913067672
13495;-0.24054534537017913;-0.463621024367354;0.23635897803430223;0.769629463518728;-0.1382543012301454;-0.581252969457283;-0.03906284581579663;0.332619155312451
13496;-0.39843991890973096;0.1987219086458384;0.3515839798260246;0.06219227988030119;-0.22160992012552902;0.12683297727113388;-0.3111076648900939;-0.13102664198292355
13497;-0.6342897871174971;-0.56751795503609;-0.6854410362994766;-0.6452449037581256;-0.4716767768116799;-0.9352959428214915;-0.8551973030386884;-0.594672439278298
13502;-1.023753330353959;-0.6389470948708461;-0.9735035407787824;-0.6452449037581256;-1.0551661090793654;-0.9352959428214915;-0.8551973030386884;-0.7105838886021417
13506;0.6793525744886455;-0.03504618535881774;-0.05170352644500364;0.769629463518728;0.6119462688283073;0.12683297727113388;0.23298197325850062;-0.2469380913067672
13520;0.5262529762782094;-0.2753078375302699;0.06352147534671872;0.06219227988030119;0.5285906499329236;0.12683297727113388;0.5050267923327979;0.21670770598860736
13523;-0.29128766496188296;-0.489595257034538;0.3515839798260246;-0.6452449037581256;-0.1382543012301454;0.8349189239995508;0.23298197325850062;-0.2469380913067672
13527;-1.0481886107749072;-0.6844020020384182;-0.9158910398829213;-0.6452449037581256;-1.0551661090793654;-0.581252969457283;-0.8551973030386884;-0.594672439278298
13531;2.0702029618805433;0.5688547241532106;-0.3397660309243095;-0.6452449037581256;-0.8050992523932144;-0.9352959428214915;-0.8551973030386884;-0.4787609899544545
13534;0.7097422763955296;0.8740519579926227;0.9853214896804975;2.891941014434008;0.7786575066190745;1.5430048707279678;2.9534301640014733;0.4485306046362946
13538;-1.059179181798999;-0.7038826765388061;-1.0311160416746437;-0.6452449037581256;-1.0551661090793654;-0.9352959428214915;-1.1272421221129856;-1.0583182365736727
13539;-0.5739051241373494;-0.6454406530376421;-0.7430535371953377;-0.6452449037581256;-0.4716767768116799;-0.22720999609307457;-0.3111076648900939;-0.594672439278298
13551;-0.6213720494144727;-0.6908955602052141;-0.9735035407787824;-0.6452449037581256;-0.888454871288598;-0.9352959428214915;-0.8551973030386884;-0.942406787249829
13552;-0.9287235105640488;-0.463621024367354;-0.800666038091199;-0.6452449037581256;-0.888454871288598;-0.581252969457283;-0.5831524839643911;-0.8264953379259854
13564;2.377628460134271;0.6078160731539867;2.0799590067018596;0.06219227988030119;2.195703027840596;0.8349189239995508;1.8652508877042842;1.8394679965224183
13565;-0.6401686826666231;-0.625959978537254;-0.5702160345077543;-0.6452449037581256;-0.4716767768116799;0.12683297727113388;-0.03906284581579663;-0.7105838886021417
13569;-0.2733513100806337;0.14677344331147038;0.005908974450857535;-0.6452449037581256;-0.30496553902091267;0.12683297727113388;-0.03906284581579663;0.10079625666476372
13576;-0.08680415620322265;0.7441807946567027;0.5244214825136081;1.4770666471571545;0.11181255545600548;0.12683297727113388;1.0491164304813922;0.21670770598860736
13579;-0.8383463929207988;-0.6649213275380301;-0.7430535371953377;-0.6452449037581256;-0.7217436334978308;-0.22720999609307457;-0.3111076648900939;-0.8264953379259854
13581;-0.6463857559195544;-0.625959978537254;-0.6854410362994766;-0.6452449037581256;-0.7217436334978308;-0.22720999609307457;-0.3111076648900939;-0.942406787249829
13584;0.13508540776397177;-0.496088815201334;0.005908974450857535;0.06219227988030119;0.1951681743513891;0.12683297727113388;-0.3111076648900939;-0.015115192659079922
13593;0.10644101809093304;0.38703509548292253;0.4668089816177469;0.06219227988030119;-0.1382543012301454;0.8349189239995508;0.23298197325850062;0.5644420539601382
13599;-0.24411416483042556;-0.515569489701722;0.3515839798260246;2.184503830795581;0.27852379324677273;0.48087595063534233;1.8652508877042842;-0.015115192659079922
13600;0.20567636893007452;-0.574011513202886;-0.3397660309243095;-0.6452449037581256;-0.05489868233476177;-0.22720999609307457;-0.3111076648900939;-0.942406787249829
13606;-0.9024023087162413;-0.6973891183720101;-1.0311160416746437;-0.6452449037581256;-0.888454871288598;-0.9352959428214915;-0.8551973030386884;-1.0583182365736727
13611;-0.5424441550028505;0.14027988514467438;-0.3397660309243095;-0.6452449037581256;-0.8050992523932144;0.12683297727113388;-0.3111076648900939;-0.4787609899544545
13614;-0.8162742986276741;-0.522063047868518;-0.6854410362994766;-0.6452449037581256;-0.6383880146024472;-0.22720999609307457;-0.3111076648900939;-0.594672439278298
13615;-0.1474655043450298;0.7831421436574787;-0.3397660309243095;0.769629463518728;-0.1382543012301454;0.48087595063534233;0.23298197325850062;-0.2469380913067672
13627;-0.18853001129966662;-0.3207627446978419;-0.22454102913258717;-0.6452449037581256;0.028456936560621857;-0.22720999609307457;-0.3111076648900939;-0.7105838886021417
13629;-0.6091007319907086;-0.6324535367040501;-0.800666038091199;0.06219227988030119;-0.7217436334978308;-0.9352959428214915;-0.8551973030386884;-0.942406787249829
13634;-0.5454626693834863;0.6272967476543747;0.3515839798260246;-0.6452449037581256;-0.3883211579162963;0.8349189239995508;0.23298197325850062;-0.015115192659079922
13649;-0.749778444670115;-0.3402434191982299;-0.3397660309243095;0.06219227988030119;-0.6383880146024472;0.48087595063534233;-0.03906284581579663;-0.942406787249829
13652;-0.8491727961645194;-0.593492187703274;-0.166928528236726;-0.6452449037581256;-0.7217436334978308;-1.6433818895499084;-1.3992869411872828;-0.2469380913067672
13656;-0.0885918897418295;-0.28180139569706586;0.4668089816177469;-0.6452449037581256;-0.3883211579162963;-0.22720999609307457;-0.3111076648900939;0.10079625666476372
13659;0.9705739392106154;0.01040872180875429;1.3886089959515258;0.06219227988030119;1.528858076677527;0.48087595063534233;0.23298197325850062;0.6803535032839819
13668;1.025138734477618;0.01040872180875429;1.446221496847387;0.769629463518728;1.4455024577821434;1.5430048707279678;1.8652508877042842;1.0280878512555127
13672;-0.953747242709776;-0.6714148857048261;-0.8582785389870601;0.06219227988030119;-0.888454871288598;-0.581252969457283;-0.8551973030386884;-0.942406787249829
13680;1.8164789277904074;1.218210540832811;2.5984715147646105;0.769629463518728;2.5291255034221307;1.5430048707279678;2.1372957067785814;3.1144939390846984
13693;-1.0505997189645684;-0.6584277693712342;-0.9735035407787824;-0.6452449037581256;-1.0551661090793654;-0.9352959428214915;-0.8551973030386884;-0.7105838886021417
13694;1.6959863245253677;0.2636574903137984;3.5202715290983893;4.306815381710861;1.9456361711544452;1.8970478440921763;4.313654259372959;1.8394679965224183
13700;-0.47494776796534277;-0.009071952691633722;0.12113397624257989;0.06219227988030119;0.028456936560621857;0.48087595063534233;-0.03906284581579663;-0.015115192659079922
13703;-0.9578145333529678;-0.7103762347056022;-1.146341043466366;-0.6452449037581256;-1.0551661090793654;-1.6433818895499084;-1.3992869411872828;-1.0583182365736727
13705;-0.4819829568491889;-0.6194664203704581;-0.6854410362994766;-0.6452449037581256;-0.5550323957070635;-0.581252969457283;-0.5831524839643911;-0.594672439278298
13707;0.8017520429273506;1.0428844703293187;-0.22454102913258717;-0.6452449037581256;0.7786575066190745;0.48087595063534233;0.23298197325850062;-0.015115192659079922
13709;0.13755205733554557;2.3351025455217234;0.06352147534671872;-0.6452449037581256;0.44523503103754;0.8349189239995508;0.5050267923327979;0.10079625666476372
13715;2.3541038698746246;1.0428844703293187;2.9441465201397774;2.184503830795581;2.862547979003665;1.5430048707279678;2.409340525852879;3.694051185703916
13725;0.9762604000108613;-0.39868544269939393;0.06352147534671872;0.06219227988030119;1.3621468388867597;-0.581252969457283;-0.5831524839643911;0.10079625666476372
13728;-0.6152938087643244;-0.59998574587007;-0.800666038091199;-0.6452449037581256;-0.7217436334978308;-0.581252969457283;-0.5831524839643911;-0.942406787249829
13742;2.9608220074707323;2.523415732358808;2.0799590067018596;0.06219227988030119;2.3624142656313634;1.8970478440921763;1.0491164304813922;2.6508481417893237
13747;-1.0021079304962126;-0.7168697928723982;-1.146341043466366;-0.6452449037581256;-1.0551661090793654;-1.6433818895499084;-1.3992869411872828;-1.0583182365736727
13748;-1.072011251153379;-0.7168697928723982;-1.146341043466366;-0.6452449037581256;-1.0551661090793654;-1.6433818895499084;-1.3992869411872828;-1.0583182365736727
13750;-1.0714570050461436;-0.7168697928723982;-1.146341043466366;-0.6452449037581256;-1.0551661090793654;-1.6433818895499084;-1.3992869411872828;-1.0583182365736727
13754;-0.6513442109131067;-0.1454366741943498;-0.7430535371953377;-0.6452449037581256;-0.7217436334978308;-0.9352959428214915;-0.8551973030386884;-0.942406787249829
13756;-0.3232005969829548;-0.42465967536657795;-0.3973785318201707;0.769629463518728;-0.4716767768116799;-0.22720999609307457;-0.3111076648900939;-0.8264953379259854
13758;-0.046298541180978946;-0.3337498610314339;0.3515839798260246;0.769629463518728;0.36187941214215635;-0.22720999609307457;0.5050267923327979;-0.2469380913067672
13764;0.9208785775872408;-0.08699465069318577;1.791896502222554;0.06219227988030119;1.2787912199913762;1.1889618973637592;0.7770716114070951;0.7962649526078255
13767;1.646832530994435;0.6143096313207826;1.6766715004308317;5.014252565349288;1.9456361711544452;1.5430048707279678;3.4975198021500677;2.9985824897608544
13769;0.4616524897026105;-0.07400753435959376;0.3515839798260246;1.4770666471571545;0.6119462688283073;0.48087595063534233;0.7770716114070951;0.21670770598860736
13777;2.038732676073331;-0.20387869769551384;1.158158992368081;5.721689748987715;2.7791923601082815;0.48087595063534233;2.1372957067785814;1.0280878512555127
13782;0.3804757990538751;-0.20387869769551384;0.23635897803430223;-0.6452449037581256;0.6953018877236908;0.12683297727113388;-0.03906284581579663;0.10079625666476372
13784;-0.9614977802375206;-0.6844020020384182;-0.8582785389870601;0.769629463518728;-0.8050992523932144;-0.9352959428214915;-0.5831524839643911;-0.4787609899544545
13786;-0.8382046827422898;-0.53505016420211;-0.800666038091199;-0.6452449037581256;-0.9718104901839817;-0.22720999609307457;-0.3111076648900939;-0.8264953379259854
13787;-0.8888534227373024;-0.6714148857048261;-0.800666038091199;-0.6452449037581256;-0.7217436334978308;-1.2893389161857;-1.1272421221129856;-0.8264953379259854
13800;0.3742389080620305;-0.3337498610314339;0.17874647713844105;-0.6452449037581256;0.7786575066190745;0.48087595063534233;0.23298197325850062;0.21670770598860736
13802;-0.5165176856478643;-0.41167255903298594;0.005908974450857535;0.06219227988030119;-0.22160992012552902;0.48087595063534233;0.23298197325850062;-0.2469380913067672
13807;-0.568577175909373;-0.6454406530376421;-0.800666038091199;-0.6452449037581256;-0.8050992523932144;-0.9352959428214915;-0.8551973030386884;-0.7105838886021417
13815;2.6825011733830246;-0.17141090686153382;0.23635897803430223;0.06219227988030119;1.4455024577821434;0.48087595063534233;0.23298197325850062;0.7962649526078255
13817;-0.995001444460754;-0.6584277693712342;-0.6854410362994766;-0.6452449037581256;-0.9718104901839817;-0.9352959428214915;-0.8551973030386884;-0.7105838886021417
13819;0.35084120221030446;0.2506703739802064;-0.22454102913258717;0.06219227988030119;0.11181255545600548;0.12683297727113388;0.7770716114070951;-0.2469380913067672
13824;-0.7154344199044845;-0.6454406530376421;-0.6278285354036154;-0.6452449037581256;-0.3883211579162963;-1.2893389161857;-1.1272421221129856;-0.4787609899544545
13829;-1.0669773536310088;-0.7168697928723982;-1.146341043466366;-0.6452449037581256;-1.0551661090793654;-1.6433818895499084;-1.3992869411872828;-0.942406787249829
13831;-0.9253362119169214;-0.7038826765388061;-1.0887285425705049;-0.6452449037581256;-0.9718104901839817;-1.2893389161857;-1.1272421221129856;-1.0583182365736727
13837;-0.5513208463873848;0.05586362897632632;-0.9158910398829213;-0.6452449037581256;-0.7217436334978308;-0.22720999609307457;-0.3111076648900939;-0.8264953379259854
13838;1.8808209038058166;0.4779449098180666;0.5820339834094693;0.06219227988030119;1.7789249333636779;1.1889618973637592;0.5050267923327979;1.0280878512555127
13842;2.421893602820205;2.92601633870016;1.5614464986391092;1.4770666471571545;0.36187941214215635;0.8349189239995508;1.593206068629987;1.2599107499032
13846;-0.45500299033929625;0.6402838639879667;0.3515839798260246;-0.6452449037581256;-0.4716767768116799;0.48087595063534233;-0.03906284581579663;-0.2469380913067672
13848;-1.0201238482610877;-0.625959978537254;-1.146341043466366;-0.6452449037581256;-1.0551661090793654;-1.6433818895499084;-1.3992869411872828;-0.942406787249829
13854;0.26634991966111987;0.21170902497943042;-0.05170352644500364;4.306815381710861;0.8620131255144581;0.48087595063534233;1.8652508877042842;0.332619155312451
13859;0.041165310456415354;-0.25582716302988184;0.12113397624257989;0.06219227988030119;0.1951681743513891;1.5430048707279678;0.7770716114070951;-0.2469380913067672
13862;0.46314720679471255;-0.17790446502832982;-0.10931602734086482;0.06219227988030119;0.36187941214215635;0.8349189239995508;0.7770716114070951;-0.015115192659079922
13871;0.37265037366045967;-0.509075931534926;-0.512603533611893;-0.6452449037581256;0.1951681743513891;-0.581252969457283;-0.5831524839643911;-0.2469380913067672
13873;-0.9092574114044318;-0.6779084438716221;-0.800666038091199;-0.6452449037581256;-0.888454871288598;-1.2893389161857;-1.1272421221129856;-0.8264953379259854
13874;-0.599568912532543;-0.19738513952871783;-0.22454102913258717;-0.6452449037581256;-0.30496553902091267;0.12683297727113388;-0.3111076648900939;-0.4787609899544545
13880;-0.5749301458037668;-0.548037280535702;-0.9735035407787824;-0.6452449037581256;-0.7217436334978308;-1.2893389161857;-1.1272421221129856;-0.7105838886021417
13881;-0.13695549680798824;-0.5610243968692941;-0.6278285354036154;-0.6452449037581256;-0.5550323957070635;-0.22720999609307457;-0.3111076648900939;-0.3628495406306108
13883;-1.0607733587512325;-0.6584277693712342;-1.146341043466366;-0.6452449037581256;-1.0551661090793654;-1.6433818895499084;-1.3992869411872828;-0.942406787249829
13890;-0.3705471603571366;0.1922283504790424;-0.5702160345077543;0.06219227988030119;-0.4716767768116799;-0.22720999609307457;-0.03906284581579663;-0.4787609899544545
13894;-0.725634116347868;-0.6519342112044381;-0.7430535371953377;-0.6452449037581256;-0.6383880146024472;-0.22720999609307457;-0.3111076648900939;-0.7105838886021417
13898;-0.9032413931163601;0.06885074530991832;-0.512603533611893;-0.6452449037581256;-0.9718104901839817;-0.9352959428214915;-1.1272421221129856;-0.942406787249829
13901;-0.7496737426176827;-0.5805050713696821;-0.6278285354036154;-0.6452449037581256;-0.4716767768116799;-0.581252969457283;-0.5831524839643911;-0.2469380913067672
13911;0.2822673840945687;0.12729276881108237;-0.28215353002844834;0.06219227988030119;0.028456936560621857;0.12683297727113388;-0.03906284581579663;-0.13102664198292355
13922;-0.9075915369422238;-0.548037280535702;-0.800666038091199;-0.6452449037581256;-0.888454871288598;-0.581252969457283;-0.5831524839643911;-0.942406787249829
13929;0.23922285481643085;0.2961252811477785;-1.0311160416746437;0.06219227988030119;-0.9718104901839817;-1.2893389161857;-1.1272421221129856;-1.0583182365736727
13939;-0.5109974277829958;-0.6324535367040501;-0.5702160345077543;0.06219227988030119;-0.30496553902091267;-0.22720999609307457;-0.3111076648900939;-0.4787609899544545
13941;-0.6359635352941554;-0.6129728622036621;-0.6278285354036154;0.06219227988030119;-0.3883211579162963;0.12683297727113388;0.23298197325850062;-0.594672439278298
13948;-1.0074266079258716;-0.7038826765388061;-1.0311160416746437;-0.6452449037581256;-0.9718104901839817;-1.2893389161857;-1.1272421221129856;-0.942406787249829
13953;-1.069286812500747;-0.7168697928723982;-1.146341043466366;-0.6452449037581256;-1.0551661090793654;-1.6433818895499084;-1.3992869411872828;-1.0583182365736727
13958;-0.8558161509832684;-0.6908955602052141;-1.0311160416746437;-0.6452449037581256;-0.8050992523932144;-1.2893389161857;-1.1272421221129856;-0.8264953379259854
13959;-0.5971944746665907;-0.5285566060353141;-0.3397660309243095;-0.6452449037581256;-0.5550323957070635;-0.581252969457283;-0.5831524839643911;-0.4787609899544545
13963;1.1500973394398917;1.6857467288421233;0.5820339834094693;1.4770666471571545;0.1951681743513891;0.8349189239995508;1.0491164304813922;0.5644420539601382
13969;0.41869970504533854;0.9065197488266027;0.9853214896804975;0.06219227988030119;0.36187941214215635;0.48087595063534233;-0.03906284581579663;0.9121764019316692
13982;0.8795623494829677;0.44547711898408654;0.9853214896804975;0.06219227988030119;1.3621468388867597;1.8970478440921763;2.409340525852879;0.9121764019316692
13984;-1.0010577905129865;-0.6519342112044381;-0.7430535371953377;0.06219227988030119;-0.8050992523932144;-1.2893389161857;-0.8551973030386884;-0.942406787249829
13993;-0.8335055306848516;-0.5610243968692941;-0.22454102913258717;-0.6452449037581256;-0.888454871288598;-0.581252969457283;-0.5831524839643911;-0.3628495406306108
13999;0.36649756209501066;-0.431153233533374;0.06352147534671872;0.769629463518728;0.5285906499329236;-0.22720999609307457;0.5050267923327979;0.21670770598860736
14001;-0.5474311230184885;-0.3142691865310459;-0.7430535371953377;-0.6452449037581256;-0.6383880146024472;-0.581252969457283;-0.8551973030386884;-0.7105838886021417
14006;-0.8236292654122772;-0.6454406530376421;-0.800666038091199;-0.6452449037581256;-0.8050992523932144;-0.9352959428214915;-0.8551973030386884;-0.594672439278298
14016;-0.3063256630158575;-0.37920476819900595;0.8700964878887751;-0.6452449037581256;0.1951681743513891;1.1889618973637592;0.5050267923327979;0.9121764019316692
14030;1.145475368967906;1.367562378669119;0.005908974450857535;0.06219227988030119;0.27852379324677273;0.48087595063534233;0.23298197325850062;-0.4787609899544545
14031;0.4181351330286863;0.31560595564816646;1.3886089959515258;2.184503830795581;0.6119462688283073;1.5430048707279678;2.1372957067785814;1.2599107499032
14032;0.8719917480164934;0.8285970508250508;0.23635897803430223;2.184503830795581;0.44523503103754;0.12683297727113388;0.7770716114070951;0.6803535032839819
14037;-0.37386892534490274;-0.2623207211966779;0.23635897803430223;-0.6452449037581256;0.1951681743513891;0.12683297727113388;-0.3111076648900939;0.5644420539601382
14040;2.5948950902671712;1.438991518503875;1.1005464914722198;0.769629463518728;2.0289917900498287;0.8349189239995508;0.23298197325850062;2.0712908951701055
14044;2.2908005193691374;-0.25582716302988184;0.12113397624257989;0.06219227988030119;2.612481122317514;1.1889618973637592;0.5050267923327979;0.21670770598860736
14045;-1.004618519398003;-0.6714148857048261;-0.9158910398829213;0.06219227988030119;-0.8050992523932144;-0.581252969457283;-0.5831524839643911;-0.942406787249829
14047;-0.9097516871653765;-0.09348820885998177;-0.3397660309243095;0.769629463518728;-0.8050992523932144;-0.22720999609307457;-0.3111076648900939;-0.2469380913067672
14051;0.7164898495003571;-0.22335937219590185;0.5820339834094693;1.4770666471571545;0.8620131255144581;2.605133790820593;3.2254749830757707;0.10079625666476372
14057;0.44037678325846924;0.13378632697787837;0.6972589852011917;0.06219227988030119;0.7786575066190745;0.8349189239995508;0.23298197325850062;0.9121764019316692
14060;0.7744447626046185;1.523407774672223;0.812483986992914;2.184503830795581;0.9453687444098418;2.251090817456385;3.2254749830757707;0.5644420539601382
14062;1.2399068698675761;0.7831421436574787;0.5244214825136081;1.4770666471571545;1.6122136955729107;0.12683297727113388;1.3211612495556897;1.2599107499032
14068;-0.01791387565441441;0.9260004233269907;0.005908974450857535;-0.6452449037581256;-0.30496553902091267;0.48087595063534233;0.23298197325850062;-0.015115192659079922
14078;0.03494679841562118;0.1857347923122464;-0.45499103271603186;-0.6452449037581256;-0.888454871288598;-0.22720999609307457;-0.5831524839643911;-0.8264953379259854
14081;1.4095200702827084;0.9779488886613588;2.0799590067018596;-0.6452449037581256;0.8620131255144581;1.8970478440921763;1.0491164304813922;1.7235565471985745
14082;0.07786594880009501;-0.5285566060353141;-0.05170352644500364;-0.6452449037581256;0.44523503103754;-0.9352959428214915;-0.8551973030386884;0.4485306046362946
14083;2.3951079936134096;3.5883592717133523;2.5984715147646105;0.06219227988030119;2.5291255034221307;2.605133790820593;2.681385344927176;2.0712908951701055
14090;-1.0663341695818402;-0.7168697928723982;-1.146341043466366;-0.6452449037581256;-1.0551661090793654;-1.6433818895499084;-1.3992869411872828;-1.0583182365736727
14092;0.34187761637964253;0.5363869333192306;1.9647340049101374;1.4770666471571545;1.0287243633052254;1.1889618973637592;1.0491164304813922;1.3758221992270436
14099;1.8932716943764945;1.7636694268436752;0.9853214896804975;0.06219227988030119;1.6955693144682942;0.48087595063534233;0.7770716114070951;1.4917336485508874
14101;-1.0119846294903456;-0.6973891183720101;-1.0311160416746437;-0.6452449037581256;-1.0551661090793654;-1.6433818895499084;-1.3992869411872828;-0.942406787249829
14107;-0.5310446971496849;-0.41167255903298594;-0.3973785318201707;0.06219227988030119;-0.3883211579162963;-0.22720999609307457;-0.3111076648900939;-0.4787609899544545
14113;-0.8001665972459359;-0.444140349866966;-0.8582785389870601;1.4770666471571545;-0.5550323957070635;-0.581252969457283;-0.03906284581579663;-0.3628495406306108
14114;-0.6085900665593242;-0.625959978537254;-0.6854410362994766;-0.6452449037581256;-0.7217436334978308;0.12683297727113388;-0.03906284581579663;-0.4787609899544545
14119;-1.0653548763470695;-0.7168697928723982;-1.146341043466366;-0.6452449037581256;-1.0551661090793654;-1.6433818895499084;-1.3992869411872828;-1.0583182365736727
14127;-0.10199064967586036;-0.548037280535702;-0.3397660309243095;-0.6452449037581256;-0.05489868233476177;-0.22720999609307457;-0.3111076648900939;-0.594672439278298
14133;-0.19146571405538623;-0.42465967536657795;-0.3397660309243095;0.06219227988030119;-0.22160992012552902;-0.22720999609307457;-0.03906284581579663;-0.3628495406306108
14135;1.5219495478881622;0.5688547241532106;1.791896502222554;4.306815381710861;1.8622805522590615;2.251090817456385;3.769564621224365;2.0712908951701055
14142;0.5858760784164584;-0.463621024367354;-0.5702160345077543;-0.6452449037581256;0.6119462688283073;-0.22720999609307457;-0.3111076648900939;0.332619155312451
14150;-0.7468025976478172;-0.6389470948708461;-0.6278285354036154;-0.6452449037581256;-0.6383880146024472;-0.22720999609307457;-0.3111076648900939;-0.7105838886021417
14156;2.5699511837402444;0.003915163641958286;1.7342840013266927;2.891941014434008;2.445769884526747;1.5430048707279678;1.8652508877042842;2.4190252431416366
14159;0.12517064970306202;0.14677344331147038;1.2157714932639423;-0.6452449037581256;0.6953018877236908;1.1889618973637592;0.23298197325850062;0.332619155312451
14161;0.15482456800799313;-0.1454366741943498;0.005908974450857535;-0.6452449037581256;-0.05489868233476177;0.48087595063534233;-0.03906284581579663;-0.015115192659079922
14167;-0.4396252006368701;0.41300932815010655;-0.22454102913258717;-0.6452449037581256;-0.5550323957070635;1.1889618973637592;0.5050267923327979;-0.7105838886021417
14175;-0.24061403185164004;-0.3077756283642499;-0.05170352644500364;0.769629463518728;-0.5550323957070635;0.8349189239995508;1.0491164304813922;-0.7105838886021417
14176;-0.8414890350752176;-0.625959978537254;-0.3973785318201707;0.769629463518728;-0.4716767768116799;0.48087595063534233;0.5050267923327979;-0.3628495406306108
14185;-1.0194021606097927;-0.6454406530376421;-1.0311160416746437;-0.6452449037581256;-1.0551661090793654;-1.6433818895499084;-1.3992869411872828;-1.0583182365736727
14188;-0.5095792125012106;-0.35323053553182193;-0.5702160345077543;-0.6452449037581256;-0.4716767768116799;0.12683297727113388;-0.03906284581579663;-0.4787609899544545
14189;1.3364314943279805;1.5948369145069792;0.812483986992914;0.769629463518728;1.0287243633052254;1.5430048707279678;1.3211612495556897;1.0280878512555127
14194;0.7281952103348004;-0.3856983263658019;-0.28215353002844834;-0.6452449037581256;0.5285906499329236;0.48087595063534233;0.23298197325850062;0.4485306046362946
14201;-0.9192747863179723;-0.6844020020384182;-1.0311160416746437;-0.6452449037581256;-0.888454871288598;-1.2893389161857;-1.1272421221129856;-0.942406787249829
14205;-0.35919617505855644;-0.3272563028646379;-0.45499103271603186;-0.6452449037581256;-0.3883211579162963;0.48087595063534233;0.23298197325850062;-0.594672439278298
14206;-0.936124285017891;-0.7103762347056022;-1.146341043466366;-0.6452449037581256;-1.0551661090793654;-1.6433818895499084;-1.3992869411872828;-1.0583182365736727
14209;0.03599651301808765;1.432497960337079;-0.3973785318201707;-0.6452449037581256;-0.4716767768116799;0.12683297727113388;-0.03906284581579663;-0.3628495406306108
14210;0.48860733789569455;-0.37920476819900595;0.4668089816177469;0.06219227988030119;0.27852379324677273;1.1889618973637592;1.593206068629987;0.10079625666476372
14213;-1.032880274907469;-0.6908955602052141;-0.9158910398829213;-0.6452449037581256;-0.9718104901839817;-0.581252969457283;-0.5831524839643911;-0.8264953379259854
14215;0.5110374568243351;0.8610648416590307;1.503833997743248;2.184503830795581;1.3621468388867597;0.8349189239995508;0.7770716114070951;0.7962649526078255
14217;-0.619879154786997;-0.41167255903298594;0.005908974450857535;2.184503830795581;-0.22160992012552902;-0.581252969457283;0.23298197325850062;-0.2469380913067672
14220;-0.6330944421608946;-0.6454406530376421;-0.6278285354036154;-0.6452449037581256;-0.3883211579162963;-0.581252969457283;-0.5831524839643911;-0.7105838886021417
14221;-0.04471861448418879;1.0039231213285429;-0.3397660309243095;-0.6452449037581256;-0.30496553902091267;0.8349189239995508;0.5050267923327979;-0.594672439278298
14224;0.7068984725654617;0.01040872180875429;0.5244214825136081;0.06219227988030119;0.6953018877236908;0.8349189239995508;0.23298197325850062;0.5644420539601382
14229;-0.26304327499636404;-0.483101698867742;0.005908974450857535;0.769629463518728;-0.1382543012301454;0.48087595063534233;0.23298197325850062;-0.4787609899544545
14233;-0.18722828778999154;-0.43764679170016996;-0.512603533611893;0.06219227988030119;-0.1382543012301454;-0.22720999609307457;0.23298197325850062;-0.13102664198292355
14236;-0.9501532590583252;-0.574011513202886;-1.0311160416746437;-0.6452449037581256;-0.888454871288598;-0.9352959428214915;-0.8551973030386884;-0.942406787249829
14237;-0.6757740864961695;-0.5805050713696821;-0.7430535371953377;-0.6452449037581256;-0.6383880146024472;-0.581252969457283;-0.5831524839643911;-0.4787609899544545
14238;-0.6747967533492122;-0.53505016420211;-0.800666038091199;-0.6452449037581256;-0.7217436334978308;-0.9352959428214915;-0.8551973030386884;-0.7105838886021417
14239;-0.8351531721599952;0.1792412341454504;-0.6854410362994766;-0.6452449037581256;-0.888454871288598;-0.581252969457283;-0.5831524839643911;-0.8264953379259854
14242;-0.6536159109848397;-0.6584277693712342;-0.800666038091199;-0.6452449037581256;-0.7217436334978308;-1.2893389161857;-1.1272421221129856;-0.942406787249829
14243;0.6575736884804072;0.12729276881108237;0.7548714860970528;0.769629463518728;0.028456936560621857;1.5430048707279678;1.8652508877042842;0.9121764019316692
14248;-0.9567698482524223;-0.6194664203704581;-0.7430535371953377;-0.6452449037581256;-1.0551661090793654;-1.6433818895499084;-1.3992869411872828;-0.942406787249829
14256;0.336576321175529;-0.22335937219590185;0.2939714789301634;-0.6452449037581256;0.11181255545600548;0.48087595063534233;-0.03906284581579663;-0.015115192659079922
14257;0.7838500771612272;0.0298893963091423;0.3515839798260246;-0.6452449037581256;0.36187941214215635;0.12683297727113388;-0.3111076648900939;0.332619155312451
14258;-0.4718283674479114;-0.21686581402910585;0.40919648072188575;-0.6452449037581256;-0.30496553902091267;0.8349189239995508;0.23298197325850062;-0.2469380913067672
14264;-1.0622871804439158;-0.7103762347056022;-1.0887285425705049;-0.6452449037581256;-1.0551661090793654;-1.2893389161857;-1.1272421221129856;-0.942406787249829
14270;-0.23243253356972313;0.4065157699833105;0.2939714789301634;-0.6452449037581256;-0.22160992012552902;-0.22720999609307457;-0.3111076648900939;-0.015115192659079922
14282;-0.5928813473076028;-0.37920476819900595;-0.5702160345077543;-0.6452449037581256;-0.4716767768116799;0.12683297727113388;-0.3111076648900939;-0.4787609899544545
14290;0.43765995975551225;1.8415921248452274;0.17874647713844105;0.06219227988030119;-0.1382543012301454;0.48087595063534233;0.23298197325850062;-0.015115192659079922
14292;-0.8803213356423618;-0.6779084438716221;-1.0311160416746437;-0.6452449037581256;-0.888454871288598;-1.2893389161857;-1.1272421221129856;-0.7105838886021417
14293;-0.6210683358929864;-0.463621024367354;-0.3973785318201707;-0.6452449037581256;-0.7217436334978308;-0.22720999609307457;-0.3111076648900939;-0.4787609899544545
14295;-0.9683197699528636;-0.6844020020384182;-1.0887285425705049;-0.6452449037581256;-0.9718104901839817;-1.2893389161857;-1.1272421221129856;-1.0583182365736727
14299;0.3965833753236252;0.11430565247749035;0.3515839798260246;5.014252565349288;0.5285906499329236;0.48087595063534233;1.593206068629987;0.332619155312451
14307;2.6028677224257724;1.8350985666784312;2.3104090102853045;0.06219227988030119;1.8622805522590615;2.251090817456385;2.9534301640014733;2.6508481417893237
14309;-0.6893132721256319;-0.47011458253415;0.06352147534671872;0.769629463518728;-0.5550323957070635;0.8349189239995508;0.23298197325850062;-0.4787609899544545
14312;0.4675419155107341;2.8545871988654037;0.06352147534671872;0.06219227988030119;-0.3883211579162963;0.48087595063534233;0.5050267923327979;-0.015115192659079922
14320;0.21661958089627492;-0.43764679170016996;0.40919648072188575;0.769629463518728;0.27852379324677273;1.8970478440921763;1.593206068629987;0.4485306046362946
14321;-0.05441631575696247;0.2961252811477785;0.23635897803430223;-0.6452449037581256;0.1951681743513891;0.48087595063534233;-0.03906284581579663;0.10079625666476372
14329;1.062537072334076;0.30261883931457445;1.9647340049101374;0.06219227988030119;1.4455024577821434;1.8970478440921763;1.0491164304813922;1.1439993005793565
14334;0.4605092914226437;0.15326700147826638;0.9853214896804975;0.06219227988030119;0.27852379324677273;0.8349189239995508;1.0491164304813922;0.7962649526078255
14341;-0.24853437971041878;0.15326700147826638;-0.05170352644500364;0.06219227988030119;-0.1382543012301454;0.48087595063534233;0.23298197325850062;-0.594672439278298
14344;-0.33572595012813455;-0.53505016420211;-0.6854410362994766;0.769629463518728;-0.05489868233476177;-0.581252969457283;-0.5831524839643911;-0.4787609899544545
14355;-0.439276013078113;-0.07400753435959376;-0.5702160345077543;-0.6452449037581256;-0.4716767768116799;0.48087595063534233;-0.03906284581579663;-0.594672439278298
14368;-0.42416811495639295;-0.6649213275380301;-0.8582785389870601;-0.6452449037581256;-0.4716767768116799;-0.581252969457283;-0.5831524839643911;-0.594672439278298
14373;-1.0000142481019323;-0.6973891183720101;-0.9735035407787824;-0.6452449037581256;-1.0551661090793654;-1.2893389161857;-1.1272421221129856;-0.942406787249829
14388;-0.2736238707170857;0.9000261906598067;0.06352147534671872;0.06219227988030119;-0.30496553902091267;0.12683297727113388;-0.3111076648900939;-0.13102664198292355
14389;-0.7508758853256381;0.3545673046489425;-0.8582785389870601;-0.6452449037581256;-1.0551661090793654;-0.9352959428214915;-0.8551973030386884;-0.8264953379259854
14390;0.5558344797644347;-0.47011458253415;-0.45499103271603186;-0.6452449037581256;0.6119462688283073;-0.22720999609307457;-0.5831524839643911;0.332619155312451
14395;0.7585966894501636;0.0298893963091423;1.791896502222554;0.06219227988030119;1.6955693144682942;1.1889618973637592;1.3211612495556897;1.607645097874731
14396;1.0560821611917872;1.490939983838243;0.12113397624257989;-0.6452449037581256;0.8620131255144581;0.48087595063534233;-0.03906284581579663;-0.13102664198292355
14401;-0.24489455919693154;-0.47011458253415;-0.22454102913258717;0.06219227988030119;-0.1382543012301454;0.48087595063534233;1.0491164304813922;-0.13102664198292355
14404;0.5312662803673404;-0.3207627446978419;0.6972589852011917;0.06219227988030119;0.7786575066190745;0.8349189239995508;0.23298197325850062;0.332619155312451
14409;-0.037615869297174025;-0.5545308387024981;-0.6854410362994766;0.06219227988030119;-0.22160992012552902;-0.9352959428214915;-0.3111076648900939;-0.4787609899544545
14410;-0.5819168079178327;-0.6519342112044381;-0.9158910398829213;-0.6452449037581256;-0.6383880146024472;-0.9352959428214915;-0.8551973030386884;-0.8264953379259854
14411;-0.7844991190758881;-0.6324535367040501;-0.45499103271603186;-0.6452449037581256;-0.4716767768116799;-0.22720999609307457;-0.3111076648900939;-0.4787609899544545
14413;0.04478100937859891;-0.028552627192021732;0.06352147534671872;-0.6452449037581256;-0.7217436334978308;0.12683297727113388;-0.03906284581579663;-0.2469380913067672
14414;-0.9465836138589573;-0.6649213275380301;-0.7430535371953377;-0.6452449037581256;-0.8050992523932144;-0.9352959428214915;-0.8551973030386884;-0.8264953379259854
14419;-0.34383088821414;-0.418166117199782;-0.10931602734086482;0.06219227988030119;-0.4716767768116799;0.12683297727113388;-0.3111076648900939;-0.2469380913067672
14426;0.646448713817911;-0.2753078375302699;0.7548714860970528;0.769629463518728;0.8620131255144581;0.12683297727113388;0.23298197325850062;0.9121764019316692
14428;-0.4942320877470651;-0.515569489701722;0.005908974450857535;-0.6452449037581256;-0.4716767768116799;0.48087595063534233;-0.03906284581579663;-0.8264953379259854
14437;-0.9913917342324001;-0.6908955602052141;-0.9158910398829213;-0.6452449037581256;-0.9718104901839817;-0.9352959428214915;-0.8551973030386884;-0.8264953379259854
14438;-0.8472389568462219;-0.53505016420211;-0.6854410362994766;0.06219227988030119;-0.7217436334978308;-0.581252969457283;-0.5831524839643911;-0.4787609899544545
14439;0.27812841262300114;-0.08050109252638976;0.23635897803430223;-0.6452449037581256;0.27852379324677273;1.5430048707279678;0.7770716114070951;-0.015115192659079922
14440;1.2673246073941928;1.0948329356636868;0.23635897803430223;0.06219227988030119;0.11181255545600548;0.8349189239995508;1.3211612495556897;0.5644420539601382
14441;-1.0531077472410026;-0.7038826765388061;-1.0887285425705049;0.06219227988030119;-0.9718104901839817;-1.2893389161857;-1.1272421221129856;-1.0583182365736727
14442;0.7054050107636398;0.9065197488266027;0.005908974450857535;0.769629463518728;0.5285906499329236;-0.22720999609307457;-0.03906284581579663;-0.2469380913067672
14443;-0.011129411194699011;0.28963172298098244;1.1005464914722198;0.769629463518728;0.1951681743513891;0.8349189239995508;0.7770716114070951;0.6803535032839819
14448;-0.7344223160232266;-0.444140349866966;-0.22454102913258717;-0.6452449037581256;-0.4716767768116799;0.8349189239995508;0.5050267923327979;-0.4787609899544545
14449;2.123601513239372;1.9130212646799833;0.7548714860970528;0.06219227988030119;1.1954356010959926;1.1889618973637592;0.5050267923327979;1.3758221992270436
14450;-0.6359037734678448;-0.43764679170016996;-0.5702160345077543;-0.6452449037581256;-0.888454871288598;0.12683297727113388;-0.03906284581579663;-0.8264953379259854
14457;-0.352289359415289;-0.03504618535881774;-0.9735035407787824;-0.6452449037581256;-1.0551661090793654;-1.2893389161857;-1.1272421221129856;-0.8264953379259854
14460;-0.9140148281147232;-0.7038826765388061;-1.0887285425705049;-0.6452449037581256;-0.9718104901839817;-1.6433818895499084;-1.3992869411872828;-0.942406787249829
14462;2.457841229641172;-0.18439802319512583;0.5820339834094693;0.06219227988030119;2.1123474089452126;1.1889618973637592;1.3211612495556897;1.2599107499032
14466;-0.21929867324807376;-0.574011513202886;-0.45499103271603186;0.06219227988030119;-0.22160992012552902;-0.22720999609307457;0.5050267923327979;-0.2469380913067672
14467;0.135634782844471;0.5298933751524346;-0.3397660309243095;-0.6452449037581256;-0.3883211579162963;0.48087595063534233;-0.03906284581579663;-0.4787609899544545
14472;1.6755084780812697;4.698757718235469;2.137571507597721;0.769629463518728;1.1954356010959926;1.5430048707279678;1.593206068629987;0.21670770598860736
14479;-0.8893863330801691;-0.39868544269939393;-0.6278285354036154;-0.6452449037581256;-0.7217436334978308;-1.2893389161857;-1.1272421221129856;-0.4787609899544545
14487;-0.3136850379128412;0.08183786164351033;-0.512603533611893;0.06219227988030119;-0.22160992012552902;-0.22720999609307457;-0.3111076648900939;-0.7105838886021417
14491;-0.8295099792556301;-0.3337498610314339;-1.0311160416746437;0.06219227988030119;-0.888454871288598;-1.2893389161857;-1.1272421221129856;-0.8264953379259854
14496;-0.7146020581885258;-0.53505016420211;-0.10931602734086482;0.06219227988030119;-0.888454871288598;0.8349189239995508;0.7770716114070951;-0.015115192659079922
14497;0.12496674218487407;0.27664460664739043;0.12113397624257989;-0.6452449037581256;0.44523503103754;0.12683297727113388;-0.03906284581579663;0.10079625666476372
14498;-0.7519783471422831;-0.6064793040368661;-0.3973785318201707;-0.6452449037581256;-0.6383880146024472;0.12683297727113388;-0.03906284581579663;-0.13102664198292355
14501;-0.6394462276618011;-0.6908955602052141;-1.0311160416746437;-0.6452449037581256;-0.8050992523932144;-1.6433818895499084;-1.3992869411872828;-0.8264953379259854
14502;1.0051920259565554;-0.35323053553182193;0.40919648072188575;0.769629463518728;0.6119462688283073;1.1889618973637592;0.7770716114070951;1.2599107499032
14506;1.7874955179928433;0.14677344331147038;0.6396464843053304;-0.6452449037581256;1.3621468388867597;1.1889618973637592;0.5050267923327979;1.8394679965224183
14514;-0.4956141248122945;-0.25582716302988184;0.17874647713844105;-0.6452449037581256;-0.30496553902091267;0.48087595063534233;-0.03906284581579663;0.10079625666476372
14524;-0.6057897766787134;-0.496088815201334;0.2939714789301634;-0.6452449037581256;-0.5550323957070635;0.48087595063534233;0.23298197325850062;-0.13102664198292355
14525;-0.1400989104863336;-0.515569489701722;-0.10931602734086482;0.06219227988030119;0.36187941214215635;-1.2893389161857;-0.5831524839643911;-0.2469380913067672
14532;-0.23088549881460166;-0.37920476819900595;0.06352147534671872;0.06219227988030119;-0.22160992012552902;0.8349189239995508;0.5050267923327979;-0.13102664198292355
14533;-0.45385925824818013;-0.593492187703274;-0.6278285354036154;-0.6452449037581256;-0.6383880146024472;-0.581252969457283;-0.5831524839643911;-0.594672439278298
14534;1.2847912459977595;-0.17141090686153382;-0.3397660309243095;0.769629463518728;0.6953018877236908;0.12683297727113388;-0.03906284581579663;-0.3628495406306108
14540;-0.42067620600562455;-0.6389470948708461;-0.7430535371953377;-0.6452449037581256;-0.30496553902091267;-0.9352959428214915;-0.8551973030386884;-0.8264953379259854
14543;0.1172569744836483;-0.5805050713696821;-0.6854410362994766;0.06219227988030119;-0.30496553902091267;-0.581252969457283;-0.5831524839643911;-0.7105838886021417
14544;1.0624252806023189;2.5883513140267675;1.5614464986391092;-0.6452449037581256;1.0287243633052254;1.1889618973637592;0.23298197325850062;1.607645097874731
14548;-0.9257532518772189;-0.7038826765388061;-1.0887285425705049;-0.6452449037581256;-0.9718104901839817;-1.2893389161857;-1.1272421221129856;-1.0583182365736727
14549;2.0302550085228095;2.1662700331850275;0.9853214896804975;-0.6452449037581256;1.2787912199913762;1.1889618973637592;0.5050267923327979;1.1439993005793565
14553;-0.6728837159841343;-0.5285566060353141;0.12113397624257989;-0.6452449037581256;-0.6383880146024472;0.48087595063534233;0.23298197325850062;-0.13102664198292355
14560;-0.20391499494140816;-0.541543722368906;-0.22454102913258717;1.4770666471571545;-0.05489868233476177;0.48087595063534233;1.0491164304813922;-0.13102664198292355
14565;-0.13153411911770632;-0.009071952691633722;1.6766715004308317;-0.6452449037581256;0.27852379324677273;0.48087595063534233;-0.03906284581579663;0.7962649526078255
14572;1.2677240566089654;-0.015565510858429726;0.3515839798260246;-0.6452449037581256;2.445769884526747;1.1889618973637592;0.5050267923327979;0.9121764019316692
14573;2.40050292262941;3.335110503208308;1.9071215040142764;-0.6452449037581256;1.8622805522590615;0.48087595063534233;-0.03906284581579663;1.9553794458462619
14576;-1.0461229701475572;-0.7168697928723982;-1.146341043466366;-0.6452449037581256;-1.0551661090793654;-1.6433818895499084;-1.3992869411872828;-0.942406787249829
14577;0.08956088363553091;-0.26881427936347385;0.5244214825136081;-0.6452449037581256;0.44523503103754;1.1889618973637592;0.5050267923327979;0.4485306046362946
14589;-0.9590133564228392;-0.496088815201334;-1.0311160416746437;-0.6452449037581256;-1.0551661090793654;-1.2893389161857;-1.1272421221129856;-0.8264953379259854
14594;1.070400569305467;-0.3272563028646379;-0.3397660309243095;0.06219227988030119;0.9453687444098418;0.12683297727113388;-0.03906284581579663;0.332619155312451
14595;-0.7661937630673679;-0.6779084438716221;-0.9735035407787824;-0.6452449037581256;-0.7217436334978308;-1.2893389161857;-1.1272421221129856;-0.7105838886021417
14600;-0.731842264945649;-0.6649213275380301;-1.0887285425705049;-0.6452449037581256;-0.9718104901839817;-1.6433818895499084;-1.3992869411872828;-1.0583182365736727
14608;-1.0700791050173204;-0.7168697928723982;-1.146341043466366;-0.6452449037581256;-1.0551661090793654;-1.6433818895499084;-1.3992869411872828;-1.0583182365736727
14616;-1.018239453200483;-0.7168697928723982;-1.146341043466366;-0.6452449037581256;-1.0551661090793654;-1.6433818895499084;-1.3992869411872828;-1.0583182365736727
14618;-0.8111538611431424;-0.463621024367354;-0.8582785389870601;0.06219227988030119;-0.888454871288598;-0.581252969457283;-0.5831524839643911;-0.942406787249829
14621;0.5241235452185324;5.861104630091954;-0.28215353002844834;-0.6452449037581256;-0.22160992012552902;0.12683297727113388;-0.3111076648900939;-0.4787609899544545
14625;0.14354561385135567;0.04937007080953031;0.6396464843053304;0.06219227988030119;-0.1382543012301454;0.12683297727113388;-0.03906284581579663;0.4485306046362946
14627;-0.7994977402168114;-0.6779084438716221;-0.9158910398829213;-0.6452449037581256;-0.8050992523932144;-0.9352959428214915;-0.8551973030386884;-0.8264953379259854
14639;0.3900919648440108;-0.37920476819900595;0.9277089887846364;0.769629463518728;0.6953018877236908;0.8349189239995508;0.7770716114070951;-0.3628495406306108
14643;-0.5119351754969217;-0.2753078375302699;-0.166928528236726;0.06219227988030119;-0.30496553902091267;-0.22720999609307457;0.23298197325850062;-0.942406787249829
14653;0.057175011617883485;0.4195028863169025;0.005908974450857535;-0.6452449037581256;0.27852379324677273;-0.22720999609307457;-0.3111076648900939;0.10079625666476372
14657;1.3887835464624367;0.9065197488266027;1.446221496847387;-0.6452449037581256;1.6122136955729107;0.8349189239995508;0.23298197325850062;2.0712908951701055
14659;1.4665371272426542;0.0298893963091423;0.812483986992914;-0.6452449037581256;0.6119462688283073;1.1889618973637592;0.5050267923327979;0.5644420539601382
14662;0.7132596247838765;0.05586362897632632;-0.3973785318201707;-0.6452449037581256;0.36187941214215635;0.8349189239995508;0.23298197325850062;0.10079625666476372
14665;1.3581770922065874;1.8935405901795954;0.17874647713844105;-0.6452449037581256;-0.1382543012301454;0.48087595063534233;0.23298197325850062;-0.3628495406306108
14669;1.962494743620823;0.22469614131302243;3.6354965308901117;0.06219227988030119;2.445769884526747;2.605133790820593;1.593206068629987;3.1144939390846984
14672;0.005691770491915425;0.3675544209825345;0.2939714789301634;-0.6452449037581256;0.1951681743513891;1.1889618973637592;0.5050267923327979;0.10079625666476372
14673;-0.3367631702133905;-0.541543722368906;-0.5702160345077543;-0.6452449037581256;-0.5550323957070635;-0.581252969457283;-0.8551973030386884;-0.4787609899544545
14679;-1.00915928384892;-0.7168697928723982;-1.146341043466366;-0.6452449037581256;-1.0551661090793654;-1.6433818895499084;-1.3992869411872828;-0.942406787249829
14680;2.5185609300142238;3.0234197112021;2.713696516556333;3.5993781980724346;2.0289917900498287;0.8349189239995508;1.0491164304813922;3.1144939390846984
14684;0.4272529110438688;0.9974295631617468;0.8700964878887751;-0.6452449037581256;0.8620131255144581;0.8349189239995508;0.5050267923327979;0.5644420539601382
14688;2.2908843735939546;0.08183786164351033;0.812483986992914;2.891941014434008;2.0289917900498287;1.8970478440921763;3.4975198021500677;1.0280878512555127
14692;1.2597147082522593;-0.41167255903298594;0.005908974450857535;0.06219227988030119;0.36187941214215635;0.12683297727113388;-0.3111076648900939;-0.015115192659079922
14696;0.5168388496672394;-0.09998176702677777;0.06352147534671872;0.769629463518728;1.0287243633052254;0.48087595063534233;1.0491164304813922;0.21670770598860736
14701;2.560667836690424;1.0753522611632989;0.40919648072188575;-0.6452449037581256;2.0289917900498287;1.5430048707279678;0.7770716114070951;0.6803535032839819
14702;2.606479993279482;1.276652564333975;2.771309017452194;1.4770666471571545;2.2790586467359795;1.5430048707279678;2.409340525852879;3.3463168377323855
14708;-0.05860417682307586;-0.2882949538638619;-0.45499103271603186;0.06219227988030119;-0.4716767768116799;0.48087595063534233;0.5050267923327979;-0.2469380913067672
14709;0.15078717912995476;-0.054526859859205745;0.5820339834094693;0.769629463518728;0.27852379324677273;0.48087595063534233;1.0491164304813922;0.9121764019316692
14713;2.3163222222498576;0.6987258874891307;1.503833997743248;0.769629463518728;2.9459035978990484;1.1889618973637592;1.3211612495556897;2.53493669246548
14715;-0.8341337179770477;-0.6389470948708461;-0.45499103271603186;-0.6452449037581256;-0.5550323957070635;0.12683297727113388;-0.03906284581579663;-0.594672439278298
14723;2.1574518919743984;1.2052234244992188;3.116984022827361;0.06219227988030119;2.2790586467359795;2.605133790820593;2.681385344927176;2.7667595911131673
14729;2.767200446271609;1.562369123672999;0.9277089887846364;0.06219227988030119;2.3624142656313634;1.5430048707279678;0.7770716114070951;2.0712908951701055
14732;-0.9186928320757748;-0.6584277693712342;-0.6278285354036154;-0.6452449037581256;-0.7217436334978308;-0.581252969457283;-0.5831524839643911;-0.4787609899544545
14735;0.26040937726506264;0.6337903058211707;0.12113397624257989;0.769629463518728;0.44523503103754;1.5430048707279678;0.7770716114070951;0.9121764019316692
14737;-0.9556060732208144;-0.5869986295364781;-0.7430535371953377;-0.6452449037581256;-0.9718104901839817;-0.9352959428214915;-0.8551973030386884;-0.8264953379259854
14738;-0.14888263949331776;-0.6129728622036621;-0.7430535371953377;-0.6452449037581256;-0.3883211579162963;-0.581252969457283;-0.5831524839643911;-0.7105838886021417
14739;-0.6247340670992068;-0.53505016420211;-0.166928528236726;0.769629463518728;-0.22160992012552902;-0.581252969457283;-0.03906284581579663;-0.13102664198292355
14741;-0.3756043704132875;-0.509075931534926;-0.166928528236726;0.06219227988030119;-0.4716767768116799;-0.22720999609307457;0.5050267923327979;-0.4787609899544545
14744;-0.2879915062276791;0.1597605596450624;-0.5702160345077543;1.4770666471571545;-0.3883211579162963;0.12683297727113388;0.23298197325850062;-0.594672439278298
14748;-0.29886319167028885;0.6402838639879667;0.6972589852011917;0.06219227988030119;0.44523503103754;0.12683297727113388;0.23298197325850062;0.7962649526078255
14755;0.11842536197721706;-0.463621024367354;-0.05170352644500364;-0.6452449037581256;0.36187941214215635;0.8349189239995508;0.23298197325850062;0.332619155312451
14761;-0.64718810743997;0.0298893963091423;-0.800666038091199;-0.6452449037581256;-0.888454871288598;-0.581252969457283;-0.5831524839643911;-0.7105838886021417
14766;-0.7089736284987553;-0.6584277693712342;-0.800666038091199;0.769629463518728;-0.7217436334978308;-1.2893389161857;-1.1272421221129856;-0.942406787249829
14769;1.1388832892122753;-0.20387869769551384;0.6972589852011917;0.769629463518728;1.6122136955729107;0.8349189239995508;0.7770716114070951;1.8394679965224183
14770;-0.5471782424977628;0.1792412341454504;-0.22454102913258717;0.06219227988030119;-0.3883211579162963;1.5430048707279678;0.7770716114070951;-0.13102664198292355
14775;-0.37893448454105877;-0.444140349866966;-0.22454102913258717;-0.6452449037581256;-0.3883211579162963;-0.22720999609307457;-0.5831524839643911;-0.2469380913067672
14776;0.24647940017040412;-0.522063047868518;-0.3397660309243095;-0.6452449037581256;0.44523503103754;0.12683297727113388;-0.03906284581579663;-0.015115192659079922
14777;-1.0444961222848341;-0.7103762347056022;-1.0887285425705049;-0.6452449037581256;-1.0551661090793654;-1.6433818895499084;-1.3992869411872828;-1.0583182365736727
14778;0.14869022297198592;-0.25582716302988184;-0.45499103271603186;-0.6452449037581256;0.11181255545600548;-0.22720999609307457;-0.3111076648900939;-0.2469380913067672
14779;2.719435091369296;3.451994550210636;0.12113397624257989;0.06219227988030119;0.5285906499329236;0.48087595063534233;0.7770716114070951;0.21670770598860736
14782;-0.8556044197954255;-0.6519342112044381;-0.9158910398829213;-0.6452449037581256;-0.888454871288598;-0.22720999609307457;-0.3111076648900939;-0.8264953379259854
14784;-0.9642023344248457;-0.6454406530376421;-1.0311160416746437;-0.6452449037581256;-0.888454871288598;-1.2893389161857;-1.1272421221129856;-0.8264953379259854
14794;-0.7227201330332808;-0.6389470948708461;-0.800666038091199;-0.6452449037581256;-0.7217436334978308;-0.581252969457283;-0.5831524839643911;-0.4787609899544545
14798;-0.5361406335365492;-0.6714148857048261;-0.8582785389870601;-0.6452449037581256;-0.7217436334978308;-1.2893389161857;-1.1272421221129856;-1.0583182365736727
14805;0.2540275231830185;-0.3597240936986179;-0.512603533611893;-0.6452449037581256;0.11181255545600548;-0.22720999609307457;-0.3111076648900939;-0.015115192659079922
14810;1.8101737923794594;1.0883393774968908;1.2733839941598033;0.769629463518728;0.8620131255144581;1.1889618973637592;1.593206068629987;1.4917336485508874
14813;0.23432961653186996;-0.45063390803376197;-0.45499103271603186;0.06219227988030119;0.9453687444098418;-0.22720999609307457;-0.3111076648900939;-0.2469380913067672
14821;-0.9225162711133813;-0.7038826765388061;-1.0887285425705049;-0.6452449037581256;-1.0551661090793654;-1.6433818895499084;-1.3992869411872828;-0.942406787249829
14825;-0.14286697151881275;0.7376872364899068;-0.3397660309243095;0.769629463518728;-0.22160992012552902;0.48087595063534233;0.23298197325850062;-0.3628495406306108
14828;-0.9365811105904011;-0.6908955602052141;-0.9158910398829213;-0.6452449037581256;-0.888454871288598;-1.2893389161857;-1.1272421221129856;-0.8264953379259854
14829;1.034638208316463;-0.418166117199782;-0.05170352644500364;1.4770666471571545;0.44523503103754;-0.581252969457283;0.23298197325850062;-0.13102664198292355
14841;-0.0327249163915953;-0.56751795503609;-0.3973785318201707;-0.6452449037581256;-0.22160992012552902;-0.581252969457283;-0.5831524839643911;-0.7105838886021417
14842;-0.9949335920592135;-0.7103762347056022;-1.0887285425705049;-0.6452449037581256;-0.9718104901839817;-1.2893389161857;-1.1272421221129856;-1.0583182365736727
14849;1.3400452123103523;0.6987258874891307;1.1005464914722198;2.184503830795581;1.4455024577821434;0.12683297727113388;0.5050267923327979;0.6803535032839819
14850;-0.4016738552818586;-0.5285566060353141;0.06352147534671872;0.06219227988030119;-0.1382543012301454;-0.22720999609307457;-0.3111076648900939;0.10079625666476372
14865;-1.051836943073984;-0.7038826765388061;-1.0311160416746437;-0.6452449037581256;-1.0551661090793654;-1.2893389161857;-1.1272421221129856;-1.0583182365736727
14866;-1.0659698851765202;-0.7168697928723982;-1.146341043466366;-0.6452449037581256;-1.0551661090793654;-1.6433818895499084;-1.3992869411872828;-1.0583182365736727
14867;-0.6441414303508154;-0.476608140700946;-0.28215353002844834;0.06219227988030119;-0.4716767768116799;0.48087595063534233;0.23298197325850062;-0.2469380913067672
14871;-0.6433585128925495;-0.496088815201334;0.23635897803430223;-0.6452449037581256;-0.4716767768116799;-0.22720999609307457;-0.5831524839643911;-0.015115192659079922
14878;-0.6093506390165174;-0.6194664203704581;-0.45499103271603186;-0.6452449037581256;-0.6383880146024472;-0.9352959428214915;-0.8551973030386884;-0.594672439278298
14889;-0.8266940003317128;-0.59998574587007;-0.6854410362994766;-0.6452449037581256;-0.5550323957070635;-0.581252969457283;-0.5831524839643911;-0.8264953379259854
14895;-1.032343744657747;-0.5285566060353141;-1.0311160416746437;-0.6452449037581256;-1.0551661090793654;-1.2893389161857;-1.1272421221129856;-1.0583182365736727
14896;0.5567896097039057;-0.29478851203065787;0.17874647713844105;0.06219227988030119;0.44523503103754;0.48087595063534233;-0.03906284581579663;-0.13102664198292355
14898;-0.33572771003676694;-0.3856983263658019;-0.6854410362994766;1.4770666471571545;-0.3883211579162963;-0.9352959428214915;-0.3111076648900939;-0.4787609899544545
14901;1.0446778781862809;-0.07400753435959376;0.4668089816177469;2.184503830795581;0.9453687444098418;0.48087595063534233;1.593206068629987;1.1439993005793565
14907;1.099254596625748;0.9714553304945628;1.0429339905763586;0.769629463518728;0.5285906499329236;0.8349189239995508;1.3211612495556897;1.0280878512555127
14913;-0.6244580783942811;-0.5285566060353141;-0.28215353002844834;-0.6452449037581256;-0.5550323957070635;-0.22720999609307457;-0.3111076648900939;-0.594672439278298
14916;-0.15121784641020494;-0.593492187703274;-0.512603533611893;-0.6452449037581256;-0.5550323957070635;-0.581252969457283;-0.5831524839643911;-0.3628495406306108
14932;-0.6976261505062413;-0.37920476819900595;-0.22454102913258717;-0.6452449037581256;-0.888454871288598;-0.581252969457283;-0.5831524839643911;-0.3628495406306108
14944;-1.054139754326755;-0.7103762347056022;-1.146341043466366;-0.6452449037581256;-1.0551661090793654;-1.6433818895499084;-1.3992869411872828;-1.0583182365736727
14952;-0.8006047894730197;-0.625959978537254;-0.6278285354036154;0.06219227988030119;-0.5550323957070635;-0.581252969457283;-0.3111076648900939;-0.7105838886021417
14961;0.4038749186710663;-0.2623207211966779;0.6972589852011917;0.06219227988030119;0.36187941214215635;0.8349189239995508;0.23298197325850062;1.1439993005793565
14970;-0.4760187099017886;0.01040872180875429;-0.9158910398829213;-0.6452449037581256;-0.8050992523932144;-0.581252969457283;-0.5831524839643911;-0.7105838886021417
14976;-0.6400290076431202;-0.489595257034538;-0.3973785318201707;-0.6452449037581256;-0.30496553902091267;-0.22720999609307457;-0.3111076648900939;-0.594672439278298
14978;1.0923086209302089;0.04937007080953031;1.9647340049101374;1.4770666471571545;1.2787912199913762;1.5430048707279678;1.8652508877042842;1.3758221992270436
14985;0.8978647987229648;-0.3142691865310459;0.812483986992914;0.06219227988030119;1.528858076677527;0.48087595063534233;-0.03906284581579663;1.2599107499032
14987;-0.9175404839390789;-0.5545308387024981;-1.0887285425705049;-0.6452449037581256;-1.0551661090793654;-1.2893389161857;-1.1272421221129856;-1.0583182365736727
15002;0.43380882926454184;0.2961252811477785;1.2733839941598033;0.769629463518728;0.7786575066190745;1.5430048707279678;2.1372957067785814;1.8394679965224183
15012;1.7143419421899029;0.47145135165127056;0.812483986992914;0.06219227988030119;1.3621468388867597;0.48087595063534233;0.23298197325850062;0.5644420539601382
15018;-0.9446807772913084;-0.5545308387024981;-0.9158910398829213;-0.6452449037581256;-1.0551661090793654;-0.9352959428214915;-0.8551973030386884;-0.942406787249829
15021;0.7255340241329469;2.7701709426970558;1.5614464986391092;0.769629463518728;0.44523503103754;1.8970478440921763;1.0491164304813922;1.1439993005793565
15023;2.630374014217559;1.471459309337855;3.1745965237232223;0.769629463518728;2.2790586467359795;2.251090817456385;2.9534301640014733;3.5781397363800727
15024;0.9757025631895679;3.536410806378984;1.3309964950556645;0.06219227988030119;0.44523503103754;2.251090817456385;1.0491164304813922;1.0280878512555127
15028;-0.612398041755203;-0.35323053553182193;-0.3973785318201707;-0.6452449037581256;-0.5550323957070635;-0.22720999609307457;-0.3111076648900939;-0.8264953379259854
15032;-0.17517841858514563;0.5169062588188426;0.12113397624257989;0.06219227988030119;0.36187941214215635;0.12683297727113388;-0.3111076648900939;0.6803535032839819
15033;0.7368082282044367;0.5298933751524346;1.6190589995349705;-0.6452449037581256;0.028456936560621857;2.9591767641848015;1.593206068629987;0.9121764019316692
15034;1.7705297652335923;1.3156139133347509;2.0223465058059986;0.06219227988030119;1.7789249333636779;1.1889618973637592;0.7770716114070951;2.53493669246548
15038;0.09087693663824206;-0.2753078375302699;0.06352147534671872;0.06219227988030119;0.7786575066190745;0.48087595063534233;-0.03906284581579663;-0.015115192659079922
15044;2.944038125838167;3.133810200037632;4.096396538057001;1.4770666471571545;3.1959704545851997;1.8970478440921763;3.769564621224365;3.694051185703916
15046;0.7307191695377183;0.016902279975550293;0.9853214896804975;0.769629463518728;0.6119462688283073;0.12683297727113388;0.5050267923327979;0.332619155312451
15048;-0.34376019577046996;-0.3012820701974539;0.06352147534671872;-0.6452449037581256;-0.7217436334978308;0.8349189239995508;0.23298197325850062;-0.4787609899544545
15052;0.37636461912526153;-0.2882949538638619;0.06352147534671872;-0.6452449037581256;0.44523503103754;-0.22720999609307457;-0.5831524839643911;-0.015115192659079922
15057;0.24052492029887365;-0.2882949538638619;-0.3397660309243095;-0.6452449037581256;0.27852379324677273;0.12683297727113388;-0.03906284581579663;-0.3628495406306108
15058;1.6103927261235238;-0.09998176702677777;0.812483986992914;0.06219227988030119;1.6122136955729107;1.1889618973637592;0.5050267923327979;1.1439993005793565
15059;0.017033614274565904;-0.43764679170016996;0.23635897803430223;0.06219227988030119;0.1951681743513891;0.12683297727113388;-0.03906284581579663;-0.015115192659079922
15062;-0.8862740722868581;-0.6519342112044381;-0.5702160345077543;-0.6452449037581256;-0.5550323957070635;-0.581252969457283;-0.8551973030386884;-0.594672439278298
15070;-0.8496518249445156;-0.054526859859205745;-1.146341043466366;-0.6452449037581256;-1.0551661090793654;-1.6433818895499084;-1.3992869411872828;-0.942406787249829
15078;1.5096977938089355;0.3480737464821465;1.2157714932639423;2.891941014434008;1.3621468388867597;0.12683297727113388;1.0491164304813922;1.3758221992270436
15079;0.7770504574693547;-0.47011458253415;-0.22454102913258717;0.06219227988030119;0.27852379324677273;-0.22720999609307457;-0.03906284581579663;0.7962649526078255
15081;-0.8460690012824024;-0.6584277693712342;-0.7430535371953377;-0.6452449037581256;-0.8050992523932144;-0.9352959428214915;-0.8551973030386884;-0.594672439278298
15090;0.010866969493633749;-0.515569489701722;-0.22454102913258717;0.06219227988030119;0.11181255545600548;-0.581252969457283;-0.5831524839643911;-0.13102664198292355
15093;0.6575851779313138;0.016902279975550293;0.23635897803430223;0.769629463518728;0.27852379324677273;1.1889618973637592;0.7770716114070951;0.332619155312451
15100;-0.671746005950045;-0.625959978537254;-0.9158910398829213;2.891941014434008;-0.6383880146024472;-0.581252969457283;-0.3111076648900939;-0.8264953379259854
15101;-0.9512849887393839;-0.6779084438716221;-0.9158910398829213;0.06219227988030119;-0.8050992523932144;-0.9352959428214915;-0.5831524839643911;-0.8264953379259854
15107;-0.318757069569181;-0.20387869769551384;-0.05170352644500364;3.5993781980724346;-0.1382543012301454;0.12683297727113388;0.7770716114070951;-0.7105838886021417
15110;-0.24539576199161678;3.9455049708871326;-0.9158910398829213;-0.6452449037581256;-0.3883211579162963;-0.581252969457283;-0.5831524839643911;-0.8264953379259854
15111;0.2074997427036883;4.322131344561301;-0.6278285354036154;-0.6452449037581256;-0.3883211579162963;-0.581252969457283;-0.5831524839643911;-0.594672439278298
15139;-0.9445853919115892;-0.6649213275380301;-0.7430535371953377;-0.6452449037581256;-0.8050992523932144;-0.9352959428214915;-0.8551973030386884;-0.7105838886021417
15144;0.7933865382741513;4.354599135395281;-0.22454102913258717;-0.6452449037581256;-0.30496553902091267;-0.581252969457283;-0.5831524839643911;-0.2469380913067672
15157;0.3194313371525405;0.08183786164351033;1.503833997743248;0.06219227988030119;0.8620131255144581;1.1889618973637592;0.5050267923327979;0.4485306046362946
15159;2.48570296042072;0.01040872180875429;1.0429339905763586;0.769629463518728;3.112614835689816;1.1889618973637592;1.593206068629987;1.607645097874731
15160;-0.912704092371506;-0.6908955602052141;-0.9735035407787824;-0.6452449037581256;-0.888454871288598;-0.9352959428214915;-0.8551973030386884;-0.8264953379259854
15164;-0.862804552153969;-0.56751795503609;-0.28215353002844834;-0.6452449037581256;-0.7217436334978308;0.8349189239995508;0.23298197325850062;-0.2469380913067672
15165;-0.032338929226741406;-0.24284004669628986;0.12113397624257989;-0.6452449037581256;-0.1382543012301454;1.1889618973637592;0.5050267923327979;0.21670770598860736
15167;0.13495907801919838;-0.39219188453259796;0.7548714860970528;0.06219227988030119;0.028456936560621857;0.48087595063534233;-0.03906284581579663;0.7962649526078255
15171;-1.0103478894397642;-0.6649213275380301;-0.800666038091199;0.06219227988030119;-0.888454871288598;-1.6433818895499084;-1.1272421221129856;-0.8264953379259854
15174;-0.8264829447486054;0.27664460664739043;-0.5702160345077543;-0.6452449037581256;-1.0551661090793654;-0.22720999609307457;-0.5831524839643911;-0.7105838886021417
15179;0.6732746424480682;-0.04803330169240974;0.6396464843053304;0.769629463518728;1.0287243633052254;1.1889618973637592;0.7770716114070951;0.7962649526078255
15180;-0.8090303562213013;-0.6844020020384182;-0.8582785389870601;-0.6452449037581256;-0.6383880146024472;-0.9352959428214915;-0.8551973030386884;-0.942406787249829
15181;-1.0412048429181657;-0.7103762347056022;-1.0887285425705049;0.06219227988030119;-0.9718104901839817;-1.6433818895499084;-1.1272421221129856;-1.0583182365736727
15189;-0.4314129915322768;-0.19738513952871783;-0.6854410362994766;1.4770666471571545;-0.5550323957070635;0.12683297727113388;-0.03906284581579663;-0.8264953379259854
15192;-0.601147454656665;0.4195028863169025;-0.3973785318201707;-0.6452449037581256;-0.3883211579162963;-0.22720999609307457;-0.3111076648900939;-0.594672439278298
15197;-1.0436233076927264;-0.6973891183720101;-0.9735035407787824;0.06219227988030119;-0.888454871288598;-1.6433818895499084;-1.1272421221129856;-0.7105838886021417
15199;-1.0015300799272242;-0.7038826765388061;-1.0311160416746437;-0.6452449037581256;-1.0551661090793654;-0.9352959428214915;-0.8551973030386884;-1.0583182365736727
15203;-0.9570266614599736;-0.47011458253415;-0.28215353002844834;-0.6452449037581256;-0.6383880146024472;-0.22720999609307457;-0.3111076648900939;-0.2469380913067672
15204;-0.9051297583973865;-0.6519342112044381;-0.6854410362994766;-0.6452449037581256;-0.5550323957070635;-0.9352959428214915;-0.8551973030386884;-0.8264953379259854
15208;-1.0352680955857472;-0.7038826765388061;-1.0311160416746437;-0.6452449037581256;-1.0551661090793654;-1.6433818895499084;-1.3992869411872828;-0.8264953379259854
15211;-0.49837673513249253;0.036382954475938305;0.06352147534671872;-0.6452449037581256;-0.4716767768116799;0.8349189239995508;0.23298197325850062;-0.015115192659079922
15213;-0.7383848045243957;-0.541543722368906;0.17874647713844105;0.06219227988030119;-0.3883211579162963;0.12683297727113388;0.23298197325850062;-0.2469380913067672
15215;-0.9538301669354815;-0.6973891183720101;-1.0887285425705049;-0.6452449037581256;-0.9718104901839817;-1.2893389161857;-1.1272421221129856;-0.942406787249829
15218;0.1327242192575582;0.9195068651601948;0.06352147534671872;0.06219227988030119;0.11181255545600548;0.12683297727113388;-0.3111076648900939;0.21670770598860736
15221;-0.9035138870264183;-0.6519342112044381;-0.7430535371953377;0.06219227988030119;-0.7217436334978308;-1.6433818895499084;-1.1272421221129856;-0.7105838886021417
15222;-0.6533419991389162;-0.6779084438716221;-0.9158910398829213;-0.6452449037581256;-0.7217436334978308;-1.2893389161857;-1.1272421221129856;-0.8264953379259854
15224;-0.910233485090709;-0.53505016420211;-0.28215353002844834;1.4770666471571545;-0.3883211579162963;0.48087595063534233;0.23298197325850062;-0.13102664198292355
15226;-0.6908463777460793;-0.6584277693712342;-0.7430535371953377;-0.6452449037581256;-0.5550323957070635;-0.9352959428214915;-0.8551973030386884;-0.8264953379259854
15227;-0.5940734476933142;-0.6129728622036621;-0.3397660309243095;-0.6452449037581256;-0.7217436334978308;-0.22720999609307457;-0.3111076648900939;-0.594672439278298
15235;2.3778406792588673;2.89354854786618;2.8865340192439164;2.891941014434008;1.6955693144682942;0.8349189239995508;2.1372957067785814;1.3758221992270436
15240;-0.1296777908464298;-0.5610243968692941;-0.3973785318201707;0.06219227988030119;-0.22160992012552902;-0.22720999609307457;0.23298197325850062;-0.3628495406306108
15246;-0.941948264745045;-0.56751795503609;-0.512603533611893;-0.6452449037581256;-0.6383880146024472;-0.581252969457283;-0.5831524839643911;-0.4787609899544545
15260;-0.2889801661799582;-0.5805050713696821;-0.3973785318201707;-0.6452449037581256;-0.3883211579162963;-0.22720999609307457;-0.5831524839643911;-0.3628495406306108
15262;-0.3256224314403948;-0.59998574587007;-0.800666038091199;-0.6452449037581256;-0.3883211579162963;-0.581252969457283;-0.5831524839643911;-0.4787609899544545
15266;-0.7725850672749123;-0.6779084438716221;-0.9158910398829213;-0.6452449037581256;-0.8050992523932144;-1.2893389161857;-1.1272421221129856;-0.8264953379259854
15270;-0.6708543077885352;-0.5610243968692941;-0.166928528236726;-0.6452449037581256;-0.4716767768116799;0.48087595063534233;0.23298197325850062;-0.8264953379259854
15271;0.7621667558598912;0.9909360049949508;0.812483986992914;0.06219227988030119;0.1951681743513891;1.1889618973637592;0.5050267923327979;0.4485306046362946
15279;-0.2363013298734116;-0.24284004669628986;0.005908974450857535;0.06219227988030119;-0.5550323957070635;-0.581252969457283;-0.5831524839643911;-0.015115192659079922
15281;0.6439758336693304;0.8870390743262148;1.3309964950556645;0.06219227988030119;1.112079982200609;1.1889618973637592;1.3211612495556897;1.3758221992270436
15288;0.09202341285229675;0.06885074530991832;0.17874647713844105;-0.6452449037581256;-0.30496553902091267;0.12683297727113388;-0.03906284581579663;-0.13102664198292355
15290;-0.792439422296767;-0.574011513202886;-0.10931602734086482;0.769629463518728;-0.5550323957070635;0.48087595063534233;0.5050267923327979;-0.015115192659079922
15291;-0.5723887376489103;-0.11946244152716579;0.6972589852011917;2.891941014434008;-0.05489868233476177;0.8349189239995508;1.593206068629987;-0.2469380913067672
15296;1.9037789869833948;0.6467774221547626;1.503833997743248;0.06219227988030119;1.3621468388867597;0.12683297727113388;-0.03906284581579663;1.607645097874731
15298;-0.08395704941666879;0.45846423531767855;1.0429339905763586;1.4770666471571545;0.27852379324677273;1.1889618973637592;1.3211612495556897;0.332619155312451
15299;-0.9107906546480662;-0.3597240936986179;-1.0311160416746437;-0.6452449037581256;-1.0551661090793654;-1.2893389161857;-1.1272421221129856;-0.8264953379259854
15301;0.6083045291852577;0.4909320261516586;0.4668089816177469;-0.6452449037581256;0.27852379324677273;1.5430048707279678;0.7770716114070951;0.10079625666476372
15304;-0.947215988232355;-0.6908955602052141;-0.9735035407787824;-0.6452449037581256;-0.888454871288598;-0.9352959428214915;-0.8551973030386884;-0.942406787249829
15312;-0.7573280481745887;-0.548037280535702;-0.28215353002844834;0.06219227988030119;-0.7217436334978308;-0.22720999609307457;-0.3111076648900939;-0.3628495406306108
15316;-1.0511772692647852;-0.7168697928723982;-1.146341043466366;-0.6452449037581256;-1.0551661090793654;-1.6433818895499084;-1.3992869411872828;-1.0583182365736727
15326;-0.2765057586363284;-0.463621024367354;0.2939714789301634;-0.6452449037581256;-0.30496553902091267;0.12683297727113388;-0.03906284581579663;0.21670770598860736
15329;-1.030007190701788;-0.5805050713696821;-1.0311160416746437;-0.6452449037581256;-1.0551661090793654;-0.9352959428214915;-0.8551973030386884;-0.8264953379259854
15332;0.141432922775685;0.7766485854906827;0.17874647713844105;0.06219227988030119;0.27852379324677273;0.12683297727113388;-0.03906284581579663;0.5644420539601382
15339;1.2828999364146134;-0.26881427936347385;-0.10931602734086482;-0.6452449037581256;1.528858076677527;-0.22720999609307457;-0.3111076648900939;1.7235565471985745
15346;-0.752056909130004;-0.53505016420211;-0.28215353002844834;-0.6452449037581256;-0.5550323957070635;0.12683297727113388;-0.3111076648900939;-0.2469380913067672
15347;-1.0265484739614597;-0.6908955602052141;-0.9158910398829213;-0.6452449037581256;-0.9718104901839817;-1.6433818895499084;-1.3992869411872828;-1.0583182365736727
15350;-0.8092799546375393;-0.6908955602052141;-0.9735035407787824;-0.6452449037581256;-0.888454871288598;-1.2893389161857;-1.1272421221129856;-0.942406787249829
15353;-0.5924093665029356;-0.593492187703274;-0.512603533611893;-0.6452449037581256;-0.8050992523932144;-0.22720999609307457;-0.3111076648900939;-0.8264953379259854
15361;-0.8540548577781445;-0.6779084438716221;-0.800666038091199;-0.6452449037581256;-0.7217436334978308;-1.2893389161857;-1.1272421221129856;-0.7105838886021417
15363;-0.5468713553021787;-0.5610243968692941;-0.28215353002844834;-0.6452449037581256;-0.9718104901839817;-0.581252969457283;-0.5831524839643911;-0.2469380913067672
15365;-0.1762063303384878;-0.6194664203704581;-0.6854410362994766;-0.6452449037581256;-0.3883211579162963;-0.581252969457283;-0.5831524839643911;-0.4787609899544545
15366;-0.4995687562806115;-0.431153233533374;-0.800666038091199;-0.6452449037581256;-0.6383880146024472;-0.9352959428214915;-0.8551973030386884;-0.7105838886021417
15370;-1.0250278795398213;-0.6714148857048261;-0.7430535371953377;-0.6452449037581256;-0.9718104901839817;-0.9352959428214915;-0.8551973030386884;-0.7105838886021417
15373;0.06062586715496003;0.7636614691570908;-0.05170352644500364;1.4770666471571545;0.1951681743513891;0.48087595063534233;1.593206068629987;-0.3628495406306108
15380;-0.9141732198916442;-0.6779084438716221;-1.146341043466366;-0.6452449037581256;-1.0551661090793654;-1.6433818895499084;-1.3992869411872828;-1.0583182365736727
15384;-0.3367254447785821;0.3610608628157385;-0.10931602734086482;0.06219227988030119;-0.05489868233476177;0.48087595063534233;0.23298197325850062;-0.015115192659079922
15392;-0.37666481128353296;-0.496088815201334;-0.28215353002844834;0.769629463518728;-0.30496553902091267;0.8349189239995508;0.23298197325850062;-0.2469380913067672
15394;0.1218341048191029;-0.41167255903298594;-0.166928528236726;-0.6452449037581256;0.11181255545600548;0.12683297727113388;-0.03906284581579663;-0.2469380913067672
15395;-0.6882863612681943;-0.6519342112044381;-0.8582785389870601;-0.6452449037581256;-0.6383880146024472;-0.9352959428214915;-0.8551973030386884;-0.4787609899544545
15415;2.1259258979692897;-0.3272563028646379;-0.3397660309243095;0.06219227988030119;2.0289917900498287;-0.9352959428214915;-0.8551973030386884;0.9121764019316692
15421;-0.7761668316555264;-0.476608140700946;-0.28215353002844834;-0.6452449037581256;-0.9718104901839817;-0.9352959428214915;-0.8551973030386884;-0.4787609899544545
15422;-0.9263068557429156;-0.6844020020384182;-0.8582785389870601;0.06219227988030119;-0.8050992523932144;-0.22720999609307457;-0.3111076648900939;-0.7105838886021417
15426;2.044166281375249;2.1338022423510474;2.828921518348055;0.769629463518728;1.6122136955729107;1.5430048707279678;1.0491164304813922;3.462228287056229
15443;0.46174274132041854;-0.28180139569706586;0.9853214896804975;-0.6452449037581256;0.8620131255144581;0.48087595063534233;-0.03906284581579663;1.1439993005793565
15447;-0.7698902134370639;-0.43764679170016996;-0.6854410362994766;-0.6452449037581256;-0.7217436334978308;-0.581252969457283;-0.5831524839643911;-0.8264953379259854
15448;1.0655072976577094;-0.3727112100322099;-0.3973785318201707;-0.6452449037581256;0.6119462688283073;-0.22720999609307457;-0.3111076648900939;0.6803535032839819
15454;-0.25020738555594774;0.01040872180875429;0.12113397624257989;-0.6452449037581256;-0.22160992012552902;0.12683297727113388;-0.3111076648900939;-0.4787609899544545
15456;-0.4320560254470596;-0.5285566060353141;0.06352147534671872;-0.6452449037581256;-0.1382543012301454;0.48087595063534233;-0.03906284581579663;-0.13102664198292355
15460;1.9143669100962186;1.055871586662911;1.158158992368081;0.06219227988030119;1.6122136955729107;0.8349189239995508;0.5050267923327979;1.2599107499032
15465;-0.33586902819771336;-0.1519302323611458;-0.05170352644500364;1.4770666471571545;-0.22160992012552902;-0.22720999609307457;0.5050267923327979;-0.015115192659079922
15468;-1.0717326684599002;-0.7168697928723982;-1.146341043466366;-0.6452449037581256;-1.0551661090793654;-1.6433818895499084;-1.3992869411872828;-0.942406787249829
15482;-0.9137392064049626;-0.3142691865310459;-0.7430535371953377;-0.6452449037581256;-0.7217436334978308;-0.581252969457283;-0.8551973030386884;-0.942406787249829
15485;0.10160930571171474;1.419510844003487;0.8700964878887751;0.06219227988030119;-0.1382543012301454;1.5430048707279678;1.593206068629987;0.7962649526078255
15497;-0.30261365288524295;-0.6324535367040501;-0.6854410362994766;0.06219227988030119;-0.3883211579162963;-0.22720999609307457;-0.03906284581579663;-0.942406787249829
15502;1.0115681624207438;1.8415921248452274;0.7548714860970528;0.06219227988030119;0.6953018877236908;1.1889618973637592;0.7770716114070951;0.7962649526078255
15503;0.6852601540462412;1.8545792411788193;1.3886089959515258;-0.6452449037581256;2.1123474089452126;0.48087595063534233;-0.03906284581579663;1.1439993005793565
15510;-1.0590200393501494;-0.7168697928723982;-1.146341043466366;-0.6452449037581256;-1.0551661090793654;-1.6433818895499084;-1.3992869411872828;-1.0583182365736727
15512;-0.9922853382665286;-0.6454406530376421;-0.8582785389870601;-0.6452449037581256;-0.8050992523932144;-0.9352959428214915;-0.8551973030386884;-0.8264953379259854
15513;1.2099538087991235;1.7831501013440632;1.0429339905763586;2.184503830795581;0.36187941214215635;0.8349189239995508;1.593206068629987;0.5644420539601382
15514;2.216070932874634;2.6922482446955036;3.116984022827361;0.769629463518728;3.1959704545851997;1.5430048707279678;1.8652508877042842;3.230405388408542
15518;0.9315069035314183;0.2636574903137984;1.6190589995349705;0.06219227988030119;1.1954356010959926;1.5430048707279678;2.1372957067785814;1.1439993005793565
15525;2.6347662999314108;1.9844504045147393;0.7548714860970528;-0.6452449037581256;1.8622805522590615;1.8970478440921763;1.0491164304813922;0.6803535032839819
15527;0.26522667257285376;-0.457127466200558;0.005908974450857535;0.06219227988030119;0.27852379324677273;0.48087595063534233;0.7770716114070951;0.332619155312451
15529;2.6285458653363993;1.419510844003487;1.6766715004308317;1.4770666471571545;2.3624142656313634;1.5430048707279678;1.0491164304813922;2.4190252431416366
15532;1.6370239137738205;-0.1259559996939618;0.812483986992914;0.06219227988030119;1.2787912199913762;1.1889618973637592;0.5050267923327979;0.9121764019316692
15535;0.5455755719874882;-0.3142691865310459;0.4668089816177469;0.769629463518728;1.3621468388867597;0.8349189239995508;0.7770716114070951;0.4485306046362946
15544;-0.10603300967022564;-0.496088815201334;-0.22454102913258717;-0.6452449037581256;0.11181255545600548;-0.22720999609307457;-0.3111076648900939;0.332619155312451
15545;0.6258972514800211;-0.1259559996939618;0.06352147534671872;-0.6452449037581256;-0.1382543012301454;-0.581252969457283;-0.8551973030386884;-0.594672439278298
15547;2.5337425608009245;1.5948369145069792;2.0223465058059986;1.4770666471571545;2.862547979003665;1.1889618973637592;0.5050267923327979;3.3463168377323855
15549;2.907213113667128;0.9649617723277668;0.6396464843053304;0.769629463518728;1.6122136955729107;1.5430048707279678;0.7770716114070951;1.9553794458462619
15555;1.8226944329730876;0.8350906089918467;2.828921518348055;0.769629463518728;2.9459035978990484;1.5430048707279678;2.1372957067785814;3.462228287056229
15562;-1.0365892114535762;-0.7168697928723982;-1.146341043466366;-0.6452449037581256;-1.0551661090793654;-1.6433818895499084;-1.3992869411872828;-1.0583182365736727
15563;-0.4275220170434997;-0.5545308387024981;-0.10931602734086482;-0.6452449037581256;-0.6383880146024472;-0.581252969457283;-0.5831524839643911;-0.015115192659079922
15569;-0.9480834897353684;-0.39868544269939393;-0.800666038091199;-0.6452449037581256;-1.0551661090793654;-1.2893389161857;-1.1272421221129856;-0.7105838886021417
15579;0.6264232556411453;-0.496088815201334;-0.3397660309243095;0.06219227988030119;0.36187941214215635;0.48087595063534233;-0.03906284581579663;-0.3628495406306108
15581;0.3324846003314629;0.1792412341454504;1.3309964950556645;0.769629463518728;0.27852379324677273;1.1889618973637592;0.23298197325850062;1.0280878512555127
15587;-0.7823524767770496;-0.496088815201334;-1.0311160416746437;-0.6452449037581256;-0.9718104901839817;-0.9352959428214915;-0.8551973030386884;-0.942406787249829
15589;-0.48237059966268525;-0.35323053553182193;-0.512603533611893;-0.6452449037581256;-0.6383880146024472;-0.22720999609307457;-0.3111076648900939;-0.4787609899544545
15596;0.5012104272894736;0.8480777253254387;0.9853214896804975;0.769629463518728;0.36187941214215635;1.1889618973637592;1.8652508877042842;0.9121764019316692
15602;-0.3865661239761226;-0.593492187703274;-0.45499103271603186;2.891941014434008;-0.1382543012301454;0.12683297727113388;0.7770716114070951;-0.2469380913067672
15605;-0.043703726888806554;-0.5869986295364781;-0.9158910398829213;-0.6452449037581256;-0.3883211579162963;-1.6433818895499084;-1.3992869411872828;-0.4787609899544545
15606;-0.8772032404600062;-0.6324535367040501;-0.6854410362994766;-0.6452449037581256;-0.8050992523932144;-0.22720999609307457;-0.5831524839643911;-0.13102664198292355
15607;-0.680282029902211;-0.6129728622036621;-0.45499103271603186;-0.6452449037581256;-0.6383880146024472;-0.9352959428214915;-0.8551973030386884;-0.7105838886021417
15611;-1.0205881388488869;-0.7038826765388061;-1.0311160416746437;-0.6452449037581256;-1.0551661090793654;-1.6433818895499084;-1.3992869411872828;-1.0583182365736727
15615;0.7855321244330955;1.8935405901795954;1.446221496847387;0.06219227988030119;0.5285906499329236;1.5430048707279678;1.8652508877042842;1.0280878512555127
15620;-0.470291258243845;-0.37920476819900595;0.2939714789301634;-0.6452449037581256;-0.05489868233476177;1.1889618973637592;0.5050267923327979;0.7962649526078255
15626;-0.6292147360918446;-0.5285566060353141;-0.10931602734086482;-0.6452449037581256;-0.5550323957070635;-0.22720999609307457;-0.3111076648900939;-0.2469380913067672
15628;-0.09897914573695729;-0.574011513202886;-0.45499103271603186;-0.6452449037581256;0.028456936560621857;-0.22720999609307457;-0.3111076648900939;-0.594672439278298
15641;-0.47597407828523747;-0.476608140700946;-0.10931602734086482;-0.6452449037581256;-0.5550323957070635;-0.22720999609307457;-0.5831524839643911;-0.3628495406306108
15646;-0.26408922789838873;-0.483101698867742;-0.5702160345077543;-0.6452449037581256;-0.05489868233476177;-0.581252969457283;-0.5831524839643911;-0.015115192659079922
15649;-1.0321331394777966;-0.7103762347056022;-1.0887285425705049;0.06219227988030119;-0.9718104901839817;-1.2893389161857;-1.1272421221129856;-1.0583182365736727
15658;1.5483449119521093;0.31560595564816646;0.06352147534671872;1.4770666471571545;0.27852379324677273;0.12683297727113388;0.23298197325850062;0.332619155312451
15660;-0.786456366847157;-0.625959978537254;-0.6278285354036154;-0.6452449037581256;-0.6383880146024472;-0.581252969457283;-0.8551973030386884;-0.7105838886021417
15661;-0.5003800825009728;-0.6714148857048261;-1.0311160416746437;0.06219227988030119;-0.7217436334978308;-1.2893389161857;-0.8551973030386884;-0.8264953379259854
15664;-0.9223769797666418;0.2506703739802064;-1.0887285425705049;-0.6452449037581256;-1.0551661090793654;-1.2893389161857;-1.3992869411872828;-0.942406787249829
15673;-0.02945955188805982;0.45846423531767855;1.3309964950556645;-0.6452449037581256;0.27852379324677273;1.5430048707279678;0.7770716114070951;1.0280878512555127
15680;0.04156701168697341;-0.23634648852949386;0.3515839798260246;-0.6452449037581256;0.028456936560621857;0.12683297727113388;-0.03906284581579663;0.332619155312451
15687;1.4122802117263416;2.068866660683087;0.812483986992914;0.06219227988030119;0.6953018877236908;1.5430048707279678;2.1372957067785814;0.332619155312451
15689;-0.5734057146144934;0.45846423531767855;-0.8582785389870601;-0.6452449037581256;-0.9718104901839817;-0.22720999609307457;-0.5831524839643911;-0.8264953379259854
15694;0.06378695498682274;-0.17141090686153382;-0.22454102913258717;2.184503830795581;-0.1382543012301454;-0.581252969457283;-0.03906284581579663;0.10079625666476372
15696;0.523945590097074;-0.3402434191982299;0.6396464843053304;2.184503830795581;1.1954356010959926;0.8349189239995508;1.593206068629987;0.6803535032839819
15708;2.95349822693436;2.8545871988654037;3.001759021035639;1.4770666471571545;2.7791923601082815;1.8970478440921763;1.0491164304813922;2.9985824897608544
15713;-0.5724252620086331;-0.5869986295364781;-0.6278285354036154;0.06219227988030119;-0.7217436334978308;-0.9352959428214915;-0.8551973030386884;-0.7105838886021417
15716;0.03466183501074979;-0.22985293036269785;0.40919648072188575;0.06219227988030119;0.6953018877236908;1.8970478440921763;1.0491164304813922;0.4485306046362946
15723;0.6498470598535867;-0.17141090686153382;0.40919648072188575;-0.6452449037581256;0.6953018877236908;0.8349189239995508;0.23298197325850062;0.6803535032839819
15727;2.162462793913358;4.146805274057809;2.713696516556333;0.06219227988030119;1.9456361711544452;1.5430048707279678;2.409340525852879;2.187202344493949
15732;-0.920586085065136;-0.6908955602052141;-0.9735035407787824;-0.6452449037581256;-0.8050992523932144;-0.9352959428214915;-0.8551973030386884;-0.8264953379259854
15738;0.012956406421118345;-0.1519302323611458;0.6972589852011917;1.4770666471571545;0.11181255545600548;0.12683297727113388;1.593206068629987;0.5644420539601382
15749;-0.7855269849548348;-0.6714148857048261;-1.0311160416746437;-0.6452449037581256;-0.7217436334978308;-1.2893389161857;-1.1272421221129856;-0.942406787249829
15750;-0.17786963583454013;-0.457127466200558;-0.05170352644500364;0.769629463518728;-0.1382543012301454;0.48087595063534233;0.5050267923327979;-0.015115192659079922
15752;-0.29861573683944664;-0.1259559996939618;-0.5702160345077543;-0.6452449037581256;-0.4716767768116799;0.12683297727113388;-0.3111076648900939;-0.4787609899544545
15759;-1.018692308552571;-0.6973891183720101;-0.9735035407787824;-0.6452449037581256;-1.0551661090793654;-1.6433818895499084;-1.3992869411872828;-0.8264953379259854
15769;-0.6376450487548744;-0.489595257034538;-0.512603533611893;0.769629463518728;-0.6383880146024472;-0.581252969457283;-0.3111076648900939;-0.7105838886021417
15777;-0.7981123001055059;-0.6519342112044381;-0.7430535371953377;0.769629463518728;-0.6383880146024472;-0.581252969457283;-0.3111076648900939;-0.7105838886021417
15780;-0.27040955190469057;-0.59998574587007;-0.7430535371953377;-0.6452449037581256;-0.3883211579162963;-0.9352959428214915;-0.8551973030386884;-0.594672439278298
15781;-0.7267276785317602;-0.6584277693712342;-0.9735035407787824;-0.6452449037581256;-0.888454871288598;-1.2893389161857;-1.1272421221129856;-0.8264953379259854
15789;-0.05755989625129191;-0.431153233533374;-0.05170352644500364;-0.6452449037581256;-0.05489868233476177;-0.22720999609307457;-0.3111076648900939;-0.13102664198292355
15797;-0.9944035342696753;-0.7168697928723982;-1.146341043466366;-0.6452449037581256;-1.0551661090793654;-1.6433818895499084;-1.3992869411872828;-0.942406787249829
15799;-0.5859743815299496;-0.515569489701722;0.06352147534671872;-0.6452449037581256;-0.4716767768116799;-0.22720999609307457;-0.3111076648900939;-0.015115192659079922
15805;-0.2924005027327402;0.9000261906598067;-0.6854410362994766;-0.6452449037581256;-0.6383880146024472;-0.9352959428214915;-0.8551973030386884;-0.3628495406306108
15811;-0.490615208601794;-0.509075931534926;-0.05170352644500364;0.06219227988030119;-0.1382543012301454;-0.581252969457283;-0.03906284581579663;-0.2469380913067672
15812;-0.9148343950447;-0.7103762347056022;-1.0887285425705049;-0.6452449037581256;-0.9718104901839817;-1.2893389161857;-1.1272421221129856;-1.0583182365736727
15820;-0.25776055475208187;0.1662541178118584;-0.3397660309243095;0.06219227988030119;-0.3883211579162963;-0.22720999609307457;-0.5831524839643911;0.10079625666476372
15822;-0.6135817679785117;-0.16491734869473781;-0.28215353002844834;-0.6452449037581256;-0.6383880146024472;0.12683297727113388;-0.3111076648900939;-0.594672439278298
15823;-0.7337253046263825;-0.593492187703274;-0.22454102913258717;0.06219227988030119;-0.3883211579162963;-0.22720999609307457;-0.3111076648900939;-0.3628495406306108
15827;0.3785600342474568;-0.476608140700946;-0.05170352644500364;2.184503830795581;0.6953018877236908;0.48087595063534233;1.3211612495556897;-0.13102664198292355
15831;-0.6003363536378822;-0.3727112100322099;-0.22454102913258717;0.06219227988030119;-0.888454871288598;0.12683297727113388;-0.3111076648900939;-0.4787609899544545
15834;-1.0223064268933049;-0.6844020020384182;-1.0887285425705049;-0.6452449037581256;-1.0551661090793654;-1.6433818895499084;-1.3992869411872828;-1.0583182365736727
15835;-0.765209648850656;-0.5545308387024981;-0.3973785318201707;-0.6452449037581256;-0.7217436334978308;-0.22720999609307457;-0.3111076648900939;-0.2469380913067672
15838;-0.8271743052539875;-0.59998574587007;-0.9158910398829213;0.769629463518728;-0.7217436334978308;-0.581252969457283;-0.5831524839643911;-0.942406787249829
15841;-0.9938751112767815;-0.6649213275380301;-0.800666038091199;-0.6452449037581256;-0.7217436334978308;-0.581252969457283;-0.5831524839643911;-0.942406787249829
15845;1.3207806268595512;1.6987338451757152;-0.512603533611893;-0.6452449037581256;-0.5550323957070635;0.48087595063534233;-0.03906284581579663;-0.8264953379259854
15854;0.08697657040955885;-0.476608140700946;-0.05170352644500364;0.769629463518728;0.028456936560621857;1.1889618973637592;1.3211612495556897;0.10079625666476372
15856;0.9778595564202212;-0.09998176702677777;0.9277089887846364;0.769629463518728;1.528858076677527;0.8349189239995508;1.0491164304813922;0.332619155312451
15858;0.466835166230817;-0.028552627192021732;0.8700964878887751;-0.6452449037581256;0.36187941214215635;0.12683297727113388;-0.03906284581579663;0.332619155312451
15860;-0.10832124954678396;0.43898356081729056;-0.6854410362994766;-0.6452449037581256;-0.30496553902091267;-0.22720999609307457;-0.3111076648900939;-0.3628495406306108
15864;-0.48876693754255035;-0.6519342112044381;-0.800666038091199;0.06219227988030119;-0.4716767768116799;-0.9352959428214915;-0.5831524839643911;-0.942406787249829
15881;0.6989214114424818;-0.1584237905279418;0.005908974450857535;1.4770666471571545;0.44523503103754;0.12683297727113388;0.7770716114070951;0.21670770598860736
15882;-0.013575417288238039;-0.015565510858429726;-0.512603533611893;0.06219227988030119;-0.22160992012552902;-0.22720999609307457;-0.3111076648900939;-0.2469380913067672
15885;-1.0618018627013184;-0.7168697928723982;-1.146341043466366;-0.6452449037581256;-1.0551661090793654;-1.6433818895499084;-1.3992869411872828;-1.0583182365736727
15894;0.510834550202052;0.04937007080953031;0.12113397624257989;0.06219227988030119;0.9453687444098418;0.48087595063534233;-0.03906284581579663;0.21670770598860736
15898;1.0190114916321347;-0.24933360486308587;1.3886089959515258;0.06219227988030119;2.0289917900498287;0.48087595063534233;0.23298197325850062;1.1439993005793565
15899;-0.9051802535957794;-0.6649213275380301;-1.0311160416746437;-0.6452449037581256;-0.8050992523932144;-1.2893389161857;-1.1272421221129856;-0.942406787249829
15910;1.4872636045702825;1.237691215333199;0.2939714789301634;-0.6452449037581256;1.1954356010959926;0.48087595063534233;0.23298197325850062;0.7962649526078255
15916;0.7805213726285221;-0.22985293036269785;0.8700964878887751;1.4770666471571545;1.112079982200609;0.12683297727113388;0.7770716114070951;0.21670770598860736
15919;1.0714821290793017;1.8805534738460032;0.6972589852011917;-0.6452449037581256;0.8620131255144581;0.8349189239995508;0.23298197325850062;0.5644420539601382
15922;-0.7426605484213424;-0.6129728622036621;-0.5702160345077543;0.06219227988030119;-0.6383880146024472;-0.22720999609307457;-0.5831524839643911;-0.942406787249829
15923;-0.057617798079379653;-0.5545308387024981;-0.3397660309243095;-0.6452449037581256;0.028456936560621857;0.12683297727113388;-0.03906284581579663;-0.594672439278298
15938;-0.4770842303187503;-0.6714148857048261;-0.9735035407787824;-0.6452449037581256;-0.8050992523932144;-1.2893389161857;-1.1272421221129856;-0.942406787249829
15939;-0.5518767272912646;-0.3467369773650259;-0.166928528236726;1.4770666471571545;-0.5550323957070635;0.12683297727113388;0.7770716114070951;-0.4787609899544545
15940;-1.0668109213236532;-0.7103762347056022;-1.0887285425705049;-0.6452449037581256;-1.0551661090793654;-1.6433818895499084;-1.3992869411872828;-0.942406787249829
15945;-0.8275278300283319;-0.0025783945248377175;-1.0887285425705049;-0.6452449037581256;-0.9718104901839817;-1.2893389161857;-1.1272421221129856;-1.0583182365736727
15950;-0.11698069230480035;0.6402838639879667;0.23635897803430223;-0.6452449037581256;-0.1382543012301454;1.1889618973637592;0.5050267923327979;0.10079625666476372
15953;0.01744160446772492;-0.431153233533374;0.12113397624257989;0.06219227988030119;-0.22160992012552902;-0.581252969457283;-0.3111076648900939;-0.13102664198292355
15955;0.47709786907140217;0.3740479791493305;-0.28215353002844834;-0.6452449037581256;0.11181255545600548;0.12683297727113388;-0.3111076648900939;-0.4787609899544545
15965;-0.1508757068267766;0.5169062588188426;-0.3973785318201707;-0.6452449037581256;-0.3883211579162963;0.12683297727113388;-0.3111076648900939;-0.13102664198292355
15967;0.24740439480234408;-0.20387869769551384;0.23635897803430223;-0.6452449037581256;0.11181255545600548;0.8349189239995508;0.23298197325850062;-0.015115192659079922
15971;-0.9199244428273248;-0.6973891183720101;-1.0311160416746437;-0.6452449037581256;-0.888454871288598;-1.2893389161857;-1.1272421221129856;-0.7105838886021417
15973;-0.9097332081247358;-0.53505016420211;-0.9158910398829213;0.06219227988030119;-0.888454871288598;-0.22720999609307457;-0.3111076648900939;-0.8264953379259854
15981;-1.0143502970059326;-0.6908955602052141;-0.9735035407787824;-0.6452449037581256;-0.9718104901839817;-0.9352959428214915;-0.8551973030386884;-0.8264953379259854
15983;1.8247821433551366;2.1792571495186195;2.425634012077027;1.4770666471571545;2.0289917900498287;1.1889618973637592;1.593206068629987;1.7235565471985745
15984;-0.7746525387076879;-0.6064793040368661;-0.22454102913258717;0.06219227988030119;-0.7217436334978308;0.8349189239995508;0.5050267923327979;-0.2469380913067672
15987;-0.9591448991671163;-0.6324535367040501;-0.6854410362994766;-0.6452449037581256;-0.888454871288598;-0.9352959428214915;-0.8551973030386884;-0.4787609899544545
15996;-0.6131170520099528;-0.43764679170016996;0.4668089816177469;0.06219227988030119;-0.3883211579162963;0.12683297727113388;-0.3111076648900939;0.4485306046362946
15998;3.0531009065705317;2.627312663027544;4.096396538057001;-0.6452449037581256;2.862547979003665;2.9591767641848015;1.8652508877042842;2.6508481417893237
16003;-0.2668507997890857;0.05586362897632632;-0.10931602734086482;-0.6452449037581256;-0.3883211579162963;0.12683297727113388;-0.03906284581579663;-0.4787609899544545
16010;0.5430101590125168;1.4260044021702831;-0.22454102913258717;-0.6452449037581256;0.028456936560621857;-0.22720999609307457;-0.3111076648900939;0.21670770598860736
16011;1.7046890727128614;-0.21037225586230984;0.8700964878887751;0.769629463518728;1.6122136955729107;0.8349189239995508;1.8652508877042842;0.6803535032839819
16013;-0.8338806831515367;-0.625959978537254;-0.512603533611893;2.184503830795581;-0.4716767768116799;-0.581252969457283;-0.03906284581579663;-1.0583182365736727
16016;1.8533128979797937;2.4065316853564798;1.3309964950556645;0.769629463518728;1.6122136955729107;1.1889618973637592;1.8652508877042842;1.8394679965224183
16019;-0.5895558706641899;-0.483101698867742;0.17874647713844105;0.769629463518728;-0.3883211579162963;-0.581252969457283;-0.3111076648900939;-0.13102664198292355
16029;1.334563589027406;0.1987219086458384;0.812483986992914;5.014252565349288;1.4455024577821434;0.8349189239995508;1.593206068629987;0.6803535032839819
16030;0.5876795093391707;-0.431153233533374;-0.05170352644500364;-0.6452449037581256;0.6119462688283073;0.12683297727113388;-0.03906284581579663;-0.3628495406306108
16033;3.064243446956156;2.4779608251912357;5.01819655239078;1.4770666471571545;3.0292592167944323;1.8970478440921763;3.4975198021500677;4.621342780294666
16034;-0.9342234168788547;-0.19089158136192183;-0.6854410362994766;-0.6452449037581256;-0.9718104901839817;0.48087595063534233;-0.03906284581579663;-0.7105838886021417
16037;-0.6545777510972721;-0.015565510858429726;-0.3397660309243095;-0.6452449037581256;-0.5550323957070635;0.48087595063534233;-0.03906284581579663;-0.3628495406306108
16042;-0.8174397167967257;-0.6324535367040501;-0.9158910398829213;0.769629463518728;-0.7217436334978308;-1.2893389161857;-1.1272421221129856;-0.8264953379259854
16043;-0.6029280401303522;-0.56751795503609;-0.28215353002844834;-0.6452449037581256;-0.4716767768116799;0.12683297727113388;-0.3111076648900939;-0.015115192659079922
16048;-0.40684914603236805;-0.6389470948708461;-0.800666038091199;-0.6452449037581256;-0.7217436334978308;-0.9352959428214915;-0.8551973030386884;-0.8264953379259854
16059;0.19301154928137215;0.45197067715088257;1.158158992368081;0.06219227988030119;0.6119462688283073;1.1889618973637592;0.5050267923327979;1.1439993005793565
16062;-0.7778582039409068;-0.6779084438716221;-0.9158910398829213;-0.6452449037581256;-0.7217436334978308;-1.2893389161857;-1.1272421221129856;-1.0583182365736727
16065;2.4185421153944686;-0.009071952691633722;1.2733839941598033;0.06219227988030119;2.1123474089452126;1.1889618973637592;0.5050267923327979;1.607645097874731
16081;0.2134546020815825;0.6792452129887426;-0.05170352644500364;-0.6452449037581256;0.028456936560621857;0.48087595063534233;0.23298197325850062;0.10079625666476372
16083;-0.8265738928231472;-0.3077756283642499;-0.3973785318201707;-0.6452449037581256;-0.4716767768116799;-0.22720999609307457;-0.3111076648900939;-0.2469380913067672
16085;-0.057493678646395964;0.1857347923122464;0.12113397624257989;-0.6452449037581256;-0.1382543012301454;1.1889618973637592;0.7770716114070951;0.4485306046362946
16086;-0.7323325371229747;-0.6714148857048261;-0.9735035407787824;-0.6452449037581256;-0.7217436334978308;-0.9352959428214915;-0.8551973030386884;-0.7105838886021417
16094;-1.0606381543961039;-0.7103762347056022;-1.0887285425705049;-0.6452449037581256;-1.0551661090793654;-1.6433818895499084;-1.3992869411872828;-1.0583182365736727
16098;-0.6632437372122655;-0.6389470948708461;-0.5702160345077543;-0.6452449037581256;-0.7217436334978308;-1.2893389161857;-1.1272421221129856;-0.8264953379259854
16109;-0.7202153993725328;-0.6908955602052141;-1.0311160416746437;0.06219227988030119;-0.888454871288598;-1.2893389161857;-1.1272421221129856;-1.0583182365736727
16112;-0.6452675216516108;-0.625959978537254;-0.6278285354036154;0.06219227988030119;-0.7217436334978308;-0.9352959428214915;-0.5831524839643911;-0.594672439278298
16122;-0.6537727722251064;-0.56751795503609;-0.10931602734086482;0.06219227988030119;-0.4716767768116799;-0.22720999609307457;0.23298197325850062;-0.015115192659079922
16124;-0.6402583879620831;-0.574011513202886;-0.28215353002844834;0.06219227988030119;-0.4716767768116799;-0.22720999609307457;-0.3111076648900939;-0.7105838886021417
16125;-0.35797699209782335;-0.5869986295364781;-0.800666038091199;-0.6452449037581256;-0.22160992012552902;-0.581252969457283;-0.5831524839643911;-0.4787609899544545
16133;-0.5198337872329696;-0.593492187703274;-0.45499103271603186;0.06219227988030119;-0.5550323957070635;-0.9352959428214915;-0.5831524839643911;-0.4787609899544545
16134;0.03088521287908618;-0.22985293036269785;-0.3397660309243095;0.769629463518728;-0.1382543012301454;-0.9352959428214915;-0.5831524839643911;-0.2469380913067672
16138;-1.0687496650318837;-0.7168697928723982;-1.146341043466366;-0.6452449037581256;-1.0551661090793654;-1.6433818895499084;-1.3992869411872828;-1.0583182365736727
16140;-0.5786990360145663;-0.541543722368906;-0.8582785389870601;-0.6452449037581256;-0.6383880146024472;-0.9352959428214915;-0.8551973030386884;-0.8264953379259854
16143;0.3065346182635152;-0.2623207211966779;0.23635897803430223;0.769629463518728;-0.1382543012301454;1.1889618973637592;1.8652508877042842;-0.015115192659079922
16145;-0.01344957548021821;-0.3142691865310459;0.812483986992914;1.4770666471571545;0.27852379324677273;0.48087595063534233;1.0491164304813922;0.6803535032839819
16150;0.005117456421790578;-0.08699465069318577;0.005908974450857535;0.06219227988030119;0.028456936560621857;0.8349189239995508;0.7770716114070951;-0.015115192659079922
16153;-0.5435493901352315;-0.6519342112044381;-0.800666038091199;-0.6452449037581256;-0.5550323957070635;-1.2893389161857;-1.1272421221129856;-0.8264953379259854
16156;-0.19640854673202604;-0.593492187703274;-0.28215353002844834;-0.6452449037581256;-0.05489868233476177;0.12683297727113388;-0.03906284581579663;-0.594672439278298
16163;-1.0059675602615739;-0.6908955602052141;-0.9158910398829213;-0.6452449037581256;-0.8050992523932144;-0.9352959428214915;-1.1272421221129856;-0.942406787249829
16168;-0.834183704386689;-0.26881427936347385;-0.7430535371953377;0.06219227988030119;-0.888454871288598;0.12683297727113388;-0.03906284581579663;-0.942406787249829
16186;-0.689220109568901;-0.39868544269939393;-0.05170352644500364;-0.6452449037581256;-0.9718104901839817;0.8349189239995508;0.23298197325850062;-0.015115192659079922
16191;-0.36409862992624015;-0.37920476819900595;0.6972589852011917;5.014252565349288;0.11181255545600548;0.8349189239995508;1.3211612495556897;0.21670770598860736
16202;-0.6857429012767331;-0.548037280535702;-0.22454102913258717;-0.6452449037581256;-0.5550323957070635;-0.581252969457283;-0.5831524839643911;-0.13102664198292355
16203;-0.32260845862492665;-0.5805050713696821;-0.800666038091199;0.06219227988030119;-0.22160992012552902;-0.581252969457283;-0.5831524839643911;-0.8264953379259854
16206;-0.2957740724243747;0.036382954475938305;0.005908974450857535;-0.6452449037581256;-0.22160992012552902;0.12683297727113388;-0.03906284581579663;-0.3628495406306108
16210;0.7522758900183072;-0.3012820701974539;0.40919648072188575;2.891941014434008;0.5285906499329236;1.1889618973637592;1.593206068629987;0.21670770598860736
16218;0.6622534523500913;-0.463621024367354;-0.512603533611893;0.06219227988030119;0.27852379324677273;-0.581252969457283;-0.5831524839643911;0.332619155312451
16221;-0.5511486672693763;0.5688547241532106;-0.512603533611893;-0.6452449037581256;-0.8050992523932144;-0.22720999609307457;-0.3111076648900939;-0.4787609899544545
16233;-0.7565077597654806;-0.56751795503609;-0.512603533611893;1.4770666471571545;-0.6383880146024472;0.12683297727113388;0.23298197325850062;-0.8264953379259854
16235;-0.6704154065935188;-0.6584277693712342;-0.8582785389870601;0.06219227988030119;-0.5550323957070635;-0.9352959428214915;-0.3111076648900939;-0.7105838886021417
16241;1.8877495598318048;1.380549495002711;1.7342840013266927;0.769629463518728;1.3621468388867597;0.8349189239995508;1.0491164304813922;1.0280878512555127
16244;1.519197492849359;-0.1389431160275538;1.446221496847387;0.06219227988030119;1.1954356010959926;0.12683297727113388;-0.3111076648900939;1.8394679965224183
16250;-0.12398415278846713;-0.593492187703274;-0.6278285354036154;-0.6452449037581256;-0.4716767768116799;-0.22720999609307457;-0.3111076648900939;-0.594672439278298
16252;-0.2892788168363264;-0.53505016420211;-0.166928528236726;0.06219227988030119;-0.1382543012301454;0.8349189239995508;0.23298197325850062;-0.3628495406306108
16255;1.0456598237951993;-0.04803330169240974;1.503833997743248;0.06219227988030119;0.8620131255144581;1.5430048707279678;0.7770716114070951;0.9121764019316692
16262;-0.7636782614348449;-0.6779084438716221;-1.0311160416746437;-0.6452449037581256;-0.9718104901839817;-1.6433818895499084;-1.3992869411872828;-1.0583182365736727
16265;0.28837323279008875;0.20521546681263442;0.8700964878887751;-0.6452449037581256;-0.30496553902091267;0.8349189239995508;0.23298197325850062;0.4485306046362946
16270;0.9936817814379367;1.244184773499995;1.0429339905763586;-0.6452449037581256;0.7786575066190745;0.48087595063534233;-0.03906284581579663;1.0280878512555127
16271;-0.7472754875995978;-0.5869986295364781;-0.28215353002844834;-0.6452449037581256;-0.8050992523932144;-0.581252969457283;-0.5831524839643911;-0.4787609899544545
16274;2.1165679674929696;2.3221154291881314;1.446221496847387;-0.6452449037581256;1.528858076677527;0.8349189239995508;0.23298197325850062;2.4190252431416366
16279;-0.9911584629306077;-0.7038826765388061;-1.0887285425705049;-0.6452449037581256;-0.9718104901839817;-1.2893389161857;-1.1272421221129856;-1.0583182365736727
16282;-0.6982539499512745;-0.6129728622036621;-0.6278285354036154;-0.6452449037581256;-0.4716767768116799;-0.581252969457283;-0.5831524839643911;-0.594672439278298
16293;-0.7659263987488211;-0.6194664203704581;-0.28215353002844834;-0.6452449037581256;-0.5550323957070635;0.12683297727113388;-0.3111076648900939;-0.3628495406306108
16303;0.041980302458027606;0.016902279975550293;0.6396464843053304;-0.6452449037581256;0.028456936560621857;1.1889618973637592;0.5050267923327979;-0.2469380913067672
16306;-0.8486068729383955;-0.59998574587007;-0.3397660309243095;0.06219227988030119;-0.5550323957070635;0.12683297727113388;0.23298197325850062;-0.13102664198292355
16315;-0.9433413283468247;-0.6194664203704581;-0.45499103271603186;-0.6452449037581256;-0.8050992523932144;0.12683297727113388;-0.3111076648900939;-0.015115192659079922
16316;-0.03408738594188758;-0.548037280535702;-0.45499103271603186;0.06219227988030119;0.27852379324677273;-1.2893389161857;-0.8551973030386884;-0.015115192659079922
16321;-0.9542371228695391;-0.3467369773650259;-0.9735035407787824;-0.6452449037581256;-0.9718104901839817;-0.9352959428214915;-0.8551973030386884;-0.8264953379259854
16326;-0.1474556622019668;-0.26881427936347385;1.0429339905763586;0.769629463518728;0.028456936560621857;2.251090817456385;1.3211612495556897;0.7962649526078255
16333;-0.8047715024427464;-0.6844020020384182;-1.0887285425705049;-0.6452449037581256;-1.0551661090793654;-1.6433818895499084;-1.3992869411872828;-1.0583182365736727
16350;-0.5936903798081824;-0.53505016420211;0.23635897803430223;0.06219227988030119;-0.05489868233476177;0.8349189239995508;0.7770716114070951;0.10079625666476372
16351;-0.9132210509358911;-0.6584277693712342;-0.7430535371953377;-0.6452449037581256;-0.9718104901839817;-0.9352959428214915;-0.8551973030386884;-0.8264953379259854
16353;-0.655860937180712;-0.5869986295364781;-0.5702160345077543;3.5993781980724346;-0.3883211579162963;-0.581252969457283;0.23298197325850062;-0.594672439278298
16359;-1.033916961181576;-0.6908955602052141;-0.9735035407787824;0.06219227988030119;-0.8050992523932144;-0.9352959428214915;-0.5831524839643911;-0.942406787249829
16365;-0.8841335229418394;-0.6324535367040501;-0.8582785389870601;0.06219227988030119;-0.6383880146024472;-0.9352959428214915;-0.8551973030386884;-0.4787609899544545
16367;-0.3848454671447301;-0.463621024367354;0.7548714860970528;-0.6452449037581256;0.028456936560621857;1.1889618973637592;0.23298197325850062;-0.015115192659079922
16378;-0.33114163836456334;-0.6064793040368661;-0.800666038091199;-0.6452449037581256;-0.3883211579162963;-0.9352959428214915;-0.8551973030386884;-0.594672439278298
16385;-0.638313146771271;-0.45063390803376197;0.005908974450857535;0.06219227988030119;-0.3883211579162963;0.8349189239995508;0.23298197325850062;-0.3628495406306108
16387;-1.0525427498435909;-0.6973891183720101;-0.9735035407787824;-0.6452449037581256;-0.9718104901839817;-0.9352959428214915;-0.8551973030386884;-0.8264953379259854
16393;-0.42374730495485424;0.5883353986535986;-0.10931602734086482;1.4770666471571545;-0.05489868233476177;0.12683297727113388;-0.3111076648900939;-0.13102664198292355
16395;1.77583259514476;0.6727516548219467;1.1005464914722198;0.06219227988030119;2.1123474089452126;1.5430048707279678;1.593206068629987;1.3758221992270436
16401;-0.7014489848359055;-0.574011513202886;-0.45499103271603186;-0.6452449037581256;-0.30496553902091267;-0.581252969457283;-0.5831524839643911;-0.942406787249829
16402;1.9762017878343052;0.3350866301485545;1.0429339905763586;0.06219227988030119;1.112079982200609;1.1889618973637592;0.5050267923327979;0.7962649526078255
16403;-0.6900901091412764;-0.489595257034538;-0.6854410362994766;-0.6452449037581256;-0.888454871288598;-0.9352959428214915;-0.8551973030386884;-0.8264953379259854
16405;-1.0511991722035001;-0.6973891183720101;-1.0311160416746437;-0.6452449037581256;-1.0551661090793654;-1.6433818895499084;-1.3992869411872828;-0.942406787249829
16407;-0.4649873690511781;-0.574011513202886;-0.166928528236726;-0.6452449037581256;-0.30496553902091267;-0.22720999609307457;-0.3111076648900939;-0.594672439278298
16409;1.1186660802321642;0.04287651264273431;0.6396464843053304;0.06219227988030119;1.3621468388867597;0.48087595063534233;0.23298197325850062;0.7962649526078255
16411;-0.6387101020870807;-0.22335937219590185;0.005908974450857535;-0.6452449037581256;-0.30496553902091267;0.8349189239995508;0.5050267923327979;-0.3628495406306108
16419;-0.639224950429267;-0.541543722368906;-0.28215353002844834;-0.6452449037581256;-0.5550323957070635;0.48087595063534233;0.23298197325850062;-0.4787609899544545
16422;1.1314459361835154;2.5428964068591955;1.2733839941598033;5.014252565349288;1.112079982200609;0.8349189239995508;1.8652508877042842;0.4485306046362946
16424;-1.0675988849654385;-0.7168697928723982;-1.146341043466366;-0.6452449037581256;-1.0551661090793654;-1.6433818895499084;-1.3992869411872828;-1.0583182365736727
16442;1.2531269782234151;-0.3467369773650259;0.3515839798260246;0.06219227988030119;1.2787912199913762;1.1889618973637592;0.7770716114070951;0.7962649526078255
16455;-0.26711753854769205;0.1727476759786544;0.17874647713844105;0.06219227988030119;-0.05489868233476177;0.48087595063534233;-0.03906284581579663;0.21670770598860736
16456;2.5719856881641587;0.9909360049949508;0.5820339834094693;0.06219227988030119;2.3624142656313634;0.8349189239995508;1.3211612495556897;1.7235565471985745
16458;-0.8384586809301089;-0.25582716302988184;-0.6278285354036154;-0.6452449037581256;-0.7217436334978308;-0.581252969457283;-0.5831524839643911;-0.3628495406306108
16470;0.08623555712650371;0.12079921064428635;0.7548714860970528;-0.6452449037581256;0.5285906499329236;0.8349189239995508;0.23298197325850062;0.332619155312451
16473;-0.8937781809020628;-0.35323053553182193;-0.7430535371953377;-0.6452449037581256;-0.8050992523932144;0.12683297727113388;-0.03906284581579663;-0.594672439278298
16477;1.0901803992864167;0.11430565247749035;1.3886089959515258;0.769629463518728;1.3621468388867597;1.8970478440921763;2.1372957067785814;1.2599107499032
16493;-1.0127587140422523;-0.6779084438716221;-0.8582785389870601;-0.6452449037581256;-1.0551661090793654;-1.2893389161857;-1.1272421221129856;-0.7105838886021417
16496;1.6001030658199051;-0.24284004669628986;0.17874647713844105;-0.6452449037581256;1.4455024577821434;-0.22720999609307457;-0.3111076648900939;-0.015115192659079922
16497;0.3396331490173171;1.432497960337079;0.06352147534671872;0.06219227988030119;-0.30496553902091267;-0.22720999609307457;0.23298197325850062;-0.4787609899544545
16499;-0.1306783781415732;-0.444140349866966;-0.05170352644500364;2.184503830795581;-0.05489868233476177;-0.9352959428214915;-0.03906284581579663;-0.7105838886021417
16500;-1.0690506010672345;-0.7168697928723982;-1.146341043466366;-0.6452449037581256;-1.0551661090793654;-1.6433818895499084;-1.3992869411872828;-0.942406787249829
16503;1.0475201139460986;1.367562378669119;1.3309964950556645;0.769629463518728;1.0287243633052254;1.5430048707279678;1.3211612495556897;0.9121764019316692
16510;-0.14852056539978747;-0.5805050713696821;-0.800666038091199;0.06219227988030119;-0.30496553902091267;-1.2893389161857;-1.1272421221129856;-0.2469380913067672
16515;0.05756143250429575;0.1792412341454504;0.17874647713844105;-0.6452449037581256;0.1951681743513891;0.8349189239995508;0.5050267923327979;0.6803535032839819
16519;-1.0295831236181594;-0.6844020020384182;-0.9158910398829213;-0.6452449037581256;-1.0551661090793654;-0.9352959428214915;-0.8551973030386884;-0.8264953379259854
16520;2.4055962691981203;0.47145135165127056;0.7548714860970528;0.06219227988030119;1.528858076677527;0.12683297727113388;-0.03906284581579663;1.7235565471985745
16523;-0.23650909084083266;-0.418166117199782;0.12113397624257989;0.06219227988030119;0.36187941214215635;0.48087595063534233;0.23298197325850062;0.4485306046362946
16525;0.4750267860725703;-0.444140349866966;0.3515839798260246;2.184503830795581;1.112079982200609;0.48087595063534233;1.0491164304813922;0.9121764019316692
16531;-0.44749330172942264;-0.18439802319512583;-0.512603533611893;0.06219227988030119;-0.3883211579162963;0.48087595063534233;1.0491164304813922;-0.4787609899544545
16532;-1.068179571406157;-0.7168697928723982;-1.146341043466366;-0.6452449037581256;-1.0551661090793654;-1.6433818895499084;-1.3992869411872828;-0.942406787249829
16539;0.5625471716469828;0.07534430347671432;0.17874647713844105;0.06219227988030119;0.028456936560621857;0.12683297727113388;0.5050267923327979;-0.13102664198292355
16546;-0.3161503112525458;-0.6064793040368661;-0.7430535371953377;0.06219227988030119;-0.22160992012552902;-0.581252969457283;-0.5831524839643911;-0.7105838886021417
16549;-0.3253763194782248;-0.28180139569706586;0.5820339834094693;-0.6452449037581256;0.11181255545600548;0.12683297727113388;-0.3111076648900939;-0.015115192659079922
16550;0.5417535216929493;0.28313816481418647;1.446221496847387;0.06219227988030119;0.6953018877236908;1.1889618973637592;0.5050267923327979;0.332619155312451
16551;-0.7696354770885149;-0.593492187703274;-0.7430535371953377;-0.6452449037581256;-0.4716767768116799;0.12683297727113388;-0.3111076648900939;-0.7105838886021417
16552;-0.8567368834668142;-0.6779084438716221;-0.9158910398829213;-0.6452449037581256;-0.8050992523932144;-0.9352959428214915;-0.8551973030386884;-0.7105838886021417
16553;2.0479668999862275;0.9974295631617468;-0.166928528236726;0.06219227988030119;-0.7217436334978308;-0.581252969457283;-0.3111076648900939;-0.4787609899544545
16554;-0.8258932001999495;-0.53505016420211;-1.0887285425705049;-0.6452449037581256;-1.0551661090793654;-1.2893389161857;-1.1272421221129856;-1.0583182365736727
16556;-0.42574269103049245;-0.5610243968692941;-0.3397660309243095;-0.6452449037581256;-0.3883211579162963;0.12683297727113388;-0.3111076648900939;-0.3628495406306108
16558;0.6509718124561094;-0.02205906902522573;1.6190589995349705;1.4770666471571545;1.1954356010959926;1.5430048707279678;2.681385344927176;1.3758221992270436
16560;-0.0917893517990293;0.30261883931457445;-0.3397660309243095;-0.6452449037581256;-0.30496553902091267;-0.9352959428214915;-0.8551973030386884;0.10079625666476372
16565;-1.0313143232197484;-0.6519342112044381;-1.0311160416746437;-0.6452449037581256;-0.9718104901839817;-1.2893389161857;-1.1272421221129856;-0.942406787249829
16567;-0.07713044723936491;-0.489595257034538;-0.22454102913258717;-0.6452449037581256;0.028456936560621857;-0.22720999609307457;-0.3111076648900939;-0.015115192659079922
16570;-0.22206243459856206;-0.5285566060353141;-0.3397660309243095;0.769629463518728;-0.22160992012552902;-0.22720999609307457;0.23298197325850062;-0.3628495406306108
16579;-0.958256178670923;-0.6908955602052141;-1.146341043466366;-0.6452449037581256;-1.0551661090793654;-1.6433818895499084;-1.3992869411872828;-1.0583182365736727
16583;-0.16247360480425063;3.8740758310523766;-0.512603533611893;-0.6452449037581256;-0.7217436334978308;0.48087595063534233;-0.03906284581579663;-0.7105838886021417
16593;-1.071892061132726;-0.7168697928723982;-1.146341043466366;-0.6452449037581256;-1.0551661090793654;-1.6433818895499084;-1.3992869411872828;-1.0583182365736727
16596;-1.0331969667125198;-0.6194664203704581;-0.8582785389870601;-0.6452449037581256;-0.888454871288598;-0.9352959428214915;-0.8551973030386884;-0.942406787249829
16600;-0.6258635364236806;1.1532749591648508;-0.6854410362994766;-0.6452449037581256;-1.0551661090793654;-0.581252969457283;-0.8551973030386884;-0.594672439278298
16607;-0.726029953996584;-0.483101698867742;-0.7430535371953377;0.769629463518728;-0.4716767768116799;-0.581252969457283;-0.5831524839643911;-0.4787609899544545
16612;0.15780983596299403;-0.1519302323611458;-0.6854410362994766;-0.6452449037581256;0.028456936560621857;-0.9352959428214915;-0.8551973030386884;-0.13102664198292355
16618;1.2330360364320834;-0.3402434191982299;0.12113397624257989;0.06219227988030119;0.8620131255144581;1.5430048707279678;0.7770716114070951;0.5644420539601382
16634;-0.5750169318195048;-0.6584277693712342;-0.9158910398829213;-0.6452449037581256;-0.6383880146024472;-1.2893389161857;-1.1272421221129856;-0.942406787249829
16638;-0.9404293968688422;-0.39868544269939393;-0.512603533611893;0.769629463518728;-0.888454871288598;-0.22720999609307457;-0.5831524839643911;-0.2469380913067672
16654;-0.7360987415964301;-0.548037280535702;-0.7430535371953377;-0.6452449037581256;-0.7217436334978308;0.12683297727113388;-0.03906284581579663;-1.0583182365736727
16655;-0.011318488771898692;1.9974375208483313;0.6396464843053304;-0.6452449037581256;-0.05489868233476177;1.1889618973637592;0.5050267923327979;0.10079625666476372
16656;-0.9945834036045516;-0.59998574587007;-0.5702160345077543;1.4770666471571545;-0.6383880146024472;-0.581252969457283;-0.3111076648900939;-0.8264953379259854
16658;-0.639693056932703;-0.6519342112044381;-0.7430535371953377;-0.6452449037581256;-0.5550323957070635;-0.9352959428214915;-0.8551973030386884;-0.8264953379259854
16660;-1.0571607167319579;-0.6844020020384182;-0.9735035407787824;-0.6452449037581256;-1.0551661090793654;-0.9352959428214915;-0.8551973030386884;-0.8264953379259854
16665;-0.6111099304298319;-0.2753078375302699;-0.7430535371953377;-0.6452449037581256;-0.7217436334978308;-0.581252969457283;-0.5831524839643911;-0.4787609899544545
16670;0.6289362216707094;1.0753522611632989;1.3309964950556645;1.4770666471571545;0.9453687444098418;1.1889618973637592;1.593206068629987;0.4485306046362946
16676;-0.6487066750474015;-0.39868544269939393;0.40919648072188575;-0.6452449037581256;-0.4716767768116799;0.48087595063534233;0.23298197325850062;-0.2469380913067672
16679;-1.0312795671094572;-0.6908955602052141;-1.0311160416746437;-0.6452449037581256;-1.0551661090793654;-1.6433818895499084;-1.3992869411872828;-0.942406787249829
16684;1.5084052952231821;0.14677344331147038;0.9277089887846364;1.4770666471571545;1.6122136955729107;0.48087595063534233;0.23298197325850062;1.2599107499032
16686;2.7696694979933536;0.07534430347671432;1.9071215040142764;0.06219227988030119;3.112614835689816;1.5430048707279678;0.7770716114070951;1.8394679965224183
16700;0.8837003951258235;-0.18439802319512583;0.9277089887846364;0.769629463518728;0.8620131255144581;-0.22720999609307457;0.5050267923327979;0.10079625666476372
16701;-0.4338961225230814;-0.541543722368906;-0.10931602734086482;0.769629463518728;-0.3883211579162963;0.12683297727113388;-0.03906284581579663;0.21670770598860736
16705;0.4261912607577386;1.3091203551679549;1.1005464914722198;1.4770666471571545;1.1954356010959926;0.12683297727113388;0.23298197325850062;1.3758221992270436
16710;1.0278492356547768;1.419510844003487;2.3104090102853045;0.06219227988030119;1.1954356010959926;0.8349189239995508;1.8652508877042842;2.6508481417893237
16711;-1.066437512084002;-0.7168697928723982;-1.146341043466366;-0.6452449037581256;-1.0551661090793654;-1.6433818895499084;-1.3992869411872828;-1.0583182365736727
16713;3.052428333715361;2.951990571367344;3.347434026410806;0.769629463518728;2.9459035978990484;2.251090817456385;1.3211612495556897;3.1144939390846984
16716;-1.055769746670779;-0.7168697928723982;-1.146341043466366;-0.6452449037581256;-1.0551661090793654;-1.6433818895499084;-1.3992869411872828;-0.942406787249829
16717;-0.5193746929630757;-0.3856983263658019;-0.166928528236726;0.06219227988030119;-0.4716767768116799;0.12683297727113388;0.23298197325850062;-0.7105838886021417
16718;1.010145017726628;-0.28180139569706586;0.40919648072188575;0.06219227988030119;1.1954356010959926;1.5430048707279678;0.7770716114070951;0.6803535032839819
16719;1.727175533740138;0.8091163763246627;1.1005464914722198;1.4770666471571545;1.6955693144682942;1.1889618973637592;1.8652508877042842;1.7235565471985745
16722;0.060052708285525044;-0.40517900086618996;0.812483986992914;0.769629463518728;0.6953018877236908;1.1889618973637592;1.8652508877042842;0.10079625666476372
16726;-0.7074282452218766;-0.09348820885998177;-0.166928528236726;-0.6452449037581256;-0.4716767768116799;0.12683297727113388;-0.3111076648900939;-0.13102664198292355
16727;0.6216695505865006;0.8675583998258267;1.0429339905763586;-0.6452449037581256;0.6119462688283073;0.48087595063534233;0.23298197325850062;0.5644420539601382
16730;0.3378395018520734;-0.574011513202886;-0.512603533611893;-0.6452449037581256;-0.3883211579162963;0.48087595063534233;0.23298197325850062;-0.594672439278298
16735;0.4463491875074932;0.1792412341454504;0.812483986992914;0.06219227988030119;1.0287243633052254;0.8349189239995508;0.23298197325850062;0.4485306046362946
16743;0.10614103707709123;0.47145135165127056;0.4668089816177469;-0.6452449037581256;-0.05489868233476177;0.8349189239995508;0.23298197325850062;-0.3628495406306108
16745;1.4234289910297717;-0.1389431160275538;1.2157714932639423;0.06219227988030119;1.1954356010959926;1.5430048707279678;0.7770716114070951;0.9121764019316692
16746;0.3173028694551717;-0.24284004669628986;1.0429339905763586;0.769629463518728;1.112079982200609;1.5430048707279678;0.5050267923327979;0.6803535032839819
16748;-0.20383758815437714;-0.3597240936986179;-0.166928528236726;0.06219227988030119;-0.3883211579162963;0.12683297727113388;0.23298197325850062;-0.594672439278298
16752;-0.63294501674312;-0.6194664203704581;-0.800666038091199;-0.6452449037581256;-0.8050992523932144;-0.581252969457283;-0.5831524839643911;-0.2469380913067672
16754;-1.006691366475867;-0.7103762347056022;-1.0887285425705049;-0.6452449037581256;-0.9718104901839817;-1.2893389161857;-1.1272421221129856;-1.0583182365736727
16755;-0.33034873696964795;-0.5805050713696821;-0.28215353002844834;-0.6452449037581256;-0.5550323957070635;0.12683297727113388;-0.03906284581579663;-0.4787609899544545
16757;-0.6588110027926642;-0.6584277693712342;-0.8582785389870601;-0.6452449037581256;-0.6383880146024472;-0.581252969457283;-0.5831524839643911;-0.8264953379259854
16767;1.804761431093119;-0.07400753435959376;0.5820339834094693;-0.6452449037581256;1.0287243633052254;1.1889618973637592;0.5050267923327979;0.9121764019316692
16770;3.0432932276898277;0.10131853614389834;0.7548714860970528;0.769629463518728;2.612481122317514;0.48087595063534233;1.8652508877042842;1.7235565471985745
16775;0.17257019383380018;-0.45063390803376197;0.12113397624257989;0.06219227988030119;0.44523503103754;0.48087595063534233;0.7770716114070951;0.4485306046362946
16779;1.5906683874796916;2.2376991730197835;2.425634012077027;3.5993781980724346;1.8622805522590615;0.48087595063534233;1.0491164304813922;1.2599107499032
16781;-0.1365449626710712;-0.574011513202886;-0.512603533611893;0.06219227988030119;0.028456936560621857;-1.2893389161857;-1.1272421221129856;-0.3628495406306108
16791;0.45757182458789203;-0.21686581402910585;1.158158992368081;-0.6452449037581256;0.27852379324677273;0.48087595063534233;-0.03906284581579663;1.0280878512555127
16795;1.2455815284369458;1.120807168330871;1.6766715004308317;0.06219227988030119;1.528858076677527;1.5430048707279678;0.5050267923327979;2.303113793817793
16805;0.6331908633456655;0.6208031894875786;0.7548714860970528;-0.6452449037581256;1.4455024577821434;1.8970478440921763;1.0491164304813922;0.7962649526078255
16810;-1.0604879366024047;-0.7168697928723982;-1.146341043466366;-0.6452449037581256;-1.0551661090793654;-1.6433818895499084;-1.3992869411872828;-0.942406787249829
16812;-0.2293253273007308;-0.3856983263658019;-0.6854410362994766;-0.6452449037581256;-0.5550323957070635;-0.9352959428214915;-0.8551973030386884;-0.594672439278298
16814;2.5202270255076114;1.341588146001935;2.5408590138687495;3.5993781980724346;1.8622805522590615;1.5430048707279678;3.4975198021500677;1.7235565471985745
16816;0.16591231768363346;-0.56751795503609;-0.512603533611893;0.769629463518728;0.1951681743513891;-0.22720999609307457;-0.03906284581579663;-0.4787609899544545
16817;-0.25973045134534667;-0.11296888336036978;-0.22454102913258717;0.769629463518728;-0.05489868233476177;0.48087595063534233;0.5050267923327979;-0.4787609899544545
16833;-0.41481409214450093;-0.2882949538638619;-0.22454102913258717;-0.6452449037581256;-0.4716767768116799;0.48087595063534233;0.23298197325850062;-0.594672439278298
16835;-0.9564409204949365;-0.6454406530376421;-0.9158910398829213;-0.6452449037581256;-1.0551661090793654;-1.2893389161857;-1.1272421221129856;-0.8264953379259854
16839;-0.2977329800146856;-0.37920476819900595;0.23635897803430223;2.184503830795581;-0.30496553902091267;1.5430048707279678;2.1372957067785814;0.332619155312451
16843;-0.3424376411147778;-0.08050109252638976;-0.22454102913258717;0.06219227988030119;-0.4716767768116799;0.12683297727113388;-0.3111076648900939;-0.2469380913067672
16850;-0.3744567264873438;-0.541543722368906;-0.22454102913258717;-0.6452449037581256;-0.05489868233476177;0.48087595063534233;0.23298197325850062;-0.3628495406306108
16858;-0.787152214702512;-0.6324535367040501;-0.45499103271603186;0.06219227988030119;-0.9718104901839817;-0.581252969457283;-0.5831524839643911;-0.594672439278298
16861;-1.0582720781813555;-0.6584277693712342;-1.0887285425705049;-0.6452449037581256;-1.0551661090793654;-1.2893389161857;-1.3992869411872828;-0.942406787249829
16863;-0.5144930400486116;1.2052234244992188;-0.6854410362994766;0.06219227988030119;-0.7217436334978308;0.12683297727113388;-0.03906284581579663;-0.8264953379259854
16873;0.4695475107246003;0.5753482823200067;1.3309964950556645;0.06219227988030119;2.445769884526747;0.12683297727113388;0.5050267923327979;1.1439993005793565
16875;-0.06375215562658554;0.01040872180875429;0.12113397624257989;0.06219227988030119;0.27852379324677273;-0.22720999609307457;0.5050267923327979;0.21670770598860736
16882;-0.9636489223975307;-0.7103762347056022;-1.146341043466366;-0.6452449037581256;-1.0551661090793654;-1.6433818895499084;-1.3992869411872828;-1.0583182365736727
16883;-0.004167971657431741;-0.5805050713696821;-0.3973785318201707;-0.6452449037581256;-0.22160992012552902;-1.2893389161857;-1.1272421221129856;-0.4787609899544545
16885;0.5308135167640435;0.5104127006520466;0.005908974450857535;-0.6452449037581256;0.7786575066190745;0.8349189239995508;0.23298197325850062;0.4485306046362946
16889;1.1437792340861788;5.633830094254093;1.3309964950556645;-0.6452449037581256;0.5285906499329236;1.5430048707279678;0.7770716114070951;0.7962649526078255
16891;2.5853001601518137;1.6922402870089193;1.1005464914722198;0.06219227988030119;1.9456361711544452;1.1889618973637592;0.5050267923327979;1.8394679965224183
16892;-1.0556318565783063;-0.6973891183720101;-1.146341043466366;-0.6452449037581256;-1.0551661090793654;-1.6433818895499084;-1.3992869411872828;-0.942406787249829
16893;0.5321645177154276;-0.08699465069318577;0.5820339834094693;0.06219227988030119;1.4455024577821434;0.48087595063534233;-0.03906284581579663;1.4917336485508874
16897;0.5849423593085489;-0.50258237336813;-0.05170352644500364;-0.6452449037581256;0.44523503103754;0.12683297727113388;-0.03906284581579663;-0.015115192659079922
16898;0.44736864169044044;0.10131853614389834;0.3515839798260246;0.06219227988030119;-0.22160992012552902;0.48087595063534233;0.23298197325850062;0.21670770598860736
16899;-0.7078042317684825;-0.5869986295364781;-0.3973785318201707;-0.6452449037581256;-0.3883211579162963;-0.9352959428214915;-0.8551973030386884;-0.13102664198292355
16904;1.737433532369971;0.7961292599910708;1.6190589995349705;0.06219227988030119;2.5291255034221307;0.8349189239995508;0.23298197325850062;1.3758221992270436
16905;-0.6292637799911756;-0.541543722368906;-0.6854410362994766;-0.6452449037581256;-0.7217436334978308;-0.22720999609307457;-0.3111076648900939;-0.594672439278298
16907;0.6030696350836224;2.3221154291881314;0.2939714789301634;-0.6452449037581256;0.44523503103754;0.48087595063534233;-0.03906284581579663;0.7962649526078255
16912;-0.6441907912005163;-0.5285566060353141;-0.45499103271603186;-0.6452449037581256;-0.7217436334978308;-0.22720999609307457;-0.3111076648900939;-0.2469380913067672
16916;0.47042316118843785;-0.009071952691633722;0.9853214896804975;-0.6452449037581256;0.7786575066190745;0.8349189239995508;0.23298197325850062;0.7962649526078255
16918;0.014450493782880314;-0.02205906902522573;0.005908974450857535;0.06219227988030119;-0.30496553902091267;-0.22720999609307457;-0.3111076648900939;0.4485306046362946
16919;2.2982196185588353;5.568894512586134;1.503833997743248;0.06219227988030119;1.6955693144682942;1.1889618973637592;1.8652508877042842;1.607645097874731
16926;-0.80813342003789;-0.6129728622036621;-0.3973785318201707;-0.6452449037581256;-0.6383880146024472;-0.22720999609307457;-0.3111076648900939;-0.4787609899544545
16927;-1.058694748181117;-0.6649213275380301;-1.0887285425705049;-0.6452449037581256;-1.0551661090793654;-1.2893389161857;-1.1272421221129856;-0.942406787249829
16928;-0.36498609096175333;-0.11296888336036978;-0.6278285354036154;0.06219227988030119;-0.7217436334978308;0.12683297727113388;-0.3111076648900939;-0.7105838886021417
16938;-0.17111272937540142;-0.5869986295364781;-0.6278285354036154;0.06219227988030119;-0.3883211579162963;-0.9352959428214915;-0.8551973030386884;-0.2469380913067672
16943;-0.3957829573226752;-0.5610243968692941;-0.10931602734086482;-0.6452449037581256;-0.30496553902091267;-0.581252969457283;-0.5831524839643911;-0.4787609899544545
16945;-0.4468886188093888;-0.515569489701722;-0.166928528236726;-0.6452449037581256;-0.5550323957070635;-0.22720999609307457;-0.3111076648900939;-0.4787609899544545
16948;-0.8131927903610353;-0.35323053553182193;-0.9735035407787824;-0.6452449037581256;-0.8050992523932144;-0.9352959428214915;-0.8551973030386884;-0.8264953379259854
16949;-0.6866767538374298;-0.6714148857048261;-0.9158910398829213;-0.6452449037581256;-0.8050992523932144;-0.9352959428214915;-0.8551973030386884;-1.0583182365736727
16950;-0.9972185540016839;-0.6973891183720101;-1.0311160416746437;-0.6452449037581256;-0.9718104901839817;-1.2893389161857;-1.1272421221129856;-0.942406787249829
16954;-0.9009283226805656;-0.45063390803376197;-0.512603533611893;-0.6452449037581256;-0.7217436334978308;-0.581252969457283;-0.5831524839643911;-0.594672439278298
16955;-0.46777220343086034;-0.593492187703274;-0.3973785318201707;1.4770666471571545;-0.1382543012301454;-0.581252969457283;0.23298197325850062;-0.7105838886021417
16983;-0.5208347498640775;-0.45063390803376197;-0.28215353002844834;0.06219227988030119;-0.30496553902091267;0.8349189239995508;0.5050267923327979;-0.3628495406306108
16985;0.6562862360781737;2.802638733531036;0.17874647713844105;0.769629463518728;0.27852379324677273;0.48087595063534233;-0.03906284581579663;0.5644420539601382
16992;-1.054744153659616;-0.6973891183720101;-1.0887285425705049;-0.6452449037581256;-0.9718104901839817;-1.2893389161857;-1.1272421221129856;-0.942406787249829
16995;-1.0639948256285472;-0.7168697928723982;-1.146341043466366;-0.6452449037581256;-1.0551661090793654;-1.6433818895499084;-1.3992869411872828;-1.0583182365736727
16996;-0.9106588491686142;-0.496088815201334;-0.8582785389870601;0.769629463518728;-0.8050992523932144;-0.22720999609307457;-0.3111076648900939;-0.8264953379259854
16997;-0.7806393266649425;-0.5805050713696821;-0.7430535371953377;0.06219227988030119;-0.7217436334978308;-0.22720999609307457;-0.3111076648900939;-0.8264953379259854
17001;-0.2836792546526078;0.27015104848059446;0.17874647713844105;0.06219227988030119;0.36187941214215635;1.1889618973637592;1.3211612495556897;0.4485306046362946
17007;-0.5096637256491651;0.4779449098180666;-0.5702160345077543;0.06219227988030119;-0.4716767768116799;0.48087595063534233;0.23298197325850062;-0.7105838886021417
17017;2.1671045946354557;0.9195068651601948;1.6766715004308317;2.184503830795581;2.3624142656313634;1.1889618973637592;2.1372957067785814;2.187202344493949
17018;-0.7843959141969133;-0.6779084438716221;-0.9158910398829213;-0.6452449037581256;-0.7217436334978308;-0.9352959428214915;-0.8551973030386884;-0.8264953379259854
17019;2.610934551400206;0.3805415373161265;2.2527965093894435;0.769629463518728;2.6958367412128976;1.1889618973637592;2.1372957067785814;2.0712908951701055
17025;-0.5567935366743816;-0.6584277693712342;-0.9158910398829213;0.06219227988030119;-0.7217436334978308;-1.2893389161857;-1.1272421221129856;-0.942406787249829
17026;-1.0028755342471363;-0.7038826765388061;-1.0311160416746437;-0.6452449037581256;-0.888454871288598;-1.2893389161857;-1.1272421221129856;-1.0583182365736727
17027;0.5455102134849104;-0.36621765186541394;0.5244214825136081;-0.6452449037581256;0.36187941214215635;0.8349189239995508;0.23298197325850062;0.4485306046362946
17033;-0.9056725192241155;-0.6714148857048261;-0.7430535371953377;-0.6452449037581256;-0.8050992523932144;-0.9352959428214915;-0.8551973030386884;-0.594672439278298
17035;-0.3382112580675318;-0.548037280535702;-0.3397660309243095;0.06219227988030119;-0.4716767768116799;-0.581252969457283;-0.5831524839643911;-0.015115192659079922
17041;-0.7596313890681095;-0.5805050713696821;-0.166928528236726;-0.6452449037581256;-0.8050992523932144;-0.22720999609307457;-0.3111076648900939;-0.594672439278298
17044;-1.0463337087802946;-0.7038826765388061;-1.0311160416746437;-0.6452449037581256;-1.0551661090793654;-1.6433818895499084;-1.3992869411872828;-0.942406787249829
17048;-0.5173777554987852;-0.574011513202886;-0.45499103271603186;0.06219227988030119;-0.5550323957070635;0.12683297727113388;0.23298197325850062;-0.4787609899544545
17059;2.973391691963692;0.27015104848059446;2.5408590138687495;0.06219227988030119;4.6130159758067215;1.5430048707279678;0.5050267923327979;3.462228287056229
17062;1.8400407013329136;1.0039231213285429;2.137571507597721;2.184503830795581;1.6955693144682942;0.48087595063534233;2.1372957067785814;1.8394679965224183
17064;0.5044710208558632;1.5428884491726111;0.06352147534671872;-0.6452449037581256;-0.3883211579162963;0.8349189239995508;0.23298197325850062;0.10079625666476372
17068;1.8835802320215271;-0.04803330169240974;1.791896502222554;2.184503830795581;2.0289917900498287;1.5430048707279678;1.8652508877042842;1.3758221992270436
17069;0.04086095052299066;-0.39219188453259796;0.17874647713844105;0.769629463518728;0.028456936560621857;0.12683297727113388;-0.03906284581579663;0.10079625666476372
17071;-0.4864622329283595;-0.59998574587007;-0.512603533611893;-0.6452449037581256;-0.4716767768116799;-0.22720999609307457;-0.3111076648900939;-0.4787609899544545
17075;-0.8850995292834751;-0.5805050713696821;-0.166928528236726;-0.6452449037581256;-0.6383880146024472;0.12683297727113388;-0.03906284581579663;-0.3628495406306108
17076;-0.5872677809220173;-0.6519342112044381;-0.8582785389870601;-0.6452449037581256;-0.7217436334978308;-1.2893389161857;-1.1272421221129856;-0.7105838886021417
17082;-0.8405753922709969;-0.3467369773650259;0.005908974450857535;0.06219227988030119;-0.22160992012552902;-0.22720999609307457;-0.5831524839643911;-0.2469380913067672
17085;1.6920197323509893;2.8610807570322;2.5408590138687495;0.769629463518728;2.1123474089452126;2.251090817456385;2.9534301640014733;1.8394679965224183
17090;-1.0310233127354527;-0.7103762347056022;-1.0887285425705049;-0.6452449037581256;-0.9718104901839817;-1.2893389161857;-1.1272421221129856;-0.942406787249829
17091;0.6612091092223132;-0.0025783945248377175;1.2733839941598033;0.769629463518728;0.5285906499329236;1.5430048707279678;1.0491164304813922;0.6803535032839819
17094;-0.24511069015635578;-0.09348820885998177;-0.3397660309243095;0.06219227988030119;-0.4716767768116799;1.5430048707279678;0.7770716114070951;-0.4787609899544545
17095;-0.7294767809276442;-0.6064793040368661;-0.22454102913258717;0.06219227988030119;-0.7217436334978308;0.12683297727113388;-0.3111076648900939;-0.13102664198292355
17097;1.6472912040539691;0.30261883931457445;1.5614464986391092;1.4770666471571545;1.2787912199913762;0.8349189239995508;1.593206068629987;1.3758221992270436
17105;1.062518534907841;-0.3077756283642499;-0.166928528236726;-0.6452449037581256;1.112079982200609;-0.22720999609307457;-0.3111076648900939;0.21670770598860736
17114;0.13543895756071367;0.04937007080953031;0.23635897803430223;-0.6452449037581256;-0.22160992012552902;1.1889618973637592;0.5050267923327979;0.332619155312451
17118;-0.26471030048886235;0.15326700147826638;-0.6854410362994766;-0.6452449037581256;-0.5550323957070635;-0.581252969457283;-0.5831524839643911;-0.7105838886021417
17126;1.9991733497434003;1.406523727669895;1.6766715004308317;0.06219227988030119;1.1954356010959926;0.8349189239995508;0.5050267923327979;1.1439993005793565
17128;-0.6160880863911088;0.2961252811477785;-0.3973785318201707;-0.6452449037581256;-0.6383880146024472;0.48087595063534233;-0.03906284581579663;-0.594672439278298
17135;-0.4294089310254644;-0.6324535367040501;-0.800666038091199;-0.6452449037581256;-0.6383880146024472;-1.2893389161857;-1.1272421221129856;-0.594672439278298
17146;-0.07146616879460742;0.6402838639879667;-0.3397660309243095;-0.6452449037581256;-0.6383880146024472;-0.581252969457283;-0.5831524839643911;-0.4787609899544545
17147;-0.709446601858528;-0.40517900086618996;-0.3397660309243095;-0.6452449037581256;-0.4716767768116799;0.12683297727113388;-0.03906284581579663;-0.2469380913067672
17158;-0.13019507887238357;-0.5545308387024981;-0.10931602734086482;0.06219227988030119;0.1951681743513891;-0.22720999609307457;-0.3111076648900939;0.10079625666476372
17179;-0.17547747794067495;0.3415801883153505;-0.05170352644500364;-0.6452449037581256;-0.4716767768116799;-0.581252969457283;-0.5831524839643911;-0.7105838886021417
17180;1.5539975966859707;0.5883353986535986;0.5244214825136081;0.06219227988030119;1.528858076677527;1.5430048707279678;0.7770716114070951;1.0280878512555127
17181;-0.9192432580969738;-0.7038826765388061;-1.0887285425705049;-0.6452449037581256;-0.9718104901839817;-1.2893389161857;-1.1272421221129856;-1.0583182365736727
17188;0.48814045331934214;0.5233998169856386;0.3515839798260246;2.184503830795581;1.112079982200609;0.48087595063534233;1.593206068629987;0.4485306046362946
17189;0.8007987062597087;1.6078240308405711;0.6972589852011917;-0.6452449037581256;0.44523503103754;0.8349189239995508;0.23298197325850062;0.6803535032839819
17191;2.556147724058341;1.8805534738460032;1.9071215040142764;0.06219227988030119;1.8622805522590615;1.1889618973637592;0.5050267923327979;1.2599107499032
17194;-0.3772592767245395;0.1922283504790424;0.23635897803430223;0.06219227988030119;-0.05489868233476177;0.48087595063534233;-0.03906284581579663;-0.13102664198292355
17204;-0.9086413516342812;-0.7038826765388061;-1.0311160416746437;-0.6452449037581256;-0.888454871288598;-1.6433818895499084;-1.3992869411872828;-1.0583182365736727
17211;1.120563345145944;1.7766565431772672;2.483246512972888;0.769629463518728;0.9453687444098418;0.8349189239995508;1.0491164304813922;1.8394679965224183
17213;0.6064452566118614;0.14677344331147038;1.0429339905763586;2.184503830795581;0.5285906499329236;1.5430048707279678;1.8652508877042842;0.5644420539601382
17214;-0.2545788818277789;-0.42465967536657795;0.06352147534671872;0.06219227988030119;0.11181255545600548;0.8349189239995508;0.23298197325850062;-0.015115192659079922
17218;2.4588936925369773;0.7766485854906827;3.7507215326818337;1.4770666471571545;3.7794597868528848;2.9591767641848015;4.313654259372959;3.925874084351604
17220;2.3805133632524265;0.5104127006520466;1.1005464914722198;0.769629463518728;2.0289917900498287;0.8349189239995508;0.23298197325850062;1.607645097874731
17223;2.6237620791894183;5.1533067899111895;0.6396464843053304;0.06219227988030119;1.112079982200609;0.8349189239995508;0.23298197325850062;0.332619155312451
17226;-0.011330691361137103;0.41300932815010655;-0.22454102913258717;-0.6452449037581256;-0.05489868233476177;0.12683297727113388;-0.03906284581579663;-0.3628495406306108
17227;-0.9331384040141486;-0.6324535367040501;-0.6278285354036154;-0.6452449037581256;-0.888454871288598;0.12683297727113388;-0.03906284581579663;-1.0583182365736727
17228;0.7584864491070585;-0.28180139569706586;0.3515839798260246;2.184503830795581;0.9453687444098418;-0.22720999609307457;0.23298197325850062;0.6803535032839819
17230;1.61554641420409;-0.06751397619279775;1.0429339905763586;1.4770666471571545;2.1123474089452126;0.12683297727113388;0.7770716114070951;2.4190252431416366
17231;2.055883369373376;2.2701669638537636;2.5984715147646105;1.4770666471571545;1.8622805522590615;1.5430048707279678;1.8652508877042842;2.0712908951701055
17235;-0.22181206882879703;-0.6324535367040501;-0.9735035407787824;-0.6452449037581256;-0.5550323957070635;-1.6433818895499084;-1.3992869411872828;-0.8264953379259854
17236;0.07610219505920525;0.9260004233269907;0.2939714789301634;0.06219227988030119;0.11181255545600548;0.48087595063534233;0.7770716114070951;0.332619155312451
17239;0.0669459659596833;-0.5545308387024981;-0.512603533611893;0.06219227988030119;0.028456936560621857;-0.22720999609307457;-0.3111076648900939;-0.4787609899544545
17243;1.6399876332740733;-0.028552627192021732;1.503833997743248;2.184503830795581;1.8622805522590615;1.1889618973637592;1.8652508877042842;1.3758221992270436
17251;-0.13883040837989558;1.0753522611632989;0.4668089816177469;-0.6452449037581256;0.6953018877236908;0.48087595063534233;-0.03906284581579663;0.21670770598860736
17256;-0.6406612735861282;-0.593492187703274;-0.6278285354036154;-0.6452449037581256;-0.5550323957070635;-0.9352959428214915;-0.8551973030386884;-0.7105838886021417
17259;1.6606352650268075;0.2636574903137984;2.0799590067018596;0.06219227988030119;1.528858076677527;1.1889618973637592;0.5050267923327979;1.1439993005793565
17262;-1.0655934649083556;-0.7038826765388061;-1.0887285425705049;-0.6452449037581256;-1.0551661090793654;-1.6433818895499084;-1.3992869411872828;-0.942406787249829
17277;0.9209079747340422;0.7766485854906827;0.8700964878887751;-0.6452449037581256;1.2787912199913762;1.1889618973637592;0.5050267923327979;0.6803535032839819
17284;1.9903224189172137;1.367562378669119;4.03878403716114;0.06219227988030119;2.9459035978990484;1.5430048707279678;0.7770716114070951;4.041785533675447
17287;-0.12096163065381293;0.09482497797710233;-0.10931602734086482;0.06219227988030119;-0.3883211579162963;0.48087595063534233;0.5050267923327979;-0.4787609899544545
17288;-0.4371364729697983;-0.37920476819900595;-0.5702160345077543;0.06219227988030119;-0.7217436334978308;-0.22720999609307457;-0.3111076648900939;-0.8264953379259854
17291;-1.0169758221207814;-0.7168697928723982;-1.146341043466366;-0.6452449037581256;-1.0551661090793654;-1.6433818895499084;-1.3992869411872828;-1.0583182365736727
17293;-0.060433163954555294;-0.39868544269939393;-0.05170352644500364;0.06219227988030119;0.11181255545600548;0.12683297727113388;0.5050267923327979;-0.015115192659079922
17303;0.23106261723169008;-0.16491734869473781;1.1005464914722198;-0.6452449037581256;0.6119462688283073;0.12683297727113388;-0.3111076648900939;0.6803535032839819
17306;-0.9877393608161081;-0.6649213275380301;-0.6854410362994766;0.769629463518728;-0.7217436334978308;-0.22720999609307457;-0.3111076648900939;-0.594672439278298
17307;-1.0633864477344648;-0.7168697928723982;-1.146341043466366;-0.6452449037581256;-1.0551661090793654;-1.6433818895499084;-1.3992869411872828;-1.0583182365736727
17311;0.6196592177986853;-0.522063047868518;-0.512603533611893;-0.6452449037581256;0.44523503103754;-0.581252969457283;-0.5831524839643911;-0.13102664198292355
17314;0.49015783408248653;-0.2623207211966779;-0.166928528236726;0.06219227988030119;0.11181255545600548;-0.22720999609307457;0.5050267923327979;0.10079625666476372
17315;2.7481716677255585;1.6013304726737752;1.8495090031184152;4.306815381710861;3.112614835689816;1.8970478440921763;1.593206068629987;2.6508481417893237
17320;-0.24342161159075695;0.0298893963091423;-0.05170352644500364;-0.6452449037581256;-0.22160992012552902;-0.22720999609307457;-0.3111076648900939;-0.4787609899544545
17324;-0.39054892232335814;3.38056541037588;-0.22454102913258717;0.06219227988030119;-0.5550323957070635;0.48087595063534233;0.7770716114070951;0.10079625666476372
17329;0.12418354948023452;-0.522063047868518;-0.45499103271603186;-0.6452449037581256;-0.3883211579162963;-0.9352959428214915;-0.8551973030386884;-0.594672439278298
17334;-0.41455216602703643;-0.625959978537254;-0.800666038091199;-0.6452449037581256;-0.5550323957070635;-0.581252969457283;-0.5831524839643911;-0.594672439278298
17338;2.2238897273326805;2.0169181953487194;3.347434026410806;0.769629463518728;3.529392930166734;1.5430048707279678;0.7770716114070951;2.882671040437011
17339;-1.0543000644874936;-0.6714148857048261;-0.9735035407787824;-0.6452449037581256;-1.0551661090793654;-1.6433818895499084;-1.3992869411872828;-1.0583182365736727
17343;-0.5356070809521436;0.036382954475938305;-0.28215353002844834;-0.6452449037581256;-0.4716767768116799;0.48087595063534233;-0.03906284581579663;-0.594672439278298
17346;0.46095547830576633;0.4779449098180666;0.9277089887846364;0.769629463518728;0.6119462688283073;0.48087595063534233;0.7770716114070951;0.332619155312451
17356;-0.2091375988754134;-0.5869986295364781;-0.3973785318201707;-0.6452449037581256;0.028456936560621857;-0.22720999609307457;-0.3111076648900939;-0.3628495406306108
17358;1.1402281805282413;-0.3402434191982299;0.23635897803430223;0.06219227988030119;1.0287243633052254;1.1889618973637592;0.5050267923327979;0.9121764019316692
17362;-0.6955016029844994;-0.6324535367040501;-0.5702160345077543;-0.6452449037581256;-0.6383880146024472;0.12683297727113388;-0.03906284581579663;-0.594672439278298
17364;-0.08755377719105842;-0.28180139569706586;1.6766715004308317;0.06219227988030119;0.1951681743513891;1.1889618973637592;1.0491164304813922;1.1439993005793565
17365;1.0104699502412942;4.2766764373937285;2.3680215111811656;-0.6452449037581256;1.2787912199913762;1.5430048707279678;0.7770716114070951;2.303113793817793
17368;0.23323431946174275;-0.24933360486308587;0.7548714860970528;0.769629463518728;0.6953018877236908;1.1889618973637592;1.593206068629987;0.9121764019316692
17371;-0.5275165390855675;-0.625959978537254;-0.7430535371953377;-0.6452449037581256;-0.8050992523932144;-1.2893389161857;-1.1272421221129856;-0.8264953379259854
17372;2.809435200718038;0.9584682141609707;2.771309017452194;1.4770666471571545;2.1123474089452126;2.251090817456385;1.3211612495556897;2.303113793817793
17373;-0.18418206944479315;-0.42465967536657795;-0.3973785318201707;-0.6452449037581256;-0.3883211579162963;0.12683297727113388;-0.03906284581579663;-0.4787609899544545
17375;0.7018298522959966;-0.015565510858429726;0.5244214825136081;0.06219227988030119;0.9453687444098418;0.8349189239995508;1.0491164304813922;0.9121764019316692
17376;-0.7936421905646629;-0.6064793040368661;-0.5702160345077543;-0.6452449037581256;-0.7217436334978308;-0.22720999609307457;-0.3111076648900939;-0.7105838886021417
17377;0.8221917719190776;0.14027988514467438;0.812483986992914;2.184503830795581;1.1954356010959926;0.48087595063534233;1.0491164304813922;1.1439993005793565
17381;0.1449180172935022;-0.541543722368906;-0.45499103271603186;1.4770666471571545;0.028456936560621857;-0.9352959428214915;-0.3111076648900939;-0.7105838886021417
17389;0.15394745790429445;0.1727476759786544;-0.3397660309243095;3.5993781980724346;0.028456936560621857;0.12683297727113388;0.5050267923327979;-0.8264953379259854
17392;2.186205546117035;-0.08699465069318577;1.158158992368081;0.06219227988030119;1.6955693144682942;0.48087595063534233;0.23298197325850062;1.4917336485508874
17396;-1.056142296808112;-0.7038826765388061;-1.0311160416746437;-0.6452449037581256;-0.9718104901839817;-1.2893389161857;-1.1272421221129856;-1.0583182365736727
17400;2.1151891916802295;1.2571718898335869;0.7548714860970528;-0.6452449037581256;0.27852379324677273;0.12683297727113388;-0.3111076648900939;1.0280878512555127
17402;-0.053079844477795304;0.6662580966551507;0.12113397624257989;0.769629463518728;-0.05489868233476177;0.8349189239995508;0.5050267923327979;-0.3628495406306108
17404;0.983500334663216;-0.06751397619279775;0.6396464843053304;2.184503830795581;1.6122136955729107;0.8349189239995508;1.3211612495556897;0.5644420539601382
17406;2.360182431645542;2.997445478534916;3.7507215326818337;1.4770666471571545;2.7791923601082815;2.251090817456385;2.409340525852879;5.200900026913883
17411;-0.9989431393495025;-0.6194664203704581;-1.0887285425705049;-0.6452449037581256;-0.9718104901839817;-1.2893389161857;-1.1272421221129856;-0.942406787249829
17412;-0.15297292571992044;-0.21037225586230984;-0.22454102913258717;0.06219227988030119;0.028456936560621857;0.48087595063534233;1.0491164304813922;0.10079625666476372
17418;-0.584779920698063;-0.431153233533374;-0.5702160345077543;-0.6452449037581256;-0.5550323957070635;0.12683297727113388;-0.03906284581579663;-0.4787609899544545
17419;-0.10014634049623959;-0.3727112100322099;0.6396464843053304;0.06219227988030119;0.36187941214215635;0.48087595063534233;-0.03906284581579663;0.4485306046362946
17420;-0.8040255430657621;-0.6714148857048261;-0.8582785389870601;-0.6452449037581256;-0.7217436334978308;-0.9352959428214915;-0.8551973030386884;-1.0583182365736727
17428;0.028893621867086675;-0.1454366741943498;1.3886089959515258;2.184503830795581;0.5285906499329236;1.1889618973637592;1.0491164304813922;0.7962649526078255
17430;-0.498795330651842;-0.6584277693712342;-0.9735035407787824;-0.6452449037581256;-0.888454871288598;-1.6433818895499084;-1.3992869411872828;-0.8264953379259854
17431;1.8953555805021076;0.3415801883153505;0.06352147534671872;-0.6452449037581256;1.0287243633052254;0.12683297727113388;-0.03906284581579663;0.5644420539601382
17442;-0.9712699523360047;-0.6779084438716221;-1.146341043466366;-0.6452449037581256;-1.0551661090793654;-1.6433818895499084;-1.3992869411872828;-0.942406787249829
17446;-0.6880160985219235;-0.6649213275380301;-0.9735035407787824;-0.6452449037581256;-0.888454871288598;-1.2893389161857;-1.1272421221129856;-0.942406787249829
17449;2.003370577527022;5.029929184742065;1.503833997743248;0.06219227988030119;2.0289917900498287;0.8349189239995508;0.23298197325850062;1.607645097874731
17450;0.3277735751463549;1.0104166794953389;2.483246512972888;0.769629463518728;0.7786575066190745;1.1889618973637592;1.0491164304813922;2.9985824897608544
17454;-0.6070671408843077;-0.6389470948708461;-0.800666038091199;-0.6452449037581256;-0.5550323957070635;-0.9352959428214915;-0.8551973030386884;-0.7105838886021417
17456;-0.6313078805045762;-0.2623207211966779;-0.22454102913258717;-0.6452449037581256;-0.5550323957070635;0.48087595063534233;-0.03906284581579663;-0.7105838886021417
17457;-0.7317053924306792;-0.6584277693712342;-0.800666038091199;0.06219227988030119;-0.7217436334978308;-1.2893389161857;-0.5831524839643911;-0.7105838886021417
17460;-0.8310801764101465;-0.6454406530376421;-0.7430535371953377;0.769629463518728;-0.6383880146024472;-0.581252969457283;-0.5831524839643911;-0.7105838886021417
17470;-0.5029441275848743;-0.6324535367040501;-0.7430535371953377;-0.6452449037581256;-0.6383880146024472;-0.581252969457283;-0.8551973030386884;-0.7105838886021417
17491;-0.9231063492940055;-0.5869986295364781;-0.512603533611893;0.06219227988030119;-0.5550323957070635;-0.22720999609307457;-0.5831524839643911;-0.594672439278298
17496;-0.9371955856087028;-0.6519342112044381;-0.6278285354036154;-0.6452449037581256;-0.8050992523932144;-0.22720999609307457;-0.3111076648900939;-0.8264953379259854
17504;-0.04987361624062978;-0.45063390803376197;0.17874647713844105;-0.6452449037581256;0.028456936560621857;0.48087595063534233;0.23298197325850062;0.332619155312451
17507;1.4346477579793393;-0.35323053553182193;0.23635897803430223;0.06219227988030119;1.6122136955729107;0.48087595063534233;0.23298197325850062;0.7962649526078255
17515;0.202143915354366;-0.03504618535881774;0.3515839798260246;-0.6452449037581256;0.028456936560621857;0.48087595063534233;-0.03906284581579663;-0.2469380913067672
17517;-0.6666138621538279;-0.6454406530376421;-0.6278285354036154;0.06219227988030119;-0.4716767768116799;-0.581252969457283;-0.5831524839643911;-0.4787609899544545
17519;-0.23809041462148978;-0.03504618535881774;-0.10931602734086482;0.06219227988030119;-0.3883211579162963;-0.22720999609307457;-0.3111076648900939;-0.594672439278298
17524;-0.9579234641905975;-0.09348820885998177;-0.8582785389870601;-0.6452449037581256;-1.0551661090793654;-0.581252969457283;-0.8551973030386884;-0.7105838886021417
17525;-0.8819452558845637;-0.6324535367040501;-0.6854410362994766;-0.6452449037581256;-0.8050992523932144;0.48087595063534233;0.23298197325850062;-0.7105838886021417
17526;-0.8109341227880617;-0.59998574587007;-0.800666038091199;0.06219227988030119;-0.6383880146024472;0.12683297727113388;-0.03906284581579663;-0.942406787249829
17530;1.4744808335096093;0.8935326324930107;1.9071215040142764;0.06219227988030119;1.2787912199913762;1.1889618973637592;0.5050267923327979;1.1439993005793565
17540;-0.905913910293935;-0.47011458253415;-0.7430535371953377;-0.6452449037581256;-0.9718104901839817;-0.581252969457283;-0.8551973030386884;-0.8264953379259854
17547;-1.0027970890306044;-0.7103762347056022;-1.0887285425705049;-0.6452449037581256;-0.9718104901839817;-1.2893389161857;-1.1272421221129856;-0.942406787249829
17548;-0.8116441541724663;-0.6584277693712342;-0.800666038091199;-0.6452449037581256;-0.8050992523932144;-0.9352959428214915;-0.8551973030386884;-0.8264953379259854
17551;0.21389377435257306;2.2441927311865797;1.0429339905763586;-0.6452449037581256;0.27852379324677273;1.8970478440921763;1.0491164304813922;0.21670770598860736
17552;-0.5155676686183064;0.32859307198175847;-0.512603533611893;-0.6452449037581256;-0.9718104901839817;-0.22720999609307457;-0.5831524839643911;-0.594672439278298
17555;0.6649239176910617;0.48443846798486256;1.2157714932639423;-0.6452449037581256;0.7786575066190745;0.12683297727113388;-0.03906284581579663;1.4917336485508874
17560;-0.9994191028857905;-0.6973891183720101;-0.9735035407787824;-0.6452449037581256;-0.9718104901839817;-0.581252969457283;-0.5831524839643911;-0.594672439278298
17567;0.08176134808285082;-0.028552627192021732;0.3515839798260246;-0.6452449037581256;-0.6383880146024472;0.8349189239995508;0.23298197325850062;0.21670770598860736
17569;-0.2295271245967196;-0.463621024367354;0.23635897803430223;0.06219227988030119;0.028456936560621857;0.48087595063534233;-0.03906284581579663;-0.594672439278298
17572;-0.8783113198049164;-0.574011513202886;-0.9735035407787824;-0.6452449037581256;-0.9718104901839817;-0.9352959428214915;-1.1272421221129856;-0.942406787249829
17576;1.9066868231289673;1.302626797001159;0.40919648072188575;2.184503830795581;0.9453687444098418;0.48087595063534233;1.593206068629987;0.332619155312451
17580;1.033620355566963;-0.1324495578607578;0.3515839798260246;0.06219227988030119;1.0287243633052254;0.48087595063534233;0.5050267923327979;1.2599107499032
17581;1.3166327223920338;-0.041539743525613744;1.2157714932639423;1.4770666471571545;2.1123474089452126;1.1889618973637592;1.0491164304813922;1.8394679965224183
17585;0.42178010398568294;3.8805693892191724;0.23635897803430223;-0.6452449037581256;0.27852379324677273;0.48087595063534233;0.23298197325850062;0.10079625666476372
17591;1.7468729733065314;0.14027988514467438;2.9441465201397774;1.4770666471571545;2.3624142656313634;1.5430048707279678;2.409340525852879;2.9985824897608544
17593;-0.6602088790355857;-0.496088815201334;0.23635897803430223;-0.6452449037581256;-0.22160992012552902;0.48087595063534233;-0.03906284581579663;-0.13102664198292355
17596;1.0265707579524883;1.471459309337855;1.3886089959515258;-0.6452449037581256;1.1954356010959926;1.1889618973637592;0.5050267923327979;1.4917336485508874
17604;0.5578337860156996;-0.496088815201334;-0.22454102913258717;0.06219227988030119;0.44523503103754;-0.581252969457283;-0.5831524839643911;0.21670770598860736
17609;2.0465217897974033;2.1467893586846394;2.6560840156604715;-0.6452449037581256;1.6122136955729107;1.8970478440921763;1.0491164304813922;4.273608432323135
17616;-1.0180309332203341;-0.7168697928723982;-1.146341043466366;-0.6452449037581256;-1.0551661090793654;-1.6433818895499084;-1.3992869411872828;-1.0583182365736727
17618;0.1623256572538854;0.41300932815010655;1.503833997743248;-0.6452449037581256;0.6953018877236908;1.1889618973637592;0.7770716114070951;0.10079625666476372
17619;1.5697757614318808;1.1273007264976669;1.158158992368081;-0.6452449037581256;2.6958367412128976;1.1889618973637592;0.7770716114070951;3.1144939390846984
17621;0.01052511349737864;-0.5610243968692941;-0.6854410362994766;0.06219227988030119;-0.1382543012301454;-0.22720999609307457;-0.03906284581579663;-0.3628495406306108
17629;-0.5283629967521843;-0.6194664203704581;-0.5702160345077543;0.06219227988030119;-0.3883211579162963;-1.2893389161857;-0.8551973030386884;-0.13102664198292355
17633;-1.0673218286382147;-0.7168697928723982;-1.146341043466366;-0.6452449037581256;-1.0551661090793654;-1.6433818895499084;-1.3992869411872828;-0.942406787249829
17634;0.9379698677153406;2.2961411965209475;2.0799590067018596;-0.6452449037581256;0.8620131255144581;1.5430048707279678;0.7770716114070951;1.1439993005793565
17643;-0.7921080840483106;-0.6649213275380301;-0.800666038091199;-0.6452449037581256;-0.8050992523932144;-0.9352959428214915;-0.8551973030386884;-0.7105838886021417
17644;-1.0668110214132436;-0.7168697928723982;-1.146341043466366;-0.6452449037581256;-1.0551661090793654;-1.6433818895499084;-1.3992869411872828;-0.942406787249829
17646;-0.6275657559184284;-0.1324495578607578;-0.6854410362994766;-0.6452449037581256;-0.7217436334978308;0.12683297727113388;-0.03906284581579663;-0.7105838886021417
17655;-0.9377854385877483;-0.6194664203704581;-0.5702160345077543;0.06219227988030119;-0.7217436334978308;-1.6433818895499084;-1.1272421221129856;-0.3628495406306108
17659;-0.3178300397822348;0.8285970508250508;-0.22454102913258717;0.06219227988030119;-0.6383880146024472;-0.22720999609307457;-0.03906284581579663;-0.594672439278298
17671;-0.8879220140307732;-0.489595257034538;-0.22454102913258717;-0.6452449037581256;-1.0551661090793654;-0.22720999609307457;-0.3111076648900939;-0.2469380913067672
17672;1.097830780497296;-0.36621765186541394;0.3515839798260246;-0.6452449037581256;0.44523503103754;0.8349189239995508;0.23298197325850062;0.5644420539601382
17673;2.388656235293221;-0.2623207211966779;-0.166928528236726;0.06219227988030119;2.0289917900498287;0.48087595063534233;0.23298197325850062;0.9121764019316692
17674;-0.8714882874896726;-0.6324535367040501;-0.5702160345077543;-0.6452449037581256;-0.7217436334978308;-0.22720999609307457;-0.5831524839643911;-0.4787609899544545
17675;1.1351913637261484;1.0104166794953389;1.6190589995349705;2.184503830795581;1.0287243633052254;1.1889618973637592;1.593206068629987;1.8394679965224183
17676;-0.46705645442860005;-0.3856983263658019;-0.3397660309243095;-0.6452449037581256;-0.888454871288598;-1.2893389161857;-1.1272421221129856;-0.13102664198292355
17677;0.45448953228612793;0.13378632697787837;1.1005464914722198;2.184503830795581;1.1954356010959926;0.48087595063534233;1.0491164304813922;0.6803535032839819
17682;-0.4922814834223638;0.45846423531767855;-0.3397660309243095;-0.6452449037581256;-0.6383880146024472;0.12683297727113388;-0.03906284581579663;-0.3628495406306108
17685;0.4260512521022675;0.20521546681263442;0.812483986992914;1.4770666471571545;0.6953018877236908;1.5430048707279678;2.1372957067785814;1.0280878512555127
17690;2.128774973184456;2.939003455033752;1.7342840013266927;1.4770666471571545;2.0289917900498287;0.8349189239995508;1.593206068629987;2.6508481417893237
17691;-0.8050968019525777;-0.463621024367354;-0.10931602734086482;0.06219227988030119;-0.6383880146024472;0.12683297727113388;-0.03906284581579663;-0.3628495406306108
17692;0.17835907964829512;-0.43764679170016996;-0.28215353002844834;-0.6452449037581256;0.11181255545600548;0.12683297727113388;-0.03906284581579663;-0.13102664198292355
17696;-0.5768164342257911;-0.6649213275380301;-0.7430535371953377;0.06219227988030119;-0.8050992523932144;0.12683297727113388;0.23298197325850062;-0.4787609899544545
17700;-1.0505681490395737;-0.7038826765388061;-1.0311160416746437;-0.6452449037581256;-0.9718104901839817;-0.9352959428214915;-0.8551973030386884;-0.942406787249829
17702;-0.8047621190436397;-0.35323053553182193;-0.9735035407787824;-0.6452449037581256;-0.888454871288598;-0.581252969457283;-0.8551973030386884;-0.942406787249829
17706;0.006307997078050372;0.3480737464821465;0.17874647713844105;-0.6452449037581256;0.36187941214215635;0.48087595063534233;-0.03906284581579663;0.21670770598860736
17707;-1.0572332232994552;-0.7038826765388061;-1.0311160416746437;-0.6452449037581256;-1.0551661090793654;-0.9352959428214915;-0.8551973030386884;-0.942406787249829
17708;0.21941004531542102;2.4714672670244395;0.17874647713844105;-0.6452449037581256;0.1951681743513891;0.8349189239995508;0.23298197325850062;0.5644420539601382
17714;-0.8320644824652401;-0.6454406530376421;-0.6278285354036154;-0.6452449037581256;-0.6383880146024472;-0.22720999609307457;-0.3111076648900939;-0.3628495406306108
17720;-1.0485131345904124;-0.7168697928723982;-1.146341043466366;-0.6452449037581256;-1.0551661090793654;-1.6433818895499084;-1.3992869411872828;-1.0583182365736727
17722;1.7038097481269734;0.22469614131302243;2.0799590067018596;2.891941014434008;2.9459035978990484;1.5430048707279678;2.9534301640014733;2.882671040437011
17730;-0.5269197131983857;1.1337942846644629;-0.166928528236726;0.06219227988030119;-0.6383880146024472;0.48087595063534233;0.23298197325850062;-0.4787609899544545
17732;-0.17393563950345883;0.10131853614389834;-0.45499103271603186;-0.6452449037581256;-0.22160992012552902;-0.581252969457283;-0.5831524839643911;-0.015115192659079922
17735;2.112164955511339;0.3350866301485545;1.0429339905763586;0.06219227988030119;1.1954356010959926;1.1889618973637592;1.8652508877042842;0.9121764019316692
17739;-0.7545311571696541;0.42599644448369856;-0.512603533611893;0.06219227988030119;-0.9718104901839817;-0.9352959428214915;-0.8551973030386884;-0.4787609899544545
17742;-0.5198606696288104;-0.02205906902522573;-0.512603533611893;-0.6452449037581256;-0.4716767768116799;0.12683297727113388;-0.03906284581579663;-0.4787609899544545
17744;0.10024232795945173;-0.11946244152716579;1.3886089959515258;2.184503830795581;0.27852379324677273;0.8349189239995508;0.5050267923327979;0.9121764019316692
17752;-1.0003484389037172;-0.7103762347056022;-1.146341043466366;-0.6452449037581256;-1.0551661090793654;-1.6433818895499084;-1.3992869411872828;-1.0583182365736727
17757;3.106062779557333;2.7701709426970558;3.5778840299942503;3.5993781980724346;3.529392930166734;1.8970478440921763;3.4975198021500677;3.3463168377323855
17760;-0.6593121346905562;-0.6324535367040501;-0.800666038091199;-0.6452449037581256;-0.5550323957070635;-0.9352959428214915;-0.8551973030386884;-0.8264953379259854
17769;0.8159827725597777;1.0234037958289308;0.23635897803430223;-0.6452449037581256;0.7786575066190745;0.8349189239995508;0.23298197325850062;0.4485306046362946
17771;-0.2300984693423273;-0.53505016420211;-0.05170352644500364;-0.6452449037581256;-0.3883211579162963;0.48087595063534233;-0.03906284581579663;0.10079625666476372
17786;-0.07310697915520122;0.44547711898408654;0.17874647713844105;-0.6452449037581256;-0.30496553902091267;0.48087595063534233;-0.03906284581579663;-0.2469380913067672
17787;2.179198991196863;0.01040872180875429;2.0223465058059986;0.769629463518728;2.2790586467359795;1.1889618973637592;1.593206068629987;1.1439993005793565
17790;-0.18620674423684305;-0.42465967536657795;-0.10931602734086482;0.769629463518728;0.11181255545600548;0.8349189239995508;1.593206068629987;-0.015115192659079922
17800;-0.7841117932127618;-0.22985293036269785;-0.512603533611893;-0.6452449037581256;-0.5550323957070635;-0.22720999609307457;-0.3111076648900939;-0.594672439278298
17802;-0.6720866775528128;-0.47011458253415;-0.512603533611893;-0.6452449037581256;-0.7217436334978308;0.12683297727113388;-0.3111076648900939;-0.8264953379259854
17809;-0.6854681386692906;0.43249000265049453;-0.3397660309243095;0.06219227988030119;-0.888454871288598;0.12683297727113388;-0.03906284581579663;-0.594672439278298
17812;-0.2547684765345294;-0.45063390803376197;0.6396464843053304;0.06219227988030119;-0.22160992012552902;1.1889618973637592;0.23298197325850062;0.6803535032839819
17816;-0.19189067777492955;-0.09998176702677777;-0.6278285354036154;-0.6452449037581256;-0.9718104901839817;-0.581252969457283;-0.5831524839643911;-0.594672439278298
17819;-0.4474104192077132;-0.6194664203704581;-0.3973785318201707;0.06219227988030119;-0.8050992523932144;-1.2893389161857;-1.1272421221129856;-0.594672439278298
17820;-0.9135527728611111;-0.3272563028646379;-1.0311160416746437;-0.6452449037581256;-1.0551661090793654;-1.2893389161857;-1.1272421221129856;-0.8264953379259854
17827;2.5727265137792314;1.8935405901795954;3.405046527306667;1.4770666471571545;3.112614835689816;2.605133790820593;1.3211612495556897;2.6508481417893237
17838;1.0622214147881266;-0.09998176702677777;0.8700964878887751;0.769629463518728;0.1951681743513891;0.12683297727113388;-0.03906284581579663;0.6803535032839819
17848;-0.9534792778536864;-0.522063047868518;-0.512603533611893;0.769629463518728;-0.7217436334978308;-0.581252969457283;-0.03906284581579663;-0.7105838886021417
17849;-0.46904673593512414;-0.56751795503609;-0.7430535371953377;-0.6452449037581256;-0.9718104901839817;-0.9352959428214915;-0.8551973030386884;-0.4787609899544545
17855;-0.35825553308730607;-0.431153233533374;-0.45499103271603186;-0.6452449037581256;-0.3883211579162963;-0.22720999609307457;-0.3111076648900939;-0.8264953379259854
17857;-0.8484137417327818;-0.6779084438716221;-0.9158910398829213;0.06219227988030119;-0.8050992523932144;-0.9352959428214915;-0.5831524839643911;-0.7105838886021417
17858;0.9833614019708422;5.075384091909637;0.12113397624257989;1.4770666471571545;1.1954356010959926;0.12683297727113388;1.3211612495556897;0.4485306046362946
17860;0.46859502898887706;-0.015565510858429726;1.3886089959515258;-0.6452449037581256;1.3621468388867597;1.5430048707279678;0.7770716114070951;1.7235565471985745
17861;-0.6696038885347757;-0.6454406530376421;-0.800666038091199;-0.6452449037581256;-0.6383880146024472;-0.581252969457283;-0.8551973030386884;-0.8264953379259854
17862;-0.648588394173862;-0.6389470948708461;-0.7430535371953377;-0.6452449037581256;-0.4716767768116799;-0.9352959428214915;-0.8551973030386884;-0.2469380913067672
17863;0.7305791525414479;-0.37920476819900595;0.9277089887846364;0.06219227988030119;0.7786575066190745;1.1889618973637592;1.593206068629987;0.7962649526078255
17865;1.2355242719920019;0.6597645384883547;0.5820339834094693;0.06219227988030119;0.7786575066190745;0.12683297727113388;0.7770716114070951;0.21670770598860736
17869;-0.7279874019470339;-0.6129728622036621;-0.28215353002844834;-0.6452449037581256;-0.6383880146024472;-0.581252969457283;-0.5831524839643911;-0.2469380913067672
17870;-1.0529838029648022;-0.7168697928723982;-1.146341043466366;-0.6452449037581256;-1.0551661090793654;-1.6433818895499084;-1.3992869411872828;-1.0583182365736727
17873;-0.5815975054426306;-0.457127466200558;-0.7430535371953377;-0.6452449037581256;-0.8050992523932144;-0.581252969457283;-0.5831524839643911;-0.4787609899544545
17880;-0.1996998803138892;-0.42465967536657795;0.12113397624257989;-0.6452449037581256;-0.30496553902091267;0.8349189239995508;0.23298197325850062;-0.015115192659079922
17884;2.9820619277158804;0.8415841671586427;2.195184008493582;1.4770666471571545;3.3626816923759666;1.8970478440921763;2.1372957067785814;2.303113793817793
17888;-0.6255936281613761;-0.2882949538638619;-0.166928528236726;0.06219227988030119;-0.5550323957070635;0.48087595063534233;0.23298197325850062;-0.13102664198292355
17889;-0.5884350007036974;-0.625959978537254;-0.512603533611893;-0.6452449037581256;-0.3883211579162963;0.48087595063534233;0.23298197325850062;-0.4787609899544545
17890;2.471798047427676;2.0753602188498834;2.5984715147646105;0.769629463518728;2.195703027840596;1.8970478440921763;2.1372957067785814;3.3463168377323855
17897;1.8080606926046277;0.6272967476543747;1.5614464986391092;0.769629463518728;1.6122136955729107;1.1889618973637592;1.3211612495556897;1.7235565471985745
17905;-0.24795074896758068;-0.45063390803376197;0.2939714789301634;0.06219227988030119;-0.30496553902091267;0.12683297727113388;-0.3111076648900939;0.21670770598860736
17908;1.616451999796278;0.5233998169856386;0.9853214896804975;-0.6452449037581256;1.528858076677527;0.8349189239995508;0.23298197325850062;0.7962649526078255
17912;-0.2619405712965421;0.27015104848059446;0.6972589852011917;2.891941014434008;0.44523503103754;1.1889618973637592;1.8652508877042842;0.332619155312451
17913;-0.5632508958412377;-0.3337498610314339;0.5820339834094693;-0.6452449037581256;-0.1382543012301454;0.12683297727113388;-0.03906284581579663;0.4485306046362946
17917;0.20469661695134747;-0.418166117199782;-0.10931602734086482;0.06219227988030119;0.27852379324677273;0.12683297727113388;-0.3111076648900939;0.10079625666476372
17924;-0.9445969105552925;-0.6908955602052141;-0.9158910398829213;0.769629463518728;-0.8050992523932144;-0.581252969457283;-0.5831524839643911;-1.0583182365736727
17925;-1.0629810848930556;-0.7168697928723982;-1.146341043466366;-0.6452449037581256;-1.0551661090793654;-1.6433818895499084;-1.3992869411872828;-1.0583182365736727
17929;-0.9654932399179509;-0.7103762347056022;-1.0887285425705049;-0.6452449037581256;-0.9718104901839817;-1.6433818895499084;-1.3992869411872828;-0.942406787249829
17937;-0.5768900834827797;-0.548037280535702;-0.3397660309243095;0.769629463518728;-0.22160992012552902;-0.581252969457283;-0.5831524839643911;-0.4787609899544545
17949;-1.0420553708947948;-0.7038826765388061;-1.0887285425705049;0.06219227988030119;-0.9718104901839817;-1.6433818895499084;-1.1272421221129856;-0.942406787249829
17950;2.059132698690438;0.6272967476543747;0.7548714860970528;-0.6452449037581256;0.44523503103754;0.8349189239995508;0.5050267923327979;0.7962649526078255
17951;-0.6651526959265316;-0.3337498610314339;-0.7430535371953377;0.769629463518728;-0.4716767768116799;-0.22720999609307457;-0.5831524839643911;-0.7105838886021417
17954;1.9557630263752863;0.41300932815010655;2.0799590067018596;0.769629463518728;2.1123474089452126;1.8970478440921763;2.1372957067785814;2.6508481417893237
17964;1.0282880909753975;-0.1519302323611458;-0.166928528236726;-0.6452449037581256;0.7786575066190745;0.12683297727113388;-0.03906284581579663;0.4485306046362946
17965;1.240943093227327;0.7311936783231107;2.9441465201397774;1.4770666471571545;2.612481122317514;2.251090817456385;3.4975198021500677;2.187202344493949
17967;1.1276908082914054;1.406523727669895;0.4668089816177469;-0.6452449037581256;1.0287243633052254;1.1889618973637592;0.5050267923327979;1.0280878512555127
17968;2.9527936337510376;7.081893565449603;2.3680215111811656;-0.6452449037581256;1.4455024577821434;1.5430048707279678;0.7770716114070951;2.7667595911131673
17969;-1.0097002597446187;-0.6714148857048261;-0.800666038091199;-0.6452449037581256;-0.888454871288598;-0.22720999609307457;-0.5831524839643911;-0.7105838886021417
17976;1.4761161347723275;0.3480737464821465;1.158158992368081;-0.6452449037581256;1.6122136955729107;1.1889618973637592;0.5050267923327979;1.3758221992270436
17978;-0.7953365655377574;-0.593492187703274;-0.512603533611893;-0.6452449037581256;-0.8050992523932144;-0.581252969457283;-0.5831524839643911;-0.8264953379259854
17980;-0.7715378298898099;-0.5545308387024981;-0.3973785318201707;-0.6452449037581256;-0.5550323957070635;-0.22720999609307457;-0.5831524839643911;-0.3628495406306108
17988;-0.2805629986164771;-0.37920476819900595;-0.5702160345077543;0.06219227988030119;-0.22160992012552902;0.12683297727113388;-0.03906284581579663;-0.594672439278298
17990;-0.6242090304707905;-0.496088815201334;-0.5702160345077543;0.06219227988030119;-0.4716767768116799;0.12683297727113388;0.23298197325850062;-0.13102664198292355
17999;0.8311246886310591;1.1922363081656269;0.9277089887846364;-0.6452449037581256;0.27852379324677273;1.1889618973637592;0.7770716114070951;0.6803535032839819
18004;0.35774060705347754;1.7831501013440632;0.5820339834094693;0.06219227988030119;0.36187941214215635;-0.22720999609307457;-0.3111076648900939;0.4485306046362946
18008;-0.8474776037931027;-0.43764679170016996;-0.512603533611893;-0.6452449037581256;-0.7217436334978308;-0.22720999609307457;-0.3111076648900939;-0.594672439278298
18011;-0.2663508522846809;-0.50258237336813;0.005908974450857535;-0.6452449037581256;-0.05489868233476177;-0.22720999609307457;-0.3111076648900939;-0.4787609899544545
18016;0.23329137886911072;-0.0025783945248377175;0.5244214825136081;0.06219227988030119;0.7786575066190745;1.5430048707279678;0.5050267923327979;0.9121764019316692
18017;-1.0629958481076502;-0.7168697928723982;-1.146341043466366;-0.6452449037581256;-1.0551661090793654;-1.6433818895499084;-1.3992869411872828;-1.0583182365736727
18032;-1.0476582193534008;-0.6908955602052141;-0.9158910398829213;-0.6452449037581256;-0.888454871288598;-1.6433818895499084;-1.3992869411872828;-0.7105838886021417
18037;-0.8379887769844441;-0.444140349866966;-0.800666038091199;0.06219227988030119;-0.5550323957070635;-0.9352959428214915;-0.3111076648900939;-0.8264953379259854
18043;1.1303882102434113;1.172755633665239;1.5614464986391092;-0.6452449037581256;1.1954356010959926;1.5430048707279678;0.7770716114070951;1.8394679965224183
18044;-0.683115983248417;-0.6714148857048261;-0.9158910398829213;-0.6452449037581256;-0.888454871288598;-1.2893389161857;-1.1272421221129856;-1.0583182365736727
18050;-0.747122367207775;-0.041539743525613744;-0.9158910398829213;-0.6452449037581256;-0.7217436334978308;-0.9352959428214915;-0.8551973030386884;-0.8264953379259854
18061;-0.5171410936621155;-0.6389470948708461;-0.6854410362994766;0.06219227988030119;-0.6383880146024472;-0.9352959428214915;-0.8551973030386884;-0.4787609899544545
18062;-1.016341312502787;-0.6908955602052141;-0.9158910398829213;-0.6452449037581256;-0.888454871288598;-1.2893389161857;-1.1272421221129856;-0.8264953379259854
18065;-0.24548228944257933;-0.541543722368906;-0.28215353002844834;0.769629463518728;0.27852379324677273;-0.22720999609307457;-0.3111076648900939;-0.2469380913067672
18069;1.3044307503728683;0.7052194456559266;2.195184008493582;-0.6452449037581256;1.6122136955729107;1.8970478440921763;1.0491164304813922;2.6508481417893237
18071;-0.7770944870024131;-0.24933360486308587;-0.45499103271603186;-0.6452449037581256;-0.8050992523932144;-0.22720999609307457;-0.3111076648900939;-0.3628495406306108
18074;-0.22497485818369775;-0.625959978537254;-0.9158910398829213;-0.6452449037581256;-0.1382543012301454;-0.9352959428214915;-0.8551973030386884;-0.594672439278298
18075;0.3177053797432526;0.06885074530991832;0.3515839798260246;1.4770666471571545;0.44523503103754;0.48087595063534233;1.3211612495556897;-0.13102664198292355
18077;1.3017936482287216;2.789651617197444;1.5614464986391092;2.184503830795581;1.528858076677527;1.8970478440921763;2.1372957067785814;2.4190252431416366
18085;-0.039964596649573865;-0.11296888336036978;0.12113397624257989;0.06219227988030119;0.11181255545600548;0.48087595063534233;0.5050267923327979;-0.015115192659079922
18092;-0.3139115072928811;-0.496088815201334;-0.22454102913258717;1.4770666471571545;-0.1382543012301454;-0.22720999609307457;-0.03906284581579663;-0.4787609899544545
18095;-0.445385473339689;-0.11946244152716579;0.005908974450857535;0.06219227988030119;-0.1382543012301454;0.12683297727113388;-0.03906284581579663;-0.13102664198292355
18097;-0.3733551738178122;-0.574011513202886;-0.3973785318201707;0.06219227988030119;-0.22160992012552902;-0.22720999609307457;-0.3111076648900939;-0.4787609899544545
18102;-0.10689039378380197;-0.463621024367354;-0.512603533611893;0.769629463518728;0.028456936560621857;-0.22720999609307457;-0.3111076648900939;-0.4787609899544545
18106;0.2510804185547846;0.31560595564816646;0.9853214896804975;-0.6452449037581256;0.44523503103754;0.12683297727113388;-0.3111076648900939;1.0280878512555127
18109;0.6078781725522471;0.016902279975550293;2.195184008493582;2.891941014434008;1.6122136955729107;1.1889618973637592;3.2254749830757707;1.3758221992270436
18113;-1.0173325581028199;-0.6389470948708461;-1.146341043466366;-0.6452449037581256;-1.0551661090793654;-1.6433818895499084;-1.3992869411872828;-1.0583182365736727
18119;-0.25236032932858626;0.25716393214700245;0.2939714789301634;0.06219227988030119;-0.1382543012301454;0.12683297727113388;-0.3111076648900939;-0.2469380913067672
18136;-0.30524443270359125;-0.522063047868518;-0.3973785318201707;-0.6452449037581256;-0.30496553902091267;-0.22720999609307457;-0.3111076648900939;-0.3628495406306108
18141;-1.0578797686907038;-0.7103762347056022;-1.146341043466366;-0.6452449037581256;-1.0551661090793654;-1.6433818895499084;-1.3992869411872828;-1.0583182365736727
18144;-0.7938516363735235;-0.6129728622036621;-0.6854410362994766;0.769629463518728;-0.7217436334978308;-0.22720999609307457;-0.3111076648900939;-0.7105838886021417
18145;0.8604070952281583;0.9584682141609707;0.5244214825136081;-0.6452449037581256;0.8620131255144581;0.8349189239995508;0.5050267923327979;0.332619155312451
18156;0.5871274568621264;0.25716393214700245;0.8700964878887751;-0.6452449037581256;1.6955693144682942;-0.22720999609307457;-0.3111076648900939;1.0280878512555127
18161;-0.6876854400486023;-0.59998574587007;-0.3973785318201707;-0.6452449037581256;-0.4716767768116799;-0.581252969457283;-0.5831524839643911;-0.3628495406306108
18168;0.8152702014020146;0.07534430347671432;0.7548714860970528;0.769629463518728;1.2787912199913762;0.8349189239995508;1.3211612495556897;0.4485306046362946
18171;-0.48140966869736634;-0.6194664203704581;-0.5702160345077543;-0.6452449037581256;-0.3883211579162963;-0.581252969457283;-0.5831524839643911;-0.4787609899544545
18176;0.2016869271362714;0.7831421436574787;0.5820339834094693;0.06219227988030119;-0.05489868233476177;0.48087595063534233;0.23298197325850062;-0.015115192659079922
18178;0.3337165864189771;-0.444140349866966;0.40919648072188575;0.06219227988030119;0.11181255545600548;-0.22720999609307457;0.23298197325850062;0.332619155312451
18179;-0.27794712380630976;-0.3142691865310459;0.23635897803430223;0.06219227988030119;-0.05489868233476177;0.8349189239995508;1.3211612495556897;0.9121764019316692
18190;-0.8621765692113533;-0.625959978537254;-0.6278285354036154;0.06219227988030119;-0.6383880146024472;0.48087595063534233;0.23298197325850062;-0.7105838886021417
18193;-1.068901133945464;-0.7038826765388061;-1.146341043466366;-0.6452449037581256;-1.0551661090793654;-1.6433818895499084;-1.3992869411872828;-0.942406787249829
18198;-0.04958474934173019;-0.3727112100322099;0.17874647713844105;0.06219227988030119;0.11181255545600548;0.12683297727113388;0.5050267923327979;0.21670770598860736
18202;0.9113400521265135;2.2441927311865797;-0.3397660309243095;-0.6452449037581256;0.27852379324677273;0.48087595063534233;0.23298197325850062;-0.015115192659079922
18212;0.2602422860345699;1.400030169503099;0.6972589852011917;-0.6452449037581256;0.6119462688283073;0.8349189239995508;0.23298197325850062;-0.015115192659079922
18219;-0.5375954440748504;-0.09348820885998177;0.17874647713844105;0.06219227988030119;-0.1382543012301454;-0.22720999609307457;-0.03906284581579663;-0.015115192659079922
18223;0.8374126628476406;0.24417681581341044;1.3886089959515258;2.184503830795581;1.528858076677527;0.48087595063534233;1.3211612495556897;1.8394679965224183
18225;-1.0238209075091256;-0.476608140700946;-1.0311160416746437;0.06219227988030119;-0.9718104901839817;-0.9352959428214915;-0.8551973030386884;-0.7105838886021417
18226;-0.53521636455414;-0.36621765186541394;-0.10931602734086482;0.06219227988030119;-0.22160992012552902;-0.22720999609307457;-0.03906284581579663;-0.015115192659079922
18229;0.06866078423163165;-0.463621024367354;-0.6278285354036154;0.769629463518728;-0.05489868233476177;-0.9352959428214915;-0.03906284581579663;-0.2469380913067672
18230;-1.015688111153772;-0.7103762347056022;-1.0887285425705049;0.06219227988030119;-0.9718104901839817;-1.2893389161857;-1.1272421221129856;-0.8264953379259854
18233;-1.0408784674452367;-0.39868544269939393;-1.146341043466366;-0.6452449037581256;-1.0551661090793654;-1.6433818895499084;-1.3992869411872828;-0.942406787249829
18239;1.813934867261403;0.1857347923122464;0.9853214896804975;0.769629463518728;1.112079982200609;1.5430048707279678;1.0491164304813922;0.6803535032839819
18245;2.436264532946485;-0.16491734869473781;0.6396464843053304;0.769629463518728;1.3621468388867597;0.48087595063534233;1.0491164304813922;0.6803535032839819
18250;-0.02407674205330614;0.036382954475938305;-0.28215353002844834;-0.6452449037581256;-0.6383880146024472;-0.581252969457283;-0.5831524839643911;-0.13102664198292355
18256;-1.040570441730561;-0.6973891183720101;-0.9735035407787824;-0.6452449037581256;-0.9718104901839817;-1.2893389161857;-1.1272421221129856;-1.0583182365736727
18259;-0.7163917684965444;-0.42465967536657795;-0.800666038091199;-0.6452449037581256;-0.888454871288598;-0.581252969457283;-0.5831524839643911;-0.7105838886021417
18260;0.18268704945947004;0.1922283504790424;0.812483986992914;0.769629463518728;0.44523503103754;1.8970478440921763;2.409340525852879;0.7962649526078255
18269;-1.0057251265918536;-0.6584277693712342;-0.7430535371953377;0.06219227988030119;-0.9718104901839817;-1.2893389161857;-0.8551973030386884;-0.7105838886021417
18277;-0.936124285017891;-0.7103762347056022;-1.146341043466366;-0.6452449037581256;-1.0551661090793654;-1.6433818895499084;-1.3992869411872828;-1.0583182365736727
18283;1.9927687961763172;0.28313816481418647;2.771309017452194;0.06219227988030119;3.279326073480583;2.605133790820593;1.593206068629987;3.3463168377323855
