,customer_id,total_invoice,total_quantity,quantity_products,freq_purchase,quantity_transactions,quantity_categories,quantity_coupons,quantity_coupons_used
0,12346,-1.0023578458628204,-0.7038826765388061,-1.0887285425705049,-0.6452449037581256,-1.0551661090793654,-1.2893389161857,-1.1272421221129856,-0.8264953379259854
1,12348,-0.3707198816270933,0.6337903058211707,0.0059089744508575,0.0621922798803011,-0.4716767768116799,0.1268329772711338,1.0491164304813922,0.2167077059886073
2,12350,-0.463353072854764,-0.5869986295364781,-0.5702160345077543,-0.6452449037581256,-0.221609920125529,-0.581252969457283,-0.5831524839643911,-0.3628495406306108
3,12356,-0.2381541133050256,-0.3597240936986179,0.6972589852011917,-0.6452449037581256,-0.0548986823347617,0.4808759506353423,-0.0390628458157966,0.2167077059886073
4,12359,-0.7483590491652422,-0.1649173486947378,-0.2821535300284483,-0.6452449037581256,-0.888454871288598,-0.9352959428214916,-0.8551973030386884,-0.8264953379259854
5,12370,2.2740390661456367,3.257187805206756,2.3680215111811656,0.0621922798803011,2.5291255034221307,1.5430048707279678,1.865250887704284,1.3758221992270436
6,12373,-0.8269573777482391,-0.5805050713696821,-0.4549910327160318,-0.6452449037581256,-0.7217436334978308,-0.9352959428214916,-0.8551973030386884,-0.7105838886021417
7,12383,1.3706486638784876,0.4779449098180666,1.6766715004308317,1.4770666471571543,2.112347408945213,1.5430048707279678,2.681385344927176,1.3758221992270436
8,12386,-0.7915775758556153,-0.625959978537254,-0.6278285354036154,0.0621922798803011,-0.6383880146024472,-0.581252969457283,-0.3111076648900939,-0.3628495406306108
9,12388,-0.6959023867271447,-0.5610243968692941,-0.166928528236726,-0.6452449037581256,-0.3049655390209126,0.8349189239995508,0.2329819732585006,-0.942406787249829
10,12393,-0.0754770923167651,0.0493700708095303,-0.2245410291325871,0.0621922798803011,-0.0548986823347617,0.4808759506353423,0.2329819732585006,-0.0151151926590799
11,12395,-0.3575015081574897,-0.3272563028646379,0.5244214825136081,0.769629463518728,0.0284569365606218,0.1268329772711338,0.7770716114070951,-0.0151151926590799
12,12402,-0.7933617895769571,-0.6129728622036621,-0.5702160345077543,-0.6452449037581256,-0.6383880146024472,-0.581252969457283,-0.5831524839643911,-0.3628495406306108
13,12410,0.0611326124107175,-0.2882949538638619,0.1211339762425798,-0.6452449037581256,0.0284569365606218,0.4808759506353423,0.2329819732585006,-0.594672439278298
14,12413,0.3570103951053941,0.9584682141609708,0.0059089744508575,0.0621922798803011,-0.3049655390209126,-0.2272099960930745,-0.0390628458157966,0.332619155312451
15,12414,-0.7842502171163838,-0.6779084438716221,-0.8582785389870601,0.0621922798803011,-0.6383880146024472,-0.2272099960930745,-0.3111076648900939,-0.942406787249829
16,12415,0.298497173924684,0.3740479791493305,0.9853214896804976,0.769629463518728,0.8620131255144581,0.8349189239995508,0.5050267923327979,0.5644420539601382
17,12417,-0.2309564039486514,0.2961252811477785,0.4091964807218857,0.769629463518728,0.1118125554560054,0.4808759506353423,1.3211612495556897,0.2167077059886073
18,12421,-0.2095996457882262,-0.6129728622036621,-0.6278285354036154,-0.6452449037581256,-0.6383880146024472,-0.2272099960930745,-0.3111076648900939,-0.1310266419829235
19,12422,-0.6552821691238111,-0.0675139761927977,-0.5702160345077543,0.0621922798803011,-0.3883211579162963,-0.2272099960930745,-0.5831524839643911,-0.4787609899544545
20,12423,-0.7072549817999714,-0.6129728622036621,-0.3397660309243095,-0.6452449037581256,-0.4716767768116799,-0.2272099960930745,-0.3111076648900939,-0.2469380913067672
21,12427,-0.435543680590233,0.3805415373161265,-0.4549910327160318,0.0621922798803011,-0.888454871288598,0.1268329772711338,-0.0390628458157966,-0.3628495406306108
22,12429,0.1399857273870588,0.1402798851446743,-0.2245410291325871,-0.6452449037581256,-0.3049655390209126,-0.2272099960930745,-0.3111076648900939,-0.3628495406306108
23,12431,1.4985145836863834,-0.3532305355318219,0.178746477138441,2.184503830795581,1.528858076677527,0.4808759506353423,1.3211612495556897,0.5644420539601382
24,12434,-1.0541559354772148,-0.625959978537254,-1.0311160416746437,-0.6452449037581256,-1.0551661090793654,-1.2893389161857,-1.1272421221129856,-0.8264953379259854
25,12437,0.073682253963185,-0.5545308387024981,-0.3397660309243095,0.769629463518728,0.0284569365606218,-0.2272099960930745,0.2329819732585006,-0.7105838886021417
26,12441,-0.3856404287170494,-0.6194664203704581,-0.800666038091199,0.0621922798803011,-0.221609920125529,-0.9352959428214916,-0.8551973030386884,-0.2469380913067672
27,12464,-0.6181303978030795,-0.6584277693712342,-0.9158910398829212,-0.6452449037581256,-0.6383880146024472,-0.9352959428214916,-0.8551973030386884,-0.7105838886021417
28,12468,-0.4243359985628103,-0.5545308387024981,-0.6278285354036154,-0.6452449037581256,-0.5550323957070635,0.1268329772711338,-0.0390628458157966,-0.7105838886021417
29,12474,1.9751627577956212,0.7376872364899068,-0.0517035264450036,2.891941014434008,1.112079982200609,-0.2272099960930745,1.0491164304813922,0.6803535032839819
30,12476,0.357392295278637,1.237691215333199,0.0059089744508575,0.0621922798803011,-0.0548986823347617,0.8349189239995508,0.2329819732585006,0.1007962566647637
31,12477,-0.9693052979350408,-0.7103762347056022,-1.0887285425705049,-0.6452449037581256,-0.9718104901839816,-1.2893389161857,-1.1272421221129856,-0.942406787249829
32,12480,-0.3787502279458002,-0.3921918845325979,1.0429339905763586,-0.6452449037581256,0.0284569365606218,1.1889618973637592,0.5050267923327979,0.6803535032839819
33,12483,-0.5909019505440424,-0.548037280535702,-0.3973785318201707,-0.6452449037581256,-0.6383880146024472,-0.2272099960930745,-0.3111076648900939,-0.8264953379259854
34,12484,1.6725874217689556,2.094840893350272,3.116984022827361,-0.6452449037581256,1.778924933363678,2.251090817456385,1.0491164304813922,3.346316837732385
35,12489,-0.7680213322629823,-0.4116725590329859,-0.3973785318201707,-0.6452449037581256,-0.6383880146024472,0.4808759506353423,0.2329819732585006,-0.3628495406306108
36,12490,0.2550238816929648,-0.3272563028646379,0.8700964878887751,-0.6452449037581256,0.6953018877236908,1.5430048707279678,0.7770716114070951,0.6803535032839819
37,12494,-0.8723315297781955,-0.6649213275380301,-0.800666038091199,1.4770666471571543,-0.7217436334978308,-0.2272099960930745,0.2329819732585006,-0.594672439278298
38,12500,-1.0325908825382193,-0.6908955602052141,-0.9158910398829212,-0.6452449037581256,-0.888454871288598,-1.6433818895499084,-1.3992869411872828,-0.7105838886021417
39,12502,1.0621179346627785,0.0363829544759383,-0.166928528236726,-0.6452449037581256,0.6119462688283073,-0.2272099960930745,-0.3111076648900939,0.5644420539601382
40,12503,-1.068175192486574,-0.7168697928723982,-1.146341043466366,-0.6452449037581256,-1.0551661090793654,-1.6433818895499084,-1.3992869411872828,-1.0583182365736727
41,12510,-0.4513496785830935,0.6792452129887426,0.178746477138441,-0.6452449037581256,-0.1382543012301454,0.8349189239995508,0.2329819732585006,-0.0151151926590799
42,12515,-0.4200080496036334,-0.1064753251935737,-0.2821535300284483,-0.6452449037581256,-0.8050992523932144,-0.9352959428214916,-0.8551973030386884,-0.7105838886021417
43,12523,-0.862095204715099,-0.541543722368906,-0.800666038091199,-0.6452449037581256,-0.888454871288598,-0.2272099960930745,-0.5831524839643911,-0.4787609899544545
44,12524,-0.8117817523369668,-0.574011513202886,-0.2821535300284483,0.0621922798803011,-0.7217436334978308,-0.2272099960930745,-0.3111076648900939,0.1007962566647637
45,12527,-0.2980755825124696,2.029905311682312,-0.6278285354036154,-0.6452449037581256,-0.6383880146024472,-0.581252969457283,-0.5831524839643911,-0.942406787249829
46,12528,0.8731698859043339,-0.0999817670267777,-0.2821535300284483,-0.6452449037581256,0.6953018877236908,0.1268329772711338,-0.0390628458157966,0.332619155312451
47,12530,-0.4220614793009458,-0.1649173486947378,-0.512603533611893,-0.6452449037581256,-0.4716767768116799,0.4808759506353423,-0.0390628458157966,-0.942406787249829
48,12540,0.9320631764528612,1.289639680667567,1.8495090031184152,1.4770666471571543,1.528858076677527,1.1889618973637592,1.865250887704284,1.0280878512555127
49,12551,-0.3690638743303462,-0.6129728622036621,-0.800666038091199,-0.6452449037581256,-0.3883211579162963,-0.581252969457283,-0.5831524839643911,-0.7105838886021417
50,12553,-0.2797628574078509,-0.1324495578607578,0.8700964878887751,0.769629463518728,0.0284569365606218,1.8970478440921763,1.3211612495556897,0.1007962566647637
51,12557,-0.9323901759397804,-0.6584277693712342,-0.7430535371953377,0.769629463518728,-0.8050992523932144,-1.6433818895499084,-1.3992869411872828,-0.4787609899544545
52,12559,0.2176666431245939,0.1597605596450624,-0.3397660309243095,0.0621922798803011,-0.221609920125529,-0.2272099960930745,-0.3111076648900939,-0.1310266419829235
53,12574,-0.3747953379127077,0.5104127006520466,-0.5702160345077543,-0.6452449037581256,-0.7217436334978308,0.4808759506353423,0.2329819732585006,-0.2469380913067672
54,12577,1.7731053956875908,5.614349419753705,1.9071215040142764,-0.6452449037581256,1.6122136955729107,0.4808759506353423,0.2329819732585006,1.3758221992270436
55,12578,1.4921512962233718,0.0298893963091423,1.503833997743248,1.4770666471571543,2.195703027840596,1.1889618973637592,0.7770716114070951,2.4190252431416366
56,12583,0.3095928265075719,0.2831381648141864,1.1005464914722198,0.0621922798803011,0.1118125554560054,1.1889618973637592,1.593206068629987,0.332619155312451
57,12585,0.858285879855699,0.6532709803215586,2.07995900670186,0.0621922798803011,1.0287243633052254,1.8970478440921763,0.7770716114070951,1.607645097874731
58,12586,-1.0632763491849464,-0.7168697928723982,-1.146341043466366,-0.6452449037581256,-1.0551661090793654,-1.6433818895499084,-1.3992869411872828,-1.0583182365736727
59,12591,1.0086350745055752,0.3026188393145744,-0.1093160273408648,-0.6452449037581256,0.6119462688283073,0.1268329772711338,-0.0390628458157966,-0.1310266419829235
60,12594,-0.7398908442514198,0.1272927688110823,-0.512603533611893,-0.6452449037581256,-0.7217436334978308,-0.2272099960930745,-0.3111076648900939,-0.7105838886021417
61,12600,-0.7046483611065232,-0.6194664203704581,-0.4549910327160318,1.4770666471571543,-0.4716767768116799,-0.581252969457283,-0.3111076648900939,-0.0151151926590799
62,12601,-0.8220032849926715,-0.6649213275380301,-0.6854410362994766,-0.6452449037581256,-0.8050992523932144,-0.2272099960930745,-0.3111076648900939,-0.4787609899544545
63,12605,-0.9374070165277744,-0.7038826765388061,-1.0311160416746437,-0.6452449037581256,-0.9718104901839816,-1.2893389161857,-1.1272421221129856,-1.0583182365736727
64,12609,-0.8887105948916998,-0.59998574587007,-0.3973785318201707,-0.6452449037581256,-0.8050992523932144,-0.9352959428214916,-0.8551973030386884,-0.7105838886021417
65,12621,0.1167189095268724,0.0363829544759383,0.4668089816177469,0.769629463518728,0.5285906499329236,0.4808759506353423,1.0491164304813922,0.332619155312451
66,12625,1.7488570659400449,0.4844384679848625,1.0429339905763586,0.769629463518728,0.8620131255144581,0.4808759506353423,0.5050267923327979,1.607645097874731
67,12626,1.34123640771935,3.05588750203608,1.9071215040142764,2.184503830795581,1.6955693144682942,1.5430048707279678,2.409340525852879,1.2599107499032
68,12637,0.9900341664475916,0.0883314198103063,1.9071215040142764,0.0621922798803011,1.0287243633052254,1.5430048707279678,1.3211612495556897,1.9553794458462617
69,12643,-1.0447430933493222,-0.7103762347056022,-1.0887285425705049,-0.6452449037581256,-1.0551661090793654,-1.6433818895499084,-1.3992869411872828,-0.942406787249829
70,12645,0.0041150841956168,-0.2233593721959018,-0.4549910327160318,-0.6452449037581256,-0.4716767768116799,0.4808759506353423,0.2329819732585006,-0.0151151926590799
71,12647,0.7752376222955376,0.6792452129887426,0.9277089887846364,1.4770666471571543,1.1954356010959926,1.5430048707279678,1.593206068629987,0.7962649526078255
72,12649,-1.063516655950869,-0.7103762347056022,-1.0887285425705049,-0.6452449037581256,-1.0551661090793654,-1.2893389161857,-1.1272421221129856,-0.942406787249829
73,12651,-0.0234204379269866,0.9324939814937868,-0.7430535371953377,-0.6452449037581256,-0.5550323957070635,-0.2272099960930745,-0.3111076648900939,-0.594672439278298
74,12652,0.2524839415187684,0.3740479791493305,1.3886089959515258,0.769629463518728,1.0287243633052254,1.5430048707279678,1.3211612495556897,1.0280878512555127
75,12662,0.3648790967354895,0.2376832576466144,0.5820339834094693,0.0621922798803011,0.1951681743513891,0.8349189239995508,1.3211612495556897,0.7962649526078255
76,12664,-0.7426164089119446,-0.6908955602052141,-0.9735035407787824,-0.6452449037581256,-0.7217436334978308,-0.9352959428214916,-0.8551973030386884,-0.8264953379259854
77,12665,-1.020508651032454,-0.6129728622036621,-0.9735035407787824,0.0621922798803011,-0.9718104901839816,-1.2893389161857,-1.1272421221129856,-0.942406787249829
78,12666,-1.0544410490164715,-0.7103762347056022,-1.0887285425705049,-0.6452449037581256,-0.9718104901839816,-1.2893389161857,-1.1272421221129856,-0.942406787249829
79,12668,2.11372680352585,0.6662580966551507,1.6766715004308317,0.0621922798803011,2.0289917900498287,0.8349189239995508,1.593206068629987,1.4917336485508874
80,12672,-0.9357894519745674,-0.6584277693712342,-0.6278285354036154,-0.6452449037581256,-0.888454871288598,-0.9352959428214916,-0.8551973030386884,-0.594672439278298
81,12673,-0.316210623571604,-0.496088815201334,-0.166928528236726,-0.6452449037581256,-0.221609920125529,-0.2272099960930745,-0.3111076648900939,-0.2469380913067672
82,12676,-0.4733654349479817,-0.6389470948708461,-0.6854410362994766,-0.6452449037581256,-0.3049655390209126,-0.581252969457283,-0.5831524839643911,-0.594672439278298
83,12678,-0.9697253197310546,-0.6844020020384182,-0.9158910398829212,-0.6452449037581256,-0.888454871288598,-0.581252969457283,-0.5831524839643911,-1.0583182365736727
84,12686,-0.6125534058220122,-0.6649213275380301,-0.9158910398829212,-0.6452449037581256,-0.6383880146024472,-0.9352959428214916,-0.8551973030386884,-0.942406787249829
85,12691,-0.4373950210635843,-0.59998574587007,-0.3397660309243095,1.4770666471571543,-0.4716767768116799,-0.9352959428214916,-0.3111076648900939,-0.1310266419829235
86,12693,-0.3204638723330923,-0.6129728622036621,-0.7430535371953377,-0.6452449037581256,-0.8050992523932144,-0.581252969457283,-0.5831524839643911,-0.8264953379259854
87,12705,-0.2822134134073567,-0.489595257034538,0.3515839798260246,-0.6452449037581256,-0.0548986823347617,0.1268329772711338,-0.3111076648900939,-0.0151151926590799
88,12708,0.2631906167602873,0.3805415373161265,0.1211339762425798,0.769629463518728,0.6119462688283073,0.4808759506353423,0.7770716114070951,-0.0151151926590799
89,12709,0.3277654261855308,0.5753482823200067,0.5244214825136081,1.4770666471571543,0.1951681743513891,1.1889618973637592,2.409340525852879,0.7962649526078255
90,12712,0.7114123045757422,-0.3012820701974539,0.9853214896804976,3.599378198072434,1.112079982200609,0.8349189239995508,1.593206068629987,0.7962649526078255
91,12720,1.989377543990366,0.7376872364899068,1.3886089959515258,0.769629463518728,1.0287243633052254,1.8970478440921763,2.1372957067785814,1.9553794458462617
92,12721,-0.1387298934086646,0.2117090249794304,-0.3397660309243095,0.0621922798803011,-0.3049655390209126,0.4808759506353423,-0.0390628458157966,-0.0151151926590799
93,12724,-0.8387788842116254,-0.6389470948708461,-0.6278285354036154,-0.6452449037581256,-0.5550323957070635,-0.581252969457283,-0.5831524839643911,-0.3628495406306108
94,12725,0.9742801483153825,4.439015391563629,-0.1093160273408648,0.0621922798803011,0.0284569365606218,0.8349189239995508,0.2329819732585006,-0.1310266419829235
95,12726,-0.2337551758038068,-0.4506339080337619,0.0059089744508575,0.0621922798803011,0.1951681743513891,1.1889618973637592,1.3211612495556897,0.1007962566647637
96,12727,-0.653389449945599,-0.625959978537254,-0.5702160345077543,-0.6452449037581256,-0.4716767768116799,0.1268329772711338,-0.0390628458157966,-0.3628495406306108
97,12728,-0.8032927371291256,-0.1584237905279418,-0.5702160345077543,-0.6452449037581256,-0.5550323957070635,-0.2272099960930745,-0.3111076648900939,-0.594672439278298
98,12734,-1.0271207028317832,-0.6908955602052141,-0.9735035407787824,-0.6452449037581256,-0.9718104901839816,-1.2893389161857,-1.1272421221129856,-0.8264953379259854
99,12735,0.3210386425227242,-0.3012820701974539,0.8700964878887751,0.0621922798803011,0.3618794121421563,0.8349189239995508,1.3211612495556897,0.4485306046362946
100,12736,-1.0037311334296828,-0.5610243968692941,-0.9735035407787824,-0.6452449037581256,-1.0551661090793654,-1.2893389161857,-1.1272421221129856,-0.8264953379259854
101,12738,-0.2746089941705015,-0.6129728622036621,-0.8582785389870601,-0.6452449037581256,-0.4716767768116799,-1.2893389161857,-1.1272421221129856,-0.4787609899544545
102,12747,-0.2908942378041376,0.6467774221547626,-0.0517035264450036,0.769629463518728,-0.3049655390209126,0.8349189239995508,0.7770716114070951,-0.2469380913067672
103,12753,0.0147039206259539,0.1597605596450624,1.2733839941598033,0.0621922798803011,0.5285906499329236,0.1268329772711338,-0.3111076648900939,1.1439993005793565
104,12754,0.6151072266320373,-0.2947885120306578,0.3515839798260246,-0.6452449037581256,0.2785237932467727,0.8349189239995508,0.5050267923327979,0.1007962566647637
105,12755,-1.0504855000602422,-0.7103762347056022,-1.146341043466366,-0.6452449037581256,-1.0551661090793654,-1.6433818895499084,-1.3992869411872828,-0.942406787249829
106,12763,-0.6201404970485171,-0.47011458253415,-0.4549910327160318,0.0621922798803011,-0.4716767768116799,-0.581252969457283,-0.5831524839643911,-0.2469380913067672
107,12764,1.350079485683084,0.6857387711555387,0.4091964807218857,-0.6452449037581256,1.1954356010959926,0.8349189239995508,0.2329819732585006,0.6803535032839819
108,12766,1.0370107194577984,0.3026188393145744,3.0593715219315,0.769629463518728,1.1954356010959926,1.8970478440921763,1.865250887704284,2.4190252431416366
109,12775,-0.4814248989967163,-0.53505016420211,-0.6278285354036154,0.0621922798803011,-0.5550323957070635,-0.2272099960930745,-0.3111076648900939,-0.3628495406306108
110,12778,-0.802171742056645,-0.6584277693712342,-0.6854410362994766,-0.6452449037581256,-0.888454871288598,-0.9352959428214916,-0.8551973030386884,-0.7105838886021417
111,12779,0.0043466247815739,-0.0869946506931857,0.9277089887846364,0.769629463518728,0.1118125554560054,0.4808759506353423,0.2329819732585006,0.7962649526078255
112,12782,0.8873305444826314,0.3935286536497185,1.3309964950556643,1.4770666471571543,1.528858076677527,0.8349189239995508,1.3211612495556897,0.7962649526078255
113,12785,-0.6940930046441987,-0.6129728622036621,-0.3973785318201707,-0.6452449037581256,-0.4716767768116799,-0.581252969457283,-0.5831524839643911,-0.7105838886021417
114,12791,-1.0105960699201373,-0.7103762347056022,-1.0887285425705049,-0.6452449037581256,-0.9718104901839816,-1.2893389161857,-1.1272421221129856,-0.942406787249829
115,12793,-0.0227197357264938,-0.3272563028646379,-0.0517035264450036,0.0621922798803011,-0.221609920125529,0.8349189239995508,0.2329819732585006,0.332619155312451
116,12797,-0.8762189385753122,-0.6064793040368661,-0.2245410291325871,0.0621922798803011,-0.5550323957070635,-0.2272099960930745,0.2329819732585006,-0.1310266419829235
117,12808,-0.8278780184829937,-0.0415397435256137,-0.8582785389870601,-0.6452449037581256,-0.7217436334978308,-0.581252969457283,-0.5831524839643911,-0.8264953379259854
118,12820,-0.777869589131823,-0.0285526271920217,-0.5702160345077543,-0.6452449037581256,-0.7217436334978308,0.1268329772711338,-0.3111076648900939,-0.7105838886021417
119,12826,2.3556418173290115,1.3091203551679549,0.4091964807218857,0.769629463518728,1.4455024577821434,0.4808759506353423,2.1372957067785814,0.5644420539601382
120,12829,-0.5960826628140359,-0.6064793040368661,-0.512603533611893,0.769629463518728,-0.6383880146024472,-0.2272099960930745,0.2329819732585006,-0.4787609899544545
121,12836,0.3178894653521275,0.7506743528234987,0.4091964807218857,0.0621922798803011,0.44523503103754,0.8349189239995508,0.2329819732585006,0.9121764019316692
122,12838,1.3702609168050008,2.4130252435232755,1.2733839941598033,-0.6452449037581256,1.1954356010959926,2.605133790820593,1.593206068629987,1.2599107499032
123,12839,0.6776440618608971,-0.0285526271920217,0.4668089816177469,0.769629463518728,0.7786575066190745,0.8349189239995508,0.5050267923327979,0.332619155312451
124,12842,-0.0094516093896267,-0.6064793040368661,-0.6854410362994766,-0.6452449037581256,-0.3883211579162963,-0.9352959428214916,-0.8551973030386884,-0.1310266419829235
125,12853,-0.1918544411727792,-0.444140349866966,-0.1093160273408648,0.0621922798803011,-0.1382543012301454,0.4808759506353423,0.7770716114070951,0.332619155312451
126,12854,1.0334282836428486,-0.4246596753665779,0.0635214753467187,0.0621922798803011,0.7786575066190745,-0.2272099960930745,-0.3111076648900939,0.332619155312451
127,12855,-0.6770817903588754,-0.6779084438716221,-1.0887285425705049,-0.6452449037581256,-0.888454871288598,-1.6433818895499084,-1.3992869411872828,-0.8264953379259854
128,12865,-0.9636489223975307,-0.7103762347056022,-1.146341043466366,-0.6452449037581256,-1.0551661090793654,-1.6433818895499084,-1.3992869411872828,-1.0583182365736727
129,12867,0.5741334842543596,1.270159006167179,1.503833997743248,0.0621922798803011,0.8620131255144581,0.4808759506353423,0.2329819732585006,0.7962649526078255
130,12868,1.5532417618027268,-0.0675139761927977,0.9277089887846364,0.769629463518728,0.44523503103754,0.8349189239995508,1.3211612495556897,0.7962649526078255
131,12870,-1.0477202248546975,-0.7103762347056022,-1.0887285425705049,-0.6452449037581256,-1.0551661090793654,-1.6433818895499084,-1.3992869411872828,-0.942406787249829
132,12872,0.9255948699870472,1.159768517331647,1.9647340049101372,0.0621922798803011,1.4455024577821434,1.5430048707279678,1.865250887704284,2.071290895170105
133,12875,-1.0722794912558424,-0.7168697928723982,-1.146341043466366,-0.6452449037581256,-1.0551661090793654,-1.6433818895499084,-1.3992869411872828,-1.0583182365736727
134,12877,-0.4842779611139033,-0.59998574587007,-0.512603533611893,0.0621922798803011,-0.221609920125529,-0.2272099960930745,-0.0390628458157966,0.1007962566647637
135,12908,-0.965317082238721,-0.7103762347056022,-1.0887285425705049,-0.6452449037581256,-1.0551661090793654,-1.6433818895499084,-1.3992869411872828,-1.0583182365736727
136,12913,-1.0337358490676178,-0.6973891183720101,-0.9735035407787824,-0.6452449037581256,-0.9718104901839816,-0.9352959428214916,-0.8551973030386884,-0.942406787249829
137,12915,-0.5344773864260911,-0.483101698867742,-0.6278285354036154,-0.6452449037581256,-0.5550323957070635,-0.2272099960930745,-0.3111076648900939,-0.594672439278298
138,12916,0.7987817842405209,0.4324900026504945,0.4668089816177469,0.0621922798803011,0.44523503103754,0.8349189239995508,0.2329819732585006,0.6803535032839819
139,12921,1.733679826584126,1.8350985666784312,1.0429339905763586,0.769629463518728,1.3621468388867597,1.1889618973637592,1.865250887704284,1.3758221992270436
140,12924,-1.0630068996665982,-0.7038826765388061,-1.0887285425705049,-0.6452449037581256,-1.0551661090793654,-1.2893389161857,-1.1272421221129856,-1.0583182365736727
141,12928,-0.915992602592838,-0.5869986295364781,-0.2821535300284483,-0.6452449037581256,-0.4716767768116799,0.4808759506353423,-0.0390628458157966,-0.0151151926590799
142,12929,-0.6585312273648989,-0.6389470948708461,-0.8582785389870601,-0.6452449037581256,-0.7217436334978308,-0.9352959428214916,-0.8551973030386884,-0.7105838886021417
143,12931,-1.0611993650706764,-0.7103762347056022,-1.0887285425705049,0.0621922798803011,-0.9718104901839816,-1.2893389161857,-1.1272421221129856,-0.942406787249829
144,12935,2.703257752654988,-0.4051790008661899,0.3515839798260246,-0.6452449037581256,-0.9718104901839816,0.4808759506353423,-0.0390628458157966,-0.1310266419829235
145,12939,-0.9630757843800938,-0.6064793040368661,-0.8582785389870601,-0.6452449037581256,-0.9718104901839816,-0.9352959428214916,-0.8551973030386884,-0.8264953379259854
146,12942,-0.6925023016348345,-0.489595257034538,-0.3397660309243095,-0.6452449037581256,-0.5550323957070635,-0.2272099960930745,-0.3111076648900939,-0.1310266419829235
147,12944,-0.5623181901404317,-0.4506339080337619,-0.512603533611893,0.0621922798803011,-0.5550323957070635,-0.2272099960930745,-0.5831524839643911,-0.594672439278298
148,12947,1.205769505083872,-0.3727112100322099,-0.0517035264450036,2.184503830795581,0.9453687444098418,0.1268329772711338,1.0491164304813922,0.2167077059886073
149,12951,-0.6405264695893617,-0.541543722368906,-0.0517035264450036,0.0621922798803011,-0.6383880146024472,-0.2272099960930745,-0.0390628458157966,-0.0151151926590799
150,12956,0.295125922975229,-0.496088815201334,-0.512603533611893,-0.6452449037581256,0.0284569365606218,-0.2272099960930745,-0.3111076648900939,-0.4787609899544545
151,12957,-0.5021752893956681,-0.2688142793634738,0.5244214825136081,0.0621922798803011,-0.0548986823347617,0.4808759506353423,0.2329819732585006,-0.1310266419829235
152,12963,-0.6318168569241215,-0.4051790008661899,-0.2821535300284483,0.0621922798803011,-0.6383880146024472,-0.2272099960930745,-0.3111076648900939,-0.8264953379259854
153,12967,-0.3308788865079776,-0.574011513202886,-0.3397660309243095,0.769629463518728,-0.3049655390209126,-0.581252969457283,-0.0390628458157966,-0.4787609899544545
154,12970,-0.8270741739595201,-0.3856983263658019,-0.7430535371953377,-0.6452449037581256,-0.9718104901839816,-0.581252969457283,-0.5831524839643911,-0.7105838886021417
155,12971,0.9162269889372744,0.2506703739802064,0.9853214896804976,9.258875667179847,1.4455024577821434,1.8970478440921763,2.9534301640014733,0.5644420539601382
156,12980,-0.5089485438212507,0.2117090249794304,-0.8582785389870601,0.769629463518728,-0.8050992523932144,-0.581252969457283,-0.0390628458157966,-0.8264953379259854
157,12989,-0.995319771062449,-0.7103762347056022,-1.0887285425705049,0.0621922798803011,-0.9718104901839816,-1.2893389161857,-1.1272421221129856,-1.0583182365736727
158,12990,-0.8702238807156449,-0.6973891183720101,-1.0311160416746437,-0.6452449037581256,-0.9718104901839816,-1.6433818895499084,-1.3992869411872828,-0.942406787249829
159,12997,-0.6741171783931081,-0.1454366741943498,-0.3397660309243095,0.0621922798803011,-0.5550323957070635,0.1268329772711338,-0.3111076648900939,-0.2469380913067672
160,13000,-0.6574413017694605,-0.6454406530376421,-0.6854410362994766,-0.6452449037581256,-0.4716767768116799,0.1268329772711338,-0.0390628458157966,-0.8264953379259854
161,13001,0.0126220905073453,0.1662541178118584,0.4668089816177469,0.0621922798803011,0.7786575066190745,1.5430048707279678,1.3211612495556897,0.7962649526078255
162,13002,-0.6682846243243704,-0.6649213275380301,-0.9158910398829212,-0.6452449037581256,-0.7217436334978308,-0.9352959428214916,-0.8551973030386884,-0.942406787249829
163,13004,1.5463413435524502,0.7961292599910708,1.3886089959515258,0.769629463518728,1.9456361711544448,1.1889618973637592,1.3211612495556897,1.9553794458462617
164,13008,-0.0909012485219772,-0.4506339080337619,-0.3397660309243095,0.0621922798803011,-0.4716767768116799,-0.2272099960930745,-0.0390628458157966,-0.8264953379259854
165,13011,-0.9726710731498172,-0.6129728622036621,-1.0311160416746437,-0.6452449037581256,-0.888454871288598,-0.9352959428214916,-0.8551973030386884,-0.8264953379259854
166,13013,1.426307901283698,0.3026188393145744,1.6190589995349705,-0.6452449037581256,1.1954356010959926,0.8349189239995508,0.2329819732585006,1.0280878512555127
167,13021,-0.2728144545397427,-0.1908915813619218,-0.7430535371953377,0.0621922798803011,-0.6383880146024472,-0.9352959428214916,-0.5831524839643911,-0.7105838886021417
168,13027,-0.9249782414966002,-0.6194664203704581,-0.8582785389870601,-0.6452449037581256,-0.8050992523932144,-0.581252969457283,-0.5831524839643911,-0.942406787249829
169,13029,-1.0684554433398938,-0.7168697928723982,-1.146341043466366,-0.6452449037581256,-1.0551661090793654,-1.6433818895499084,-1.3992869411872828,-1.0583182365736727
170,13030,0.0325190169683472,0.7441807946567027,1.8495090031184152,-0.6452449037581256,0.1951681743513891,1.1889618973637592,0.5050267923327979,1.607645097874731
171,13033,-0.8211567605996609,-0.6454406530376421,-0.5702160345077543,-0.6452449037581256,-0.7217436334978308,-0.581252969457283,-0.8551973030386884,-0.594672439278298
172,13034,-0.9720911624034252,-0.47011458253415,-0.6278285354036154,-0.6452449037581256,-0.8050992523932144,-0.581252969457283,-0.5831524839643911,-0.8264953379259854
173,13047,0.3212407609394824,0.4130093281501065,0.6972589852011917,0.769629463518728,1.0287243633052254,0.8349189239995508,1.3211612495556897,1.0280878512555127
174,13048,0.3004611193577153,2.887054989699384,0.6396464843053304,-0.6452449037581256,0.2785237932467727,0.1268329772711338,-0.3111076648900939,0.5644420539601382
175,13049,-0.9573822464117218,-0.625959978537254,-0.800666038091199,-0.6452449037581256,-0.888454871288598,-0.581252969457283,-0.5831524839643911,-0.4787609899544545
176,13064,-0.9763426262338832,-0.6519342112044381,-0.6854410362994766,-0.6452449037581256,-1.0551661090793654,-0.9352959428214916,-0.8551973030386884,-0.7105838886021417
177,13065,-0.3848421141434492,-0.548037280535702,-0.512603533611893,0.0621922798803011,-0.5550323957070635,-0.581252969457283,-0.5831524839643911,-0.3628495406306108
178,13068,-1.0724171144427408,-0.7168697928723982,-1.146341043466366,-0.6452449037581256,-1.0551661090793654,-1.6433818895499084,-1.3992869411872828,-0.942406787249829
179,13069,3.0320877226109983,1.0039231213285429,4.384459042536307,2.184503830795581,4.529660356911338,1.8970478440921763,1.865250887704284,3.925874084351604
180,13077,-0.3341342003484699,0.2376832576466144,-0.4549910327160318,-0.6452449037581256,-0.8050992523932144,-0.581252969457283,-0.5831524839643911,-0.4787609899544545
181,13078,0.7894226526891152,1.9325019391803715,1.3886089959515258,4.306815381710861,0.8620131255144581,0.4808759506353423,1.3211612495556897,0.7962649526078255
182,13082,-0.6089113124407415,-0.6649213275380301,-0.9735035407787824,-0.6452449037581256,-0.6383880146024472,-1.2893389161857,-1.1272421221129856,-0.7105838886021417
183,13090,-0.4450671550787931,-0.50258237336813,-0.4549910327160318,2.184503830795581,-0.3883211579162963,0.1268329772711338,0.5050267923327979,-0.7105838886021417
184,13092,-0.9337300210722262,-0.6714148857048261,-0.800666038091199,-0.6452449037581256,-0.8050992523932144,0.1268329772711338,-0.3111076648900939,-0.7105838886021417
185,13094,-0.8785627281745821,-0.5545308387024981,-0.9158910398829212,0.769629463518728,-0.8050992523932144,-0.581252969457283,-0.3111076648900939,-0.942406787249829
186,13097,0.4140112792556794,1.0948329356636868,1.3886089959515258,0.0621922798803011,0.3618794121421563,1.5430048707279678,1.593206068629987,1.8394679965224183
187,13098,-0.0614571179986742,-0.5610243968692941,-0.166928528236726,0.0621922798803011,0.0284569365606218,0.4808759506353423,-0.0390628458157966,-0.1310266419829235
188,13102,2.8394188850307747,0.3740479791493305,2.137571507597721,4.306815381710861,3.3626816923759666,1.1889618973637592,3.2254749830757707,2.650848141789324
189,13104,-1.0236985062807782,-0.7168697928723982,-1.146341043466366,-0.6452449037581256,-1.0551661090793654,-1.6433818895499084,-1.3992869411872828,-0.942406787249829
190,13107,0.2236284295362286,0.2441768158134104,0.0635214753467187,0.0621922798803011,-0.3049655390209126,0.8349189239995508,0.7770716114070951,-0.1310266419829235
191,13108,-0.8154868020706442,0.9195068651601948,-0.6278285354036154,-0.6452449037581256,-0.888454871288598,-0.2272099960930745,-0.3111076648900939,-1.0583182365736727
192,13110,-0.6267671535872558,-0.3856983263658019,-0.3973785318201707,-0.6452449037581256,-0.4716767768116799,-0.581252969457283,-0.5831524839643911,-0.2469380913067672
193,13115,-0.9549404607625812,-0.6649213275380301,-1.0887285425705049,0.0621922798803011,-0.9718104901839816,-1.2893389161857,-1.1272421221129856,-1.0583182365736727
194,13117,-0.0681595173350024,-0.1454366741943498,0.4668089816177469,0.769629463518728,-0.1382543012301454,0.8349189239995508,0.2329819732585006,-0.0151151926590799
195,13124,0.959129620368921,-0.2298529303626978,1.446221496847387,0.0621922798803011,1.3621468388867597,0.4808759506353423,-0.0390628458157966,1.0280878512555127
196,13126,-0.0162985756281917,-0.2493336048630858,0.4668089816177469,0.769629463518728,0.3618794121421563,0.8349189239995508,1.593206068629987,0.332619155312451
197,13136,-0.9694931535851568,-0.7038826765388061,-1.0311160416746437,-0.6452449037581256,-0.888454871288598,-0.9352959428214916,-0.8551973030386884,-0.942406787249829
198,13137,2.1018414941189376,-0.2168658140291058,0.178746477138441,-0.6452449037581256,1.6122136955729107,0.4808759506353423,0.2329819732585006,0.6803535032839819
199,13138,-0.3691577166622123,-0.5869986295364781,-0.6278285354036154,0.0621922798803011,-0.5550323957070635,-0.581252969457283,-0.8551973030386884,-0.594672439278298
200,13140,-0.7484572870982898,-0.489595257034538,-0.2821535300284483,-0.6452449037581256,-0.8050992523932144,-0.581252969457283,-0.5831524839643911,-0.2469380913067672
201,13141,0.4385930282810836,0.0039151636419582,0.3515839798260246,0.769629463518728,0.1951681743513891,0.8349189239995508,0.5050267923327979,0.1007962566647637
202,13144,-1.0527719466649712,-0.7038826765388061,-1.0311160416746437,-0.6452449037581256,-1.0551661090793654,-1.2893389161857,-1.3992869411872828,-0.8264953379259854
203,13145,-1.065313672798992,-0.7168697928723982,-1.146341043466366,-0.6452449037581256,-1.0551661090793654,-1.6433818895499084,-1.3992869411872828,-0.942406787249829
204,13155,1.5415440453107556,0.3415801883153505,1.158158992368081,0.769629463518728,2.0289917900498287,1.1889618973637592,0.5050267923327979,1.1439993005793565
205,13158,0.4705300652118604,-0.2882949538638619,-0.2821535300284483,-0.6452449037581256,0.1951681743513891,0.1268329772711338,-0.0390628458157966,-0.3628495406306108
206,13161,-0.8481791817775121,-0.6649213275380301,-0.7430535371953377,-0.6452449037581256,-0.9718104901839816,-0.9352959428214916,-0.8551973030386884,-0.8264953379259854
207,13162,0.535830932867183,-0.0025783945248377,0.4668089816177469,0.0621922798803011,0.9453687444098418,0.1268329772711338,-0.3111076648900939,0.332619155312451
208,13165,-0.6896262689566344,-0.6129728622036621,-0.4549910327160318,-0.6452449037581256,-0.7217436334978308,-0.9352959428214916,-0.8551973030386884,-0.2469380913067672
209,13168,1.3763018240379037,4.166285948558197,1.9071215040142764,-0.6452449037581256,1.8622805522590613,1.5430048707279678,0.7770716114070951,2.187202344493949
210,13173,0.6013242227601866,0.2571639321470024,-0.512603533611893,-0.6452449037581256,0.1118125554560054,-0.581252969457283,-0.5831524839643911,-0.0151151926590799
211,13178,-0.2049831468805193,-0.483101698867742,0.4668089816177469,-0.6452449037581256,0.0284569365606218,0.8349189239995508,0.2329819732585006,0.4485306046362946
212,13183,-0.1971923983598028,-0.4116725590329859,-0.2821535300284483,-0.6452449037581256,-0.221609920125529,0.4808759506353423,-0.0390628458157966,-0.3628495406306108
213,13187,-0.4435067333409461,0.0363829544759383,0.7548714860970528,-0.6452449037581256,-0.3049655390209126,0.4808759506353423,-0.0390628458157966,-0.0151151926590799
214,13198,1.5359092140575945,0.1337863269778783,2.195184008493582,0.769629463518728,2.112347408945213,1.5430048707279678,1.865250887704284,2.4190252431416366
215,13199,-0.1968859740785745,-0.515569489701722,-0.4549910327160318,2.891941014434008,0.0284569365606218,0.1268329772711338,0.5050267923327979,-0.4787609899544545
216,13208,-0.0567639588054656,-0.0934882088599817,0.0635214753467187,-0.6452449037581256,-0.0548986823347617,0.1268329772711338,-0.0390628458157966,-0.3628495406306108
217,13209,-0.8566484376320345,-0.5545308387024981,0.0059089744508575,0.769629463518728,-0.3049655390209126,-0.581252969457283,-0.0390628458157966,-0.1310266419829235
218,13211,-1.04612126028372,-0.7103762347056022,-1.0887285425705049,-0.6452449037581256,-1.0551661090793654,-1.6433818895499084,-1.3992869411872828,-0.942406787249829
219,13221,0.0465317347911288,0.1597605596450624,0.6972589852011917,-0.6452449037581256,0.44523503103754,0.8349189239995508,0.2329819732585006,0.2167077059886073
220,13225,-0.814387576484091,-0.3856983263658019,-0.5702160345077543,0.0621922798803011,-0.7217436334978308,-0.2272099960930745,-0.0390628458157966,-0.7105838886021417
221,13233,-0.4748464772997857,-0.5869986295364781,-0.3973785318201707,0.0621922798803011,-0.4716767768116799,-0.2272099960930745,-0.3111076648900939,-0.1310266419829235
222,13238,-0.843226048213853,-0.496088815201334,-0.9158910398829212,-0.6452449037581256,-0.8050992523932144,-0.9352959428214916,-0.8551973030386884,-0.942406787249829
223,13240,-0.3688526602720538,-0.4051790008661899,-0.3397660309243095,-0.6452449037581256,0.1118125554560054,-0.2272099960930745,-0.3111076648900939,-0.4787609899544545
224,13246,-0.0143183739775079,-0.3012820701974539,0.9853214896804976,0.0621922798803011,0.3618794121421563,1.1889618973637592,0.7770716114070951,0.7962649526078255
225,13253,-0.8206210852818576,0.0688507453099183,-0.3973785318201707,-0.6452449037581256,-0.7217436334978308,0.4808759506353423,-0.0390628458157966,-0.594672439278298
226,13255,-0.4818000347818032,-0.6454406530376421,-0.9735035407787824,-0.6452449037581256,-0.8050992523932144,-1.2893389161857,-1.1272421221129856,-0.942406787249829
227,13263,0.1561824501187221,0.4130093281501065,0.5244214825136081,-0.6452449037581256,0.3618794121421563,0.8349189239995508,0.2329819732585006,0.2167077059886073
228,13266,-1.0471942874199671,-0.7038826765388061,-1.146341043466366,-0.6452449037581256,-1.0551661090793654,-1.6433818895499084,-1.3992869411872828,-1.0583182365736727
229,13269,0.3477205714249902,0.7311936783231107,-0.0517035264450036,0.0621922798803011,0.2785237932467727,-0.581252969457283,-0.5831524839643911,-0.0151151926590799
230,13270,-1.0400047687284133,-0.7168697928723982,-1.146341043466366,-0.6452449037581256,-1.0551661090793654,-1.6433818895499084,-1.3992869411872828,-0.942406787249829
231,13280,2.7096814024818525,0.7052194456559266,1.791896502222554,0.769629463518728,2.112347408945213,1.5430048707279678,0.7770716114070951,1.607645097874731
232,13284,-0.7039013382776401,-0.6064793040368661,-0.512603533611893,0.0621922798803011,-0.6383880146024472,-0.581252969457283,-0.3111076648900939,-0.4787609899544545
233,13295,-0.6989046991053228,-0.2623207211966779,-0.6278285354036154,0.0621922798803011,-0.7217436334978308,-0.581252969457283,-0.3111076648900939,-0.8264953379259854
234,13304,-0.7377980209594577,-0.53505016420211,-0.0517035264450036,-0.6452449037581256,-0.888454871288598,-0.581252969457283,-0.5831524839643911,-0.1310266419829235
235,13305,-0.8509059099795261,-0.6779084438716221,-0.9158910398829212,-0.6452449037581256,-0.888454871288598,-0.581252969457283,-0.5831524839643911,-0.594672439278298
236,13309,0.8419173783643891,-0.3921918845325979,0.0059089744508575,-0.6452449037581256,0.6953018877236908,0.1268329772711338,-0.0390628458157966,0.332619155312451
237,13310,-0.0622412782360219,0.1727476759786544,0.2363589780343022,0.769629463518728,-0.1382543012301454,0.1268329772711338,-0.0390628458157966,-0.1310266419829235
238,13313,-0.8442530257976842,-0.5869986295364781,-0.2245410291325871,-0.6452449037581256,-0.888454871288598,-0.2272099960930745,-0.3111076648900939,-0.3628495406306108
239,13317,-0.5016702957077438,-0.418166117199782,-0.4549910327160318,-0.6452449037581256,-0.4716767768116799,-0.2272099960930745,-0.3111076648900939,-0.7105838886021417
240,13319,2.055866842079749,1.0753522611632989,2.713696516556333,2.184503830795581,2.362414265631364,1.1889618973637592,0.7770716114070951,2.7667595911131677
241,13324,0.0078650157698212,-0.0545268598592057,-0.7430535371953377,0.0621922798803011,-0.5550323957070635,-0.9352959428214916,-0.8551973030386884,-0.8264953379259854
242,13327,-0.6755872525939562,-0.541543722368906,-0.166928528236726,-0.6452449037581256,-0.4716767768116799,-0.2272099960930745,-0.3111076648900939,0.4485306046362946
243,13328,-0.0189200429442265,-0.457127466200558,-0.3973785318201707,-0.6452449037581256,-0.3049655390209126,0.4808759506353423,-0.0390628458157966,-0.594672439278298
244,13329,-0.7874498310997787,-0.6584277693712342,-0.6854410362994766,0.769629463518728,-0.7217436334978308,-0.9352959428214916,-0.3111076648900939,-0.7105838886021417
245,13330,-0.4923493942094986,-0.3986854426993939,-0.6854410362994766,-0.6452449037581256,-0.5550323957070635,-0.581252969457283,-0.5831524839643911,-0.594672439278298
246,13368,-1.0058512811798437,-0.496088815201334,-1.146341043466366,-0.6452449037581256,-1.0551661090793654,-1.6433818895499084,-1.3992869411872828,-1.0583182365736727
247,13369,-0.2905641256531643,-0.5610243968692941,-0.2821535300284483,0.0621922798803011,-0.221609920125529,-0.581252969457283,-0.5831524839643911,-0.4787609899544545
248,13370,0.4228059722432198,0.1143056524774903,0.812483986992914,0.769629463518728,0.7786575066190745,1.1889618973637592,1.0491164304813922,1.0280878512555127
249,13385,0.439215919165784,0.5688547241532106,0.6396464843053304,-0.6452449037581256,0.1118125554560054,0.8349189239995508,0.2329819732585006,0.2167077059886073
250,13394,-0.5637928934848391,-0.593492187703274,-0.4549910327160318,-0.6452449037581256,-0.3049655390209126,0.1268329772711338,-0.0390628458157966,-0.2469380913067672
251,13396,0.0019845855136414,-0.5545308387024981,-0.3973785318201707,0.0621922798803011,-0.3049655390209126,0.1268329772711338,0.2329819732585006,-0.2469380913067672
252,13397,-0.8146983129585086,-0.6584277693712342,-0.7430535371953377,-0.6452449037581256,-0.8050992523932144,-0.581252969457283,-0.5831524839643911,-0.8264953379259854
253,13402,-0.3998868390519833,-0.3532305355318219,-0.2821535300284483,-0.6452449037581256,-0.3883211579162963,0.1268329772711338,-0.0390628458157966,-0.4787609899544545
254,13405,-0.9377542940435132,-0.6714148857048261,-0.8582785389870601,-0.6452449037581256,-0.888454871288598,-0.2272099960930745,-0.3111076648900939,-0.7105838886021417
255,13408,2.8608973145996166,6.02993714242865,2.0223465058059986,6.429126932626142,2.362414265631364,2.251090817456385,3.2254749830757707,2.071290895170105
256,13418,0.7580890433880916,-0.0999817670267777,0.8700964878887751,0.769629463518728,0.8620131255144581,0.8349189239995508,1.593206068629987,0.2167077059886073
257,13426,-0.5796368170916891,-0.0675139761927977,0.5244214825136081,0.0621922798803011,-0.1382543012301454,0.8349189239995508,1.0491164304813922,-0.1310266419829235
258,13448,0.1325127633160889,0.8350906089918467,0.5244214825136081,0.769629463518728,0.6953018877236908,1.1889618973637592,1.0491164304813922,-0.1310266419829235
259,13451,-0.2350318435526674,-0.3792047681990059,1.2733839941598033,-0.6452449037581256,-0.0548986823347617,0.8349189239995508,0.2329819732585006,1.0280878512555127
260,13455,0.4098756107405973,-0.1194624415271657,0.2363589780343022,0.0621922798803011,0.44523503103754,-0.2272099960930745,0.2329819732585006,0.332619155312451
261,13458,0.7263515851007147,0.5623611659864146,2.483246512972888,2.184503830795581,1.2787912199913762,2.251090817456385,2.9534301640014733,2.650848141789324
262,13468,2.7400016255313515,6.763709215276599,2.425634012077027,3.599378198072434,2.0289917900498287,2.605133790820593,3.769564621224365,1.7235565471985743
263,13473,-0.7906817656800968,-0.1843980231951258,-0.4549910327160318,0.0621922798803011,-0.888454871288598,-0.2272099960930745,-0.5831524839643911,-0.7105838886021417
264,13481,-1.0687496650318835,-0.7168697928723982,-1.146341043466366,-0.6452449037581256,-1.0551661090793654,-1.6433818895499084,-1.3992869411872828,-1.0583182365736727
265,13487,-0.9153023722657484,-0.6324535367040501,-0.5702160345077543,-0.6452449037581256,-0.888454871288598,-0.9352959428214916,-0.8551973030386884,-0.1310266419829235
266,13491,0.8564640533003381,0.2117090249794304,0.6972589852011917,2.891941014434008,0.6953018877236908,1.1889618973637592,2.1372957067785814,0.9121764019316692
267,13494,-0.5760463282351057,-0.56751795503609,-0.3397660309243095,-0.6452449037581256,-0.3049655390209126,-0.2272099960930745,-0.3111076648900939,-0.2469380913067672
268,13495,-0.2405453453701791,-0.463621024367354,0.2363589780343022,0.769629463518728,-0.1382543012301454,-0.581252969457283,-0.0390628458157966,0.332619155312451
269,13496,-0.3984399189097309,0.1987219086458384,0.3515839798260246,0.0621922798803011,-0.221609920125529,0.1268329772711338,-0.3111076648900939,-0.1310266419829235
270,13497,-0.6342897871174971,-0.56751795503609,-0.6854410362994766,-0.6452449037581256,-0.4716767768116799,-0.9352959428214916,-0.8551973030386884,-0.594672439278298
271,13502,-1.023753330353959,-0.6389470948708461,-0.9735035407787824,-0.6452449037581256,-1.0551661090793654,-0.9352959428214916,-0.8551973030386884,-0.7105838886021417
272,13506,0.6793525744886455,-0.0350461853588177,-0.0517035264450036,0.769629463518728,0.6119462688283073,0.1268329772711338,0.2329819732585006,-0.2469380913067672
273,13520,0.5262529762782094,-0.2753078375302699,0.0635214753467187,0.0621922798803011,0.5285906499329236,0.1268329772711338,0.5050267923327979,0.2167077059886073
274,13523,-0.2912876649618829,-0.489595257034538,0.3515839798260246,-0.6452449037581256,-0.1382543012301454,0.8349189239995508,0.2329819732585006,-0.2469380913067672
275,13527,-1.0481886107749072,-0.6844020020384182,-0.9158910398829212,-0.6452449037581256,-1.0551661090793654,-0.581252969457283,-0.8551973030386884,-0.594672439278298
276,13531,2.0702029618805438,0.5688547241532106,-0.3397660309243095,-0.6452449037581256,-0.8050992523932144,-0.9352959428214916,-0.8551973030386884,-0.4787609899544545
277,13534,0.7097422763955296,0.8740519579926227,0.9853214896804976,2.891941014434008,0.7786575066190745,1.5430048707279678,2.9534301640014733,0.4485306046362946
278,13538,-1.059179181798999,-0.7038826765388061,-1.0311160416746437,-0.6452449037581256,-1.0551661090793654,-0.9352959428214916,-1.1272421221129856,-1.0583182365736727
279,13539,-0.5739051241373494,-0.6454406530376421,-0.7430535371953377,-0.6452449037581256,-0.4716767768116799,-0.2272099960930745,-0.3111076648900939,-0.594672439278298
280,13551,-0.6213720494144727,-0.6908955602052141,-0.9735035407787824,-0.6452449037581256,-0.888454871288598,-0.9352959428214916,-0.8551973030386884,-0.942406787249829
281,13552,-0.9287235105640488,-0.463621024367354,-0.800666038091199,-0.6452449037581256,-0.888454871288598,-0.581252969457283,-0.5831524839643911,-0.8264953379259854
282,13564,2.377628460134271,0.6078160731539867,2.07995900670186,0.0621922798803011,2.195703027840596,0.8349189239995508,1.865250887704284,1.8394679965224183
283,13565,-0.6401686826666231,-0.625959978537254,-0.5702160345077543,-0.6452449037581256,-0.4716767768116799,0.1268329772711338,-0.0390628458157966,-0.7105838886021417
284,13569,-0.2733513100806337,0.1467734433114703,0.0059089744508575,-0.6452449037581256,-0.3049655390209126,0.1268329772711338,-0.0390628458157966,0.1007962566647637
285,13576,-0.0868041562032226,0.7441807946567027,0.5244214825136081,1.4770666471571543,0.1118125554560054,0.1268329772711338,1.0491164304813922,0.2167077059886073
286,13579,-0.8383463929207988,-0.6649213275380301,-0.7430535371953377,-0.6452449037581256,-0.7217436334978308,-0.2272099960930745,-0.3111076648900939,-0.8264953379259854
287,13581,-0.6463857559195544,-0.625959978537254,-0.6854410362994766,-0.6452449037581256,-0.7217436334978308,-0.2272099960930745,-0.3111076648900939,-0.942406787249829
288,13584,0.1350854077639717,-0.496088815201334,0.0059089744508575,0.0621922798803011,0.1951681743513891,0.1268329772711338,-0.3111076648900939,-0.0151151926590799
289,13593,0.106441018090933,0.3870350954829225,0.4668089816177469,0.0621922798803011,-0.1382543012301454,0.8349189239995508,0.2329819732585006,0.5644420539601382
290,13599,-0.2441141648304255,-0.515569489701722,0.3515839798260246,2.184503830795581,0.2785237932467727,0.4808759506353423,1.865250887704284,-0.0151151926590799
291,13600,0.2056763689300745,-0.574011513202886,-0.3397660309243095,-0.6452449037581256,-0.0548986823347617,-0.2272099960930745,-0.3111076648900939,-0.942406787249829
292,13606,-0.9024023087162412,-0.6973891183720101,-1.0311160416746437,-0.6452449037581256,-0.888454871288598,-0.9352959428214916,-0.8551973030386884,-1.0583182365736727
293,13611,-0.5424441550028505,0.1402798851446743,-0.3397660309243095,-0.6452449037581256,-0.8050992523932144,0.1268329772711338,-0.3111076648900939,-0.4787609899544545
294,13614,-0.8162742986276741,-0.522063047868518,-0.6854410362994766,-0.6452449037581256,-0.6383880146024472,-0.2272099960930745,-0.3111076648900939,-0.594672439278298
295,13615,-0.1474655043450298,0.7831421436574787,-0.3397660309243095,0.769629463518728,-0.1382543012301454,0.4808759506353423,0.2329819732585006,-0.2469380913067672
296,13627,-0.1885300112996666,-0.3207627446978419,-0.2245410291325871,-0.6452449037581256,0.0284569365606218,-0.2272099960930745,-0.3111076648900939,-0.7105838886021417
297,13629,-0.6091007319907086,-0.6324535367040501,-0.800666038091199,0.0621922798803011,-0.7217436334978308,-0.9352959428214916,-0.8551973030386884,-0.942406787249829
298,13634,-0.5454626693834863,0.6272967476543747,0.3515839798260246,-0.6452449037581256,-0.3883211579162963,0.8349189239995508,0.2329819732585006,-0.0151151926590799
299,13649,-0.749778444670115,-0.3402434191982299,-0.3397660309243095,0.0621922798803011,-0.6383880146024472,0.4808759506353423,-0.0390628458157966,-0.942406787249829
300,13652,-0.8491727961645194,-0.593492187703274,-0.166928528236726,-0.6452449037581256,-0.7217436334978308,-1.6433818895499084,-1.3992869411872828,-0.2469380913067672
301,13656,-0.0885918897418295,-0.2818013956970658,0.4668089816177469,-0.6452449037581256,-0.3883211579162963,-0.2272099960930745,-0.3111076648900939,0.1007962566647637
302,13659,0.9705739392106154,0.0104087218087542,1.3886089959515258,0.0621922798803011,1.528858076677527,0.4808759506353423,0.2329819732585006,0.6803535032839819
303,13668,1.025138734477618,0.0104087218087542,1.446221496847387,0.769629463518728,1.4455024577821434,1.5430048707279678,1.865250887704284,1.0280878512555127
304,13672,-0.953747242709776,-0.6714148857048261,-0.8582785389870601,0.0621922798803011,-0.888454871288598,-0.581252969457283,-0.8551973030386884,-0.942406787249829
305,13680,1.8164789277904076,1.218210540832811,2.5984715147646105,0.769629463518728,2.5291255034221307,1.5430048707279678,2.1372957067785814,3.1144939390846984
306,13693,-1.0505997189645684,-0.6584277693712342,-0.9735035407787824,-0.6452449037581256,-1.0551661090793654,-0.9352959428214916,-0.8551973030386884,-0.7105838886021417
307,13694,1.6959863245253677,0.2636574903137984,3.5202715290983893,4.306815381710861,1.9456361711544448,1.8970478440921763,4.313654259372959,1.8394679965224183
308,13700,-0.4749477679653427,-0.0090719526916337,0.1211339762425798,0.0621922798803011,0.0284569365606218,0.4808759506353423,-0.0390628458157966,-0.0151151926590799
309,13703,-0.9578145333529678,-0.7103762347056022,-1.146341043466366,-0.6452449037581256,-1.0551661090793654,-1.6433818895499084,-1.3992869411872828,-1.0583182365736727
310,13705,-0.4819829568491889,-0.6194664203704581,-0.6854410362994766,-0.6452449037581256,-0.5550323957070635,-0.581252969457283,-0.5831524839643911,-0.594672439278298
311,13707,0.8017520429273506,1.0428844703293187,-0.2245410291325871,-0.6452449037581256,0.7786575066190745,0.4808759506353423,0.2329819732585006,-0.0151151926590799
312,13709,0.1375520573355455,2.335102545521724,0.0635214753467187,-0.6452449037581256,0.44523503103754,0.8349189239995508,0.5050267923327979,0.1007962566647637
313,13715,2.3541038698746246,1.0428844703293187,2.9441465201397774,2.184503830795581,2.862547979003665,1.5430048707279678,2.409340525852879,3.694051185703916
314,13725,0.9762604000108612,-0.3986854426993939,0.0635214753467187,0.0621922798803011,1.3621468388867597,-0.581252969457283,-0.5831524839643911,0.1007962566647637
315,13728,-0.6152938087643244,-0.59998574587007,-0.800666038091199,-0.6452449037581256,-0.7217436334978308,-0.581252969457283,-0.5831524839643911,-0.942406787249829
316,13742,2.9608220074707323,2.523415732358808,2.07995900670186,0.0621922798803011,2.362414265631364,1.8970478440921763,1.0491164304813922,2.650848141789324
317,13747,-1.0021079304962126,-0.7168697928723982,-1.146341043466366,-0.6452449037581256,-1.0551661090793654,-1.6433818895499084,-1.3992869411872828,-1.0583182365736727
318,13748,-1.072011251153379,-0.7168697928723982,-1.146341043466366,-0.6452449037581256,-1.0551661090793654,-1.6433818895499084,-1.3992869411872828,-1.0583182365736727
319,13750,-1.0714570050461436,-0.7168697928723982,-1.146341043466366,-0.6452449037581256,-1.0551661090793654,-1.6433818895499084,-1.3992869411872828,-1.0583182365736727
320,13754,-0.6513442109131067,-0.1454366741943498,-0.7430535371953377,-0.6452449037581256,-0.7217436334978308,-0.9352959428214916,-0.8551973030386884,-0.942406787249829
321,13756,-0.3232005969829548,-0.4246596753665779,-0.3973785318201707,0.769629463518728,-0.4716767768116799,-0.2272099960930745,-0.3111076648900939,-0.8264953379259854
322,13758,-0.0462985411809789,-0.3337498610314339,0.3515839798260246,0.769629463518728,0.3618794121421563,-0.2272099960930745,0.5050267923327979,-0.2469380913067672
323,13764,0.9208785775872408,-0.0869946506931857,1.791896502222554,0.0621922798803011,1.2787912199913762,1.1889618973637592,0.7770716114070951,0.7962649526078255
324,13767,1.646832530994435,0.6143096313207826,1.6766715004308317,5.014252565349288,1.9456361711544448,1.5430048707279678,3.497519802150068,2.9985824897608544
325,13769,0.4616524897026105,-0.0740075343595937,0.3515839798260246,1.4770666471571543,0.6119462688283073,0.4808759506353423,0.7770716114070951,0.2167077059886073
326,13777,2.038732676073331,-0.2038786976955138,1.158158992368081,5.721689748987715,2.779192360108281,0.4808759506353423,2.1372957067785814,1.0280878512555127
327,13782,0.3804757990538751,-0.2038786976955138,0.2363589780343022,-0.6452449037581256,0.6953018877236908,0.1268329772711338,-0.0390628458157966,0.1007962566647637
328,13784,-0.9614977802375206,-0.6844020020384182,-0.8582785389870601,0.769629463518728,-0.8050992523932144,-0.9352959428214916,-0.5831524839643911,-0.4787609899544545
329,13786,-0.8382046827422898,-0.53505016420211,-0.800666038091199,-0.6452449037581256,-0.9718104901839816,-0.2272099960930745,-0.3111076648900939,-0.8264953379259854
330,13787,-0.8888534227373024,-0.6714148857048261,-0.800666038091199,-0.6452449037581256,-0.7217436334978308,-1.2893389161857,-1.1272421221129856,-0.8264953379259854
331,13800,0.3742389080620305,-0.3337498610314339,0.178746477138441,-0.6452449037581256,0.7786575066190745,0.4808759506353423,0.2329819732585006,0.2167077059886073
332,13802,-0.5165176856478643,-0.4116725590329859,0.0059089744508575,0.0621922798803011,-0.221609920125529,0.4808759506353423,0.2329819732585006,-0.2469380913067672
333,13807,-0.568577175909373,-0.6454406530376421,-0.800666038091199,-0.6452449037581256,-0.8050992523932144,-0.9352959428214916,-0.8551973030386884,-0.7105838886021417
334,13815,2.6825011733830246,-0.1714109068615338,0.2363589780343022,0.0621922798803011,1.4455024577821434,0.4808759506353423,0.2329819732585006,0.7962649526078255
335,13817,-0.995001444460754,-0.6584277693712342,-0.6854410362994766,-0.6452449037581256,-0.9718104901839816,-0.9352959428214916,-0.8551973030386884,-0.7105838886021417
336,13819,0.3508412022103044,0.2506703739802064,-0.2245410291325871,0.0621922798803011,0.1118125554560054,0.1268329772711338,0.7770716114070951,-0.2469380913067672
337,13824,-0.7154344199044845,-0.6454406530376421,-0.6278285354036154,-0.6452449037581256,-0.3883211579162963,-1.2893389161857,-1.1272421221129856,-0.4787609899544545
338,13829,-1.0669773536310088,-0.7168697928723982,-1.146341043466366,-0.6452449037581256,-1.0551661090793654,-1.6433818895499084,-1.3992869411872828,-0.942406787249829
339,13831,-0.9253362119169214,-0.7038826765388061,-1.0887285425705049,-0.6452449037581256,-0.9718104901839816,-1.2893389161857,-1.1272421221129856,-1.0583182365736727
340,13837,-0.5513208463873848,0.0558636289763263,-0.9158910398829212,-0.6452449037581256,-0.7217436334978308,-0.2272099960930745,-0.3111076648900939,-0.8264953379259854
341,13838,1.8808209038058168,0.4779449098180666,0.5820339834094693,0.0621922798803011,1.778924933363678,1.1889618973637592,0.5050267923327979,1.0280878512555127
342,13842,2.421893602820205,2.92601633870016,1.5614464986391092,1.4770666471571543,0.3618794121421563,0.8349189239995508,1.593206068629987,1.2599107499032
343,13846,-0.4550029903392962,0.6402838639879667,0.3515839798260246,-0.6452449037581256,-0.4716767768116799,0.4808759506353423,-0.0390628458157966,-0.2469380913067672
344,13848,-1.0201238482610877,-0.625959978537254,-1.146341043466366,-0.6452449037581256,-1.0551661090793654,-1.6433818895499084,-1.3992869411872828,-0.942406787249829
345,13854,0.2663499196611198,0.2117090249794304,-0.0517035264450036,4.306815381710861,0.8620131255144581,0.4808759506353423,1.865250887704284,0.332619155312451
346,13859,0.0411653104564153,-0.2558271630298818,0.1211339762425798,0.0621922798803011,0.1951681743513891,1.5430048707279678,0.7770716114070951,-0.2469380913067672
347,13862,0.4631472067947125,-0.1779044650283298,-0.1093160273408648,0.0621922798803011,0.3618794121421563,0.8349189239995508,0.7770716114070951,-0.0151151926590799
348,13871,0.3726503736604596,-0.509075931534926,-0.512603533611893,-0.6452449037581256,0.1951681743513891,-0.581252969457283,-0.5831524839643911,-0.2469380913067672
349,13873,-0.9092574114044318,-0.6779084438716221,-0.800666038091199,-0.6452449037581256,-0.888454871288598,-1.2893389161857,-1.1272421221129856,-0.8264953379259854
350,13874,-0.599568912532543,-0.1973851395287178,-0.2245410291325871,-0.6452449037581256,-0.3049655390209126,0.1268329772711338,-0.3111076648900939,-0.4787609899544545
351,13880,-0.5749301458037668,-0.548037280535702,-0.9735035407787824,-0.6452449037581256,-0.7217436334978308,-1.2893389161857,-1.1272421221129856,-0.7105838886021417
352,13881,-0.1369554968079882,-0.5610243968692941,-0.6278285354036154,-0.6452449037581256,-0.5550323957070635,-0.2272099960930745,-0.3111076648900939,-0.3628495406306108
353,13883,-1.0607733587512325,-0.6584277693712342,-1.146341043466366,-0.6452449037581256,-1.0551661090793654,-1.6433818895499084,-1.3992869411872828,-0.942406787249829
354,13890,-0.3705471603571366,0.1922283504790424,-0.5702160345077543,0.0621922798803011,-0.4716767768116799,-0.2272099960930745,-0.0390628458157966,-0.4787609899544545
355,13894,-0.725634116347868,-0.6519342112044381,-0.7430535371953377,-0.6452449037581256,-0.6383880146024472,-0.2272099960930745,-0.3111076648900939,-0.7105838886021417
356,13898,-0.90324139311636,0.0688507453099183,-0.512603533611893,-0.6452449037581256,-0.9718104901839816,-0.9352959428214916,-1.1272421221129856,-0.942406787249829
357,13901,-0.7496737426176827,-0.5805050713696821,-0.6278285354036154,-0.6452449037581256,-0.4716767768116799,-0.581252969457283,-0.5831524839643911,-0.2469380913067672
358,13911,0.2822673840945687,0.1272927688110823,-0.2821535300284483,0.0621922798803011,0.0284569365606218,0.1268329772711338,-0.0390628458157966,-0.1310266419829235
359,13922,-0.9075915369422238,-0.548037280535702,-0.800666038091199,-0.6452449037581256,-0.888454871288598,-0.581252969457283,-0.5831524839643911,-0.942406787249829
360,13929,0.2392228548164308,0.2961252811477785,-1.0311160416746437,0.0621922798803011,-0.9718104901839816,-1.2893389161857,-1.1272421221129856,-1.0583182365736727
361,13939,-0.5109974277829958,-0.6324535367040501,-0.5702160345077543,0.0621922798803011,-0.3049655390209126,-0.2272099960930745,-0.3111076648900939,-0.4787609899544545
362,13941,-0.6359635352941554,-0.6129728622036621,-0.6278285354036154,0.0621922798803011,-0.3883211579162963,0.1268329772711338,0.2329819732585006,-0.594672439278298
363,13948,-1.0074266079258716,-0.7038826765388061,-1.0311160416746437,-0.6452449037581256,-0.9718104901839816,-1.2893389161857,-1.1272421221129856,-0.942406787249829
364,13953,-1.069286812500747,-0.7168697928723982,-1.146341043466366,-0.6452449037581256,-1.0551661090793654,-1.6433818895499084,-1.3992869411872828,-1.0583182365736727
365,13958,-0.8558161509832684,-0.6908955602052141,-1.0311160416746437,-0.6452449037581256,-0.8050992523932144,-1.2893389161857,-1.1272421221129856,-0.8264953379259854
366,13959,-0.5971944746665907,-0.5285566060353141,-0.3397660309243095,-0.6452449037581256,-0.5550323957070635,-0.581252969457283,-0.5831524839643911,-0.4787609899544545
367,13963,1.1500973394398917,1.6857467288421233,0.5820339834094693,1.4770666471571543,0.1951681743513891,0.8349189239995508,1.0491164304813922,0.5644420539601382
368,13969,0.4186997050453385,0.9065197488266028,0.9853214896804976,0.0621922798803011,0.3618794121421563,0.4808759506353423,-0.0390628458157966,0.9121764019316692
369,13982,0.8795623494829677,0.4454771189840865,0.9853214896804976,0.0621922798803011,1.3621468388867597,1.8970478440921763,2.409340525852879,0.9121764019316692
370,13984,-1.0010577905129865,-0.6519342112044381,-0.7430535371953377,0.0621922798803011,-0.8050992523932144,-1.2893389161857,-0.8551973030386884,-0.942406787249829
371,13993,-0.8335055306848516,-0.5610243968692941,-0.2245410291325871,-0.6452449037581256,-0.888454871288598,-0.581252969457283,-0.5831524839643911,-0.3628495406306108
372,13999,0.3664975620950106,-0.431153233533374,0.0635214753467187,0.769629463518728,0.5285906499329236,-0.2272099960930745,0.5050267923327979,0.2167077059886073
373,14001,-0.5474311230184885,-0.3142691865310459,-0.7430535371953377,-0.6452449037581256,-0.6383880146024472,-0.581252969457283,-0.8551973030386884,-0.7105838886021417
374,14006,-0.8236292654122772,-0.6454406530376421,-0.800666038091199,-0.6452449037581256,-0.8050992523932144,-0.9352959428214916,-0.8551973030386884,-0.594672439278298
375,14016,-0.3063256630158575,-0.3792047681990059,0.8700964878887751,-0.6452449037581256,0.1951681743513891,1.1889618973637592,0.5050267923327979,0.9121764019316692
376,14030,1.145475368967906,1.367562378669119,0.0059089744508575,0.0621922798803011,0.2785237932467727,0.4808759506353423,0.2329819732585006,-0.4787609899544545
377,14031,0.4181351330286863,0.3156059556481664,1.3886089959515258,2.184503830795581,0.6119462688283073,1.5430048707279678,2.1372957067785814,1.2599107499032
378,14032,0.8719917480164934,0.8285970508250508,0.2363589780343022,2.184503830795581,0.44523503103754,0.1268329772711338,0.7770716114070951,0.6803535032839819
379,14037,-0.3738689253449027,-0.2623207211966779,0.2363589780343022,-0.6452449037581256,0.1951681743513891,0.1268329772711338,-0.3111076648900939,0.5644420539601382
380,14040,2.5948950902671712,1.438991518503875,1.1005464914722198,0.769629463518728,2.0289917900498287,0.8349189239995508,0.2329819732585006,2.071290895170105
381,14044,2.290800519369137,-0.2558271630298818,0.1211339762425798,0.0621922798803011,2.612481122317514,1.1889618973637592,0.5050267923327979,0.2167077059886073
382,14045,-1.004618519398003,-0.6714148857048261,-0.9158910398829212,0.0621922798803011,-0.8050992523932144,-0.581252969457283,-0.5831524839643911,-0.942406787249829
383,14047,-0.9097516871653764,-0.0934882088599817,-0.3397660309243095,0.769629463518728,-0.8050992523932144,-0.2272099960930745,-0.3111076648900939,-0.2469380913067672
384,14051,0.7164898495003571,-0.2233593721959018,0.5820339834094693,1.4770666471571543,0.8620131255144581,2.605133790820593,3.2254749830757707,0.1007962566647637
385,14057,0.4403767832584692,0.1337863269778783,0.6972589852011917,0.0621922798803011,0.7786575066190745,0.8349189239995508,0.2329819732585006,0.9121764019316692
386,14060,0.7744447626046185,1.523407774672223,0.812483986992914,2.184503830795581,0.9453687444098418,2.251090817456385,3.2254749830757707,0.5644420539601382
387,14062,1.239906869867576,0.7831421436574787,0.5244214825136081,1.4770666471571543,1.6122136955729107,0.1268329772711338,1.3211612495556897,1.2599107499032
388,14068,-0.0179138756544144,0.9260004233269908,0.0059089744508575,-0.6452449037581256,-0.3049655390209126,0.4808759506353423,0.2329819732585006,-0.0151151926590799
389,14078,0.0349467984156211,0.1857347923122464,-0.4549910327160318,-0.6452449037581256,-0.888454871288598,-0.2272099960930745,-0.5831524839643911,-0.8264953379259854
390,14081,1.4095200702827084,0.9779488886613588,2.07995900670186,-0.6452449037581256,0.8620131255144581,1.8970478440921763,1.0491164304813922,1.7235565471985743
391,14082,0.077865948800095,-0.5285566060353141,-0.0517035264450036,-0.6452449037581256,0.44523503103754,-0.9352959428214916,-0.8551973030386884,0.4485306046362946
392,14083,2.3951079936134096,3.5883592717133523,2.5984715147646105,0.0621922798803011,2.5291255034221307,2.605133790820593,2.681385344927176,2.071290895170105
393,14090,-1.0663341695818402,-0.7168697928723982,-1.146341043466366,-0.6452449037581256,-1.0551661090793654,-1.6433818895499084,-1.3992869411872828,-1.0583182365736727
394,14092,0.3418776163796425,0.5363869333192306,1.9647340049101372,1.4770666471571543,1.0287243633052254,1.1889618973637592,1.0491164304813922,1.3758221992270436
395,14099,1.8932716943764945,1.7636694268436752,0.9853214896804976,0.0621922798803011,1.6955693144682942,0.4808759506353423,0.7770716114070951,1.4917336485508874
396,14101,-1.0119846294903456,-0.6973891183720101,-1.0311160416746437,-0.6452449037581256,-1.0551661090793654,-1.6433818895499084,-1.3992869411872828,-0.942406787249829
397,14107,-0.5310446971496849,-0.4116725590329859,-0.3973785318201707,0.0621922798803011,-0.3883211579162963,-0.2272099960930745,-0.3111076648900939,-0.4787609899544545
398,14113,-0.8001665972459359,-0.444140349866966,-0.8582785389870601,1.4770666471571543,-0.5550323957070635,-0.581252969457283,-0.0390628458157966,-0.3628495406306108
399,14114,-0.6085900665593242,-0.625959978537254,-0.6854410362994766,-0.6452449037581256,-0.7217436334978308,0.1268329772711338,-0.0390628458157966,-0.4787609899544545
400,14119,-1.0653548763470695,-0.7168697928723982,-1.146341043466366,-0.6452449037581256,-1.0551661090793654,-1.6433818895499084,-1.3992869411872828,-1.0583182365736727
401,14127,-0.1019906496758603,-0.548037280535702,-0.3397660309243095,-0.6452449037581256,-0.0548986823347617,-0.2272099960930745,-0.3111076648900939,-0.594672439278298
402,14133,-0.1914657140553862,-0.4246596753665779,-0.3397660309243095,0.0621922798803011,-0.221609920125529,-0.2272099960930745,-0.0390628458157966,-0.3628495406306108
403,14135,1.5219495478881622,0.5688547241532106,1.791896502222554,4.306815381710861,1.8622805522590613,2.251090817456385,3.769564621224365,2.071290895170105
404,14142,0.5858760784164584,-0.463621024367354,-0.5702160345077543,-0.6452449037581256,0.6119462688283073,-0.2272099960930745,-0.3111076648900939,0.332619155312451
405,14150,-0.7468025976478172,-0.6389470948708461,-0.6278285354036154,-0.6452449037581256,-0.6383880146024472,-0.2272099960930745,-0.3111076648900939,-0.7105838886021417
406,14156,2.5699511837402444,0.0039151636419582,1.7342840013266927,2.891941014434008,2.445769884526747,1.5430048707279678,1.865250887704284,2.4190252431416366
407,14159,0.125170649703062,0.1467734433114703,1.2157714932639423,-0.6452449037581256,0.6953018877236908,1.1889618973637592,0.2329819732585006,0.332619155312451
408,14161,0.1548245680079931,-0.1454366741943498,0.0059089744508575,-0.6452449037581256,-0.0548986823347617,0.4808759506353423,-0.0390628458157966,-0.0151151926590799
409,14167,-0.4396252006368701,0.4130093281501065,-0.2245410291325871,-0.6452449037581256,-0.5550323957070635,1.1889618973637592,0.5050267923327979,-0.7105838886021417
410,14175,-0.24061403185164,-0.3077756283642499,-0.0517035264450036,0.769629463518728,-0.5550323957070635,0.8349189239995508,1.0491164304813922,-0.7105838886021417
411,14176,-0.8414890350752176,-0.625959978537254,-0.3973785318201707,0.769629463518728,-0.4716767768116799,0.4808759506353423,0.5050267923327979,-0.3628495406306108
412,14185,-1.0194021606097927,-0.6454406530376421,-1.0311160416746437,-0.6452449037581256,-1.0551661090793654,-1.6433818895499084,-1.3992869411872828,-1.0583182365736727
413,14188,-0.5095792125012106,-0.3532305355318219,-0.5702160345077543,-0.6452449037581256,-0.4716767768116799,0.1268329772711338,-0.0390628458157966,-0.4787609899544545
414,14189,1.3364314943279805,1.5948369145069792,0.812483986992914,0.769629463518728,1.0287243633052254,1.5430048707279678,1.3211612495556897,1.0280878512555127
415,14194,0.7281952103348004,-0.3856983263658019,-0.2821535300284483,-0.6452449037581256,0.5285906499329236,0.4808759506353423,0.2329819732585006,0.4485306046362946
416,14201,-0.9192747863179724,-0.6844020020384182,-1.0311160416746437,-0.6452449037581256,-0.888454871288598,-1.2893389161857,-1.1272421221129856,-0.942406787249829
417,14205,-0.3591961750585564,-0.3272563028646379,-0.4549910327160318,-0.6452449037581256,-0.3883211579162963,0.4808759506353423,0.2329819732585006,-0.594672439278298
418,14206,-0.936124285017891,-0.7103762347056022,-1.146341043466366,-0.6452449037581256,-1.0551661090793654,-1.6433818895499084,-1.3992869411872828,-1.0583182365736727
419,14209,0.0359965130180876,1.432497960337079,-0.3973785318201707,-0.6452449037581256,-0.4716767768116799,0.1268329772711338,-0.0390628458157966,-0.3628495406306108
420,14210,0.4886073378956945,-0.3792047681990059,0.4668089816177469,0.0621922798803011,0.2785237932467727,1.1889618973637592,1.593206068629987,0.1007962566647637
421,14213,-1.032880274907469,-0.6908955602052141,-0.9158910398829212,-0.6452449037581256,-0.9718104901839816,-0.581252969457283,-0.5831524839643911,-0.8264953379259854
422,14215,0.5110374568243351,0.8610648416590307,1.503833997743248,2.184503830795581,1.3621468388867597,0.8349189239995508,0.7770716114070951,0.7962649526078255
423,14217,-0.619879154786997,-0.4116725590329859,0.0059089744508575,2.184503830795581,-0.221609920125529,-0.581252969457283,0.2329819732585006,-0.2469380913067672
424,14220,-0.6330944421608946,-0.6454406530376421,-0.6278285354036154,-0.6452449037581256,-0.3883211579162963,-0.581252969457283,-0.5831524839643911,-0.7105838886021417
425,14221,-0.0447186144841887,1.0039231213285429,-0.3397660309243095,-0.6452449037581256,-0.3049655390209126,0.8349189239995508,0.5050267923327979,-0.594672439278298
426,14224,0.7068984725654617,0.0104087218087542,0.5244214825136081,0.0621922798803011,0.6953018877236908,0.8349189239995508,0.2329819732585006,0.5644420539601382
427,14229,-0.263043274996364,-0.483101698867742,0.0059089744508575,0.769629463518728,-0.1382543012301454,0.4808759506353423,0.2329819732585006,-0.4787609899544545
428,14233,-0.1872282877899915,-0.4376467917001699,-0.512603533611893,0.0621922798803011,-0.1382543012301454,-0.2272099960930745,0.2329819732585006,-0.1310266419829235
429,14236,-0.9501532590583252,-0.574011513202886,-1.0311160416746437,-0.6452449037581256,-0.888454871288598,-0.9352959428214916,-0.8551973030386884,-0.942406787249829
430,14237,-0.6757740864961695,-0.5805050713696821,-0.7430535371953377,-0.6452449037581256,-0.6383880146024472,-0.581252969457283,-0.5831524839643911,-0.4787609899544545
431,14238,-0.6747967533492122,-0.53505016420211,-0.800666038091199,-0.6452449037581256,-0.7217436334978308,-0.9352959428214916,-0.8551973030386884,-0.7105838886021417
432,14239,-0.8351531721599952,0.1792412341454504,-0.6854410362994766,-0.6452449037581256,-0.888454871288598,-0.581252969457283,-0.5831524839643911,-0.8264953379259854
433,14242,-0.6536159109848397,-0.6584277693712342,-0.800666038091199,-0.6452449037581256,-0.7217436334978308,-1.2893389161857,-1.1272421221129856,-0.942406787249829
434,14243,0.6575736884804072,0.1272927688110823,0.7548714860970528,0.769629463518728,0.0284569365606218,1.5430048707279678,1.865250887704284,0.9121764019316692
435,14248,-0.9567698482524224,-0.6194664203704581,-0.7430535371953377,-0.6452449037581256,-1.0551661090793654,-1.6433818895499084,-1.3992869411872828,-0.942406787249829
436,14256,0.336576321175529,-0.2233593721959018,0.2939714789301634,-0.6452449037581256,0.1118125554560054,0.4808759506353423,-0.0390628458157966,-0.0151151926590799
437,14257,0.7838500771612272,0.0298893963091423,0.3515839798260246,-0.6452449037581256,0.3618794121421563,0.1268329772711338,-0.3111076648900939,0.332619155312451
438,14258,-0.4718283674479114,-0.2168658140291058,0.4091964807218857,-0.6452449037581256,-0.3049655390209126,0.8349189239995508,0.2329819732585006,-0.2469380913067672
439,14264,-1.0622871804439158,-0.7103762347056022,-1.0887285425705049,-0.6452449037581256,-1.0551661090793654,-1.2893389161857,-1.1272421221129856,-0.942406787249829
440,14270,-0.2324325335697231,0.4065157699833105,0.2939714789301634,-0.6452449037581256,-0.221609920125529,-0.2272099960930745,-0.3111076648900939,-0.0151151926590799
441,14282,-0.5928813473076028,-0.3792047681990059,-0.5702160345077543,-0.6452449037581256,-0.4716767768116799,0.1268329772711338,-0.3111076648900939,-0.4787609899544545
442,14290,0.4376599597555122,1.8415921248452276,0.178746477138441,0.0621922798803011,-0.1382543012301454,0.4808759506353423,0.2329819732585006,-0.0151151926590799
443,14292,-0.8803213356423618,-0.6779084438716221,-1.0311160416746437,-0.6452449037581256,-0.888454871288598,-1.2893389161857,-1.1272421221129856,-0.7105838886021417
444,14293,-0.6210683358929864,-0.463621024367354,-0.3973785318201707,-0.6452449037581256,-0.7217436334978308,-0.2272099960930745,-0.3111076648900939,-0.4787609899544545
445,14295,-0.9683197699528636,-0.6844020020384182,-1.0887285425705049,-0.6452449037581256,-0.9718104901839816,-1.2893389161857,-1.1272421221129856,-1.0583182365736727
446,14299,0.3965833753236252,0.1143056524774903,0.3515839798260246,5.014252565349288,0.5285906499329236,0.4808759506353423,1.593206068629987,0.332619155312451
447,14307,2.6028677224257724,1.8350985666784312,2.3104090102853045,0.0621922798803011,1.8622805522590613,2.251090817456385,2.9534301640014733,2.650848141789324
448,14309,-0.6893132721256319,-0.47011458253415,0.0635214753467187,0.769629463518728,-0.5550323957070635,0.8349189239995508,0.2329819732585006,-0.4787609899544545
449,14312,0.4675419155107341,2.854587198865404,0.0635214753467187,0.0621922798803011,-0.3883211579162963,0.4808759506353423,0.5050267923327979,-0.0151151926590799
450,14320,0.2166195808962749,-0.4376467917001699,0.4091964807218857,0.769629463518728,0.2785237932467727,1.8970478440921763,1.593206068629987,0.4485306046362946
451,14321,-0.0544163157569624,0.2961252811477785,0.2363589780343022,-0.6452449037581256,0.1951681743513891,0.4808759506353423,-0.0390628458157966,0.1007962566647637
452,14329,1.062537072334076,0.3026188393145744,1.9647340049101372,0.0621922798803011,1.4455024577821434,1.8970478440921763,1.0491164304813922,1.1439993005793565
453,14334,0.4605092914226437,0.1532670014782663,0.9853214896804976,0.0621922798803011,0.2785237932467727,0.8349189239995508,1.0491164304813922,0.7962649526078255
454,14341,-0.2485343797104187,0.1532670014782663,-0.0517035264450036,0.0621922798803011,-0.1382543012301454,0.4808759506353423,0.2329819732585006,-0.594672439278298
455,14344,-0.3357259501281345,-0.53505016420211,-0.6854410362994766,0.769629463518728,-0.0548986823347617,-0.581252969457283,-0.5831524839643911,-0.4787609899544545
456,14355,-0.439276013078113,-0.0740075343595937,-0.5702160345077543,-0.6452449037581256,-0.4716767768116799,0.4808759506353423,-0.0390628458157966,-0.594672439278298
457,14368,-0.4241681149563929,-0.6649213275380301,-0.8582785389870601,-0.6452449037581256,-0.4716767768116799,-0.581252969457283,-0.5831524839643911,-0.594672439278298
458,14373,-1.0000142481019323,-0.6973891183720101,-0.9735035407787824,-0.6452449037581256,-1.0551661090793654,-1.2893389161857,-1.1272421221129856,-0.942406787249829
459,14388,-0.2736238707170857,0.9000261906598067,0.0635214753467187,0.0621922798803011,-0.3049655390209126,0.1268329772711338,-0.3111076648900939,-0.1310266419829235
460,14389,-0.7508758853256381,0.3545673046489425,-0.8582785389870601,-0.6452449037581256,-1.0551661090793654,-0.9352959428214916,-0.8551973030386884,-0.8264953379259854
461,14390,0.5558344797644347,-0.47011458253415,-0.4549910327160318,-0.6452449037581256,0.6119462688283073,-0.2272099960930745,-0.5831524839643911,0.332619155312451
462,14395,0.7585966894501636,0.0298893963091423,1.791896502222554,0.0621922798803011,1.6955693144682942,1.1889618973637592,1.3211612495556897,1.607645097874731
463,14396,1.0560821611917872,1.490939983838243,0.1211339762425798,-0.6452449037581256,0.8620131255144581,0.4808759506353423,-0.0390628458157966,-0.1310266419829235
464,14401,-0.2448945591969315,-0.47011458253415,-0.2245410291325871,0.0621922798803011,-0.1382543012301454,0.4808759506353423,1.0491164304813922,-0.1310266419829235
465,14404,0.5312662803673404,-0.3207627446978419,0.6972589852011917,0.0621922798803011,0.7786575066190745,0.8349189239995508,0.2329819732585006,0.332619155312451
466,14409,-0.037615869297174,-0.5545308387024981,-0.6854410362994766,0.0621922798803011,-0.221609920125529,-0.9352959428214916,-0.3111076648900939,-0.4787609899544545
467,14410,-0.5819168079178327,-0.6519342112044381,-0.9158910398829212,-0.6452449037581256,-0.6383880146024472,-0.9352959428214916,-0.8551973030386884,-0.8264953379259854
468,14411,-0.7844991190758881,-0.6324535367040501,-0.4549910327160318,-0.6452449037581256,-0.4716767768116799,-0.2272099960930745,-0.3111076648900939,-0.4787609899544545
469,14413,0.0447810093785989,-0.0285526271920217,0.0635214753467187,-0.6452449037581256,-0.7217436334978308,0.1268329772711338,-0.0390628458157966,-0.2469380913067672
470,14414,-0.9465836138589572,-0.6649213275380301,-0.7430535371953377,-0.6452449037581256,-0.8050992523932144,-0.9352959428214916,-0.8551973030386884,-0.8264953379259854
471,14419,-0.34383088821414,-0.418166117199782,-0.1093160273408648,0.0621922798803011,-0.4716767768116799,0.1268329772711338,-0.3111076648900939,-0.2469380913067672
472,14426,0.646448713817911,-0.2753078375302699,0.7548714860970528,0.769629463518728,0.8620131255144581,0.1268329772711338,0.2329819732585006,0.9121764019316692
473,14428,-0.4942320877470651,-0.515569489701722,0.0059089744508575,-0.6452449037581256,-0.4716767768116799,0.4808759506353423,-0.0390628458157966,-0.8264953379259854
474,14437,-0.9913917342324,-0.6908955602052141,-0.9158910398829212,-0.6452449037581256,-0.9718104901839816,-0.9352959428214916,-0.8551973030386884,-0.8264953379259854
475,14438,-0.8472389568462219,-0.53505016420211,-0.6854410362994766,0.0621922798803011,-0.7217436334978308,-0.581252969457283,-0.5831524839643911,-0.4787609899544545
476,14439,0.2781284126230011,-0.0805010925263897,0.2363589780343022,-0.6452449037581256,0.2785237932467727,1.5430048707279678,0.7770716114070951,-0.0151151926590799
477,14440,1.2673246073941928,1.0948329356636868,0.2363589780343022,0.0621922798803011,0.1118125554560054,0.8349189239995508,1.3211612495556897,0.5644420539601382
478,14441,-1.0531077472410026,-0.7038826765388061,-1.0887285425705049,0.0621922798803011,-0.9718104901839816,-1.2893389161857,-1.1272421221129856,-1.0583182365736727
479,14442,0.7054050107636398,0.9065197488266028,0.0059089744508575,0.769629463518728,0.5285906499329236,-0.2272099960930745,-0.0390628458157966,-0.2469380913067672
480,14443,-0.011129411194699,0.2896317229809824,1.1005464914722198,0.769629463518728,0.1951681743513891,0.8349189239995508,0.7770716114070951,0.6803535032839819
481,14448,-0.7344223160232266,-0.444140349866966,-0.2245410291325871,-0.6452449037581256,-0.4716767768116799,0.8349189239995508,0.5050267923327979,-0.4787609899544545
482,14449,2.123601513239372,1.9130212646799836,0.7548714860970528,0.0621922798803011,1.1954356010959926,1.1889618973637592,0.5050267923327979,1.3758221992270436
483,14450,-0.6359037734678448,-0.4376467917001699,-0.5702160345077543,-0.6452449037581256,-0.888454871288598,0.1268329772711338,-0.0390628458157966,-0.8264953379259854
484,14457,-0.352289359415289,-0.0350461853588177,-0.9735035407787824,-0.6452449037581256,-1.0551661090793654,-1.2893389161857,-1.1272421221129856,-0.8264953379259854
485,14460,-0.9140148281147232,-0.7038826765388061,-1.0887285425705049,-0.6452449037581256,-0.9718104901839816,-1.6433818895499084,-1.3992869411872828,-0.942406787249829
486,14462,2.457841229641172,-0.1843980231951258,0.5820339834094693,0.0621922798803011,2.112347408945213,1.1889618973637592,1.3211612495556897,1.2599107499032
487,14466,-0.2192986732480737,-0.574011513202886,-0.4549910327160318,0.0621922798803011,-0.221609920125529,-0.2272099960930745,0.5050267923327979,-0.2469380913067672
488,14467,0.135634782844471,0.5298933751524346,-0.3397660309243095,-0.6452449037581256,-0.3883211579162963,0.4808759506353423,-0.0390628458157966,-0.4787609899544545
489,14472,1.6755084780812697,4.698757718235469,2.137571507597721,0.769629463518728,1.1954356010959926,1.5430048707279678,1.593206068629987,0.2167077059886073
490,14479,-0.8893863330801691,-0.3986854426993939,-0.6278285354036154,-0.6452449037581256,-0.7217436334978308,-1.2893389161857,-1.1272421221129856,-0.4787609899544545
491,14487,-0.3136850379128412,0.0818378616435103,-0.512603533611893,0.0621922798803011,-0.221609920125529,-0.2272099960930745,-0.3111076648900939,-0.7105838886021417
492,14491,-0.8295099792556301,-0.3337498610314339,-1.0311160416746437,0.0621922798803011,-0.888454871288598,-1.2893389161857,-1.1272421221129856,-0.8264953379259854
493,14496,-0.7146020581885258,-0.53505016420211,-0.1093160273408648,0.0621922798803011,-0.888454871288598,0.8349189239995508,0.7770716114070951,-0.0151151926590799
494,14497,0.124966742184874,0.2766446066473904,0.1211339762425798,-0.6452449037581256,0.44523503103754,0.1268329772711338,-0.0390628458157966,0.1007962566647637
495,14498,-0.7519783471422831,-0.6064793040368661,-0.3973785318201707,-0.6452449037581256,-0.6383880146024472,0.1268329772711338,-0.0390628458157966,-0.1310266419829235
496,14501,-0.6394462276618011,-0.6908955602052141,-1.0311160416746437,-0.6452449037581256,-0.8050992523932144,-1.6433818895499084,-1.3992869411872828,-0.8264953379259854
497,14502,1.0051920259565554,-0.3532305355318219,0.4091964807218857,0.769629463518728,0.6119462688283073,1.1889618973637592,0.7770716114070951,1.2599107499032
498,14506,1.7874955179928431,0.1467734433114703,0.6396464843053304,-0.6452449037581256,1.3621468388867597,1.1889618973637592,0.5050267923327979,1.8394679965224183
499,14514,-0.4956141248122945,-0.2558271630298818,0.178746477138441,-0.6452449037581256,-0.3049655390209126,0.4808759506353423,-0.0390628458157966,0.1007962566647637
500,14524,-0.6057897766787134,-0.496088815201334,0.2939714789301634,-0.6452449037581256,-0.5550323957070635,0.4808759506353423,0.2329819732585006,-0.1310266419829235
501,14525,-0.1400989104863336,-0.515569489701722,-0.1093160273408648,0.0621922798803011,0.3618794121421563,-1.2893389161857,-0.5831524839643911,-0.2469380913067672
502,14532,-0.2308854988146016,-0.3792047681990059,0.0635214753467187,0.0621922798803011,-0.221609920125529,0.8349189239995508,0.5050267923327979,-0.1310266419829235
503,14533,-0.4538592582481801,-0.593492187703274,-0.6278285354036154,-0.6452449037581256,-0.6383880146024472,-0.581252969457283,-0.5831524839643911,-0.594672439278298
504,14534,1.2847912459977595,-0.1714109068615338,-0.3397660309243095,0.769629463518728,0.6953018877236908,0.1268329772711338,-0.0390628458157966,-0.3628495406306108
505,14540,-0.4206762060056245,-0.6389470948708461,-0.7430535371953377,-0.6452449037581256,-0.3049655390209126,-0.9352959428214916,-0.8551973030386884,-0.8264953379259854
506,14543,0.1172569744836483,-0.5805050713696821,-0.6854410362994766,0.0621922798803011,-0.3049655390209126,-0.581252969457283,-0.5831524839643911,-0.7105838886021417
507,14544,1.0624252806023189,2.5883513140267675,1.5614464986391092,-0.6452449037581256,1.0287243633052254,1.1889618973637592,0.2329819732585006,1.607645097874731
508,14548,-0.9257532518772188,-0.7038826765388061,-1.0887285425705049,-0.6452449037581256,-0.9718104901839816,-1.2893389161857,-1.1272421221129856,-1.0583182365736727
509,14549,2.030255008522809,2.1662700331850275,0.9853214896804976,-0.6452449037581256,1.2787912199913762,1.1889618973637592,0.5050267923327979,1.1439993005793565
510,14553,-0.6728837159841343,-0.5285566060353141,0.1211339762425798,-0.6452449037581256,-0.6383880146024472,0.4808759506353423,0.2329819732585006,-0.1310266419829235
511,14560,-0.2039149949414081,-0.541543722368906,-0.2245410291325871,1.4770666471571543,-0.0548986823347617,0.4808759506353423,1.0491164304813922,-0.1310266419829235
512,14565,-0.1315341191177063,-0.0090719526916337,1.6766715004308317,-0.6452449037581256,0.2785237932467727,0.4808759506353423,-0.0390628458157966,0.7962649526078255
513,14572,1.2677240566089654,-0.0155655108584297,0.3515839798260246,-0.6452449037581256,2.445769884526747,1.1889618973637592,0.5050267923327979,0.9121764019316692
514,14573,2.40050292262941,3.335110503208308,1.9071215040142764,-0.6452449037581256,1.8622805522590613,0.4808759506353423,-0.0390628458157966,1.9553794458462617
515,14576,-1.0461229701475572,-0.7168697928723982,-1.146341043466366,-0.6452449037581256,-1.0551661090793654,-1.6433818895499084,-1.3992869411872828,-0.942406787249829
516,14577,0.0895608836355309,-0.2688142793634738,0.5244214825136081,-0.6452449037581256,0.44523503103754,1.1889618973637592,0.5050267923327979,0.4485306046362946
517,14589,-0.9590133564228392,-0.496088815201334,-1.0311160416746437,-0.6452449037581256,-1.0551661090793654,-1.2893389161857,-1.1272421221129856,-0.8264953379259854
518,14594,1.070400569305467,-0.3272563028646379,-0.3397660309243095,0.0621922798803011,0.9453687444098418,0.1268329772711338,-0.0390628458157966,0.332619155312451
519,14595,-0.7661937630673679,-0.6779084438716221,-0.9735035407787824,-0.6452449037581256,-0.7217436334978308,-1.2893389161857,-1.1272421221129856,-0.7105838886021417
520,14600,-0.731842264945649,-0.6649213275380301,-1.0887285425705049,-0.6452449037581256,-0.9718104901839816,-1.6433818895499084,-1.3992869411872828,-1.0583182365736727
521,14608,-1.0700791050173204,-0.7168697928723982,-1.146341043466366,-0.6452449037581256,-1.0551661090793654,-1.6433818895499084,-1.3992869411872828,-1.0583182365736727
522,14616,-1.018239453200483,-0.7168697928723982,-1.146341043466366,-0.6452449037581256,-1.0551661090793654,-1.6433818895499084,-1.3992869411872828,-1.0583182365736727
523,14618,-0.8111538611431424,-0.463621024367354,-0.8582785389870601,0.0621922798803011,-0.888454871288598,-0.581252969457283,-0.5831524839643911,-0.942406787249829
524,14621,0.5241235452185324,5.861104630091954,-0.2821535300284483,-0.6452449037581256,-0.221609920125529,0.1268329772711338,-0.3111076648900939,-0.4787609899544545
525,14625,0.1435456138513556,0.0493700708095303,0.6396464843053304,0.0621922798803011,-0.1382543012301454,0.1268329772711338,-0.0390628458157966,0.4485306046362946
526,14627,-0.7994977402168114,-0.6779084438716221,-0.9158910398829212,-0.6452449037581256,-0.8050992523932144,-0.9352959428214916,-0.8551973030386884,-0.8264953379259854
527,14639,0.3900919648440108,-0.3792047681990059,0.9277089887846364,0.769629463518728,0.6953018877236908,0.8349189239995508,0.7770716114070951,-0.3628495406306108
528,14643,-0.5119351754969217,-0.2753078375302699,-0.166928528236726,0.0621922798803011,-0.3049655390209126,-0.2272099960930745,0.2329819732585006,-0.942406787249829
529,14653,0.0571750116178834,0.4195028863169025,0.0059089744508575,-0.6452449037581256,0.2785237932467727,-0.2272099960930745,-0.3111076648900939,0.1007962566647637
530,14657,1.3887835464624367,0.9065197488266028,1.446221496847387,-0.6452449037581256,1.6122136955729107,0.8349189239995508,0.2329819732585006,2.071290895170105
531,14659,1.4665371272426542,0.0298893963091423,0.812483986992914,-0.6452449037581256,0.6119462688283073,1.1889618973637592,0.5050267923327979,0.5644420539601382
532,14662,0.7132596247838765,0.0558636289763263,-0.3973785318201707,-0.6452449037581256,0.3618794121421563,0.8349189239995508,0.2329819732585006,0.1007962566647637
533,14665,1.3581770922065874,1.8935405901795956,0.178746477138441,-0.6452449037581256,-0.1382543012301454,0.4808759506353423,0.2329819732585006,-0.3628495406306108
534,14669,1.962494743620823,0.2246961413130224,3.635496530890112,0.0621922798803011,2.445769884526747,2.605133790820593,1.593206068629987,3.1144939390846984
535,14672,0.0056917704919154,0.3675544209825345,0.2939714789301634,-0.6452449037581256,0.1951681743513891,1.1889618973637592,0.5050267923327979,0.1007962566647637
536,14673,-0.3367631702133905,-0.541543722368906,-0.5702160345077543,-0.6452449037581256,-0.5550323957070635,-0.581252969457283,-0.8551973030386884,-0.4787609899544545
537,14679,-1.00915928384892,-0.7168697928723982,-1.146341043466366,-0.6452449037581256,-1.0551661090793654,-1.6433818895499084,-1.3992869411872828,-0.942406787249829
538,14680,2.518560930014224,3.0234197112021,2.713696516556333,3.599378198072434,2.0289917900498287,0.8349189239995508,1.0491164304813922,3.1144939390846984
539,14684,0.4272529110438688,0.9974295631617468,0.8700964878887751,-0.6452449037581256,0.8620131255144581,0.8349189239995508,0.5050267923327979,0.5644420539601382
540,14688,2.2908843735939546,0.0818378616435103,0.812483986992914,2.891941014434008,2.0289917900498287,1.8970478440921763,3.497519802150068,1.0280878512555127
541,14692,1.2597147082522593,-0.4116725590329859,0.0059089744508575,0.0621922798803011,0.3618794121421563,0.1268329772711338,-0.3111076648900939,-0.0151151926590799
542,14696,0.5168388496672394,-0.0999817670267777,0.0635214753467187,0.769629463518728,1.0287243633052254,0.4808759506353423,1.0491164304813922,0.2167077059886073
543,14701,2.560667836690424,1.0753522611632989,0.4091964807218857,-0.6452449037581256,2.0289917900498287,1.5430048707279678,0.7770716114070951,0.6803535032839819
544,14702,2.606479993279482,1.276652564333975,2.771309017452194,1.4770666471571543,2.2790586467359795,1.5430048707279678,2.409340525852879,3.346316837732385
545,14708,-0.0586041768230758,-0.2882949538638619,-0.4549910327160318,0.0621922798803011,-0.4716767768116799,0.4808759506353423,0.5050267923327979,-0.2469380913067672
546,14709,0.1507871791299547,-0.0545268598592057,0.5820339834094693,0.769629463518728,0.2785237932467727,0.4808759506353423,1.0491164304813922,0.9121764019316692
547,14713,2.3163222222498576,0.6987258874891307,1.503833997743248,0.769629463518728,2.9459035978990484,1.1889618973637592,1.3211612495556897,2.53493669246548
548,14715,-0.8341337179770477,-0.6389470948708461,-0.4549910327160318,-0.6452449037581256,-0.5550323957070635,0.1268329772711338,-0.0390628458157966,-0.594672439278298
549,14723,2.1574518919743984,1.2052234244992188,3.116984022827361,0.0621922798803011,2.2790586467359795,2.605133790820593,2.681385344927176,2.7667595911131677
550,14729,2.767200446271609,1.562369123672999,0.9277089887846364,0.0621922798803011,2.362414265631364,1.5430048707279678,0.7770716114070951,2.071290895170105
551,14732,-0.9186928320757748,-0.6584277693712342,-0.6278285354036154,-0.6452449037581256,-0.7217436334978308,-0.581252969457283,-0.5831524839643911,-0.4787609899544545
552,14735,0.2604093772650626,0.6337903058211707,0.1211339762425798,0.769629463518728,0.44523503103754,1.5430048707279678,0.7770716114070951,0.9121764019316692
553,14737,-0.9556060732208144,-0.5869986295364781,-0.7430535371953377,-0.6452449037581256,-0.9718104901839816,-0.9352959428214916,-0.8551973030386884,-0.8264953379259854
554,14738,-0.1488826394933177,-0.6129728622036621,-0.7430535371953377,-0.6452449037581256,-0.3883211579162963,-0.581252969457283,-0.5831524839643911,-0.7105838886021417
555,14739,-0.6247340670992068,-0.53505016420211,-0.166928528236726,0.769629463518728,-0.221609920125529,-0.581252969457283,-0.0390628458157966,-0.1310266419829235
556,14741,-0.3756043704132875,-0.509075931534926,-0.166928528236726,0.0621922798803011,-0.4716767768116799,-0.2272099960930745,0.5050267923327979,-0.4787609899544545
557,14744,-0.2879915062276791,0.1597605596450624,-0.5702160345077543,1.4770666471571543,-0.3883211579162963,0.1268329772711338,0.2329819732585006,-0.594672439278298
558,14748,-0.2988631916702888,0.6402838639879667,0.6972589852011917,0.0621922798803011,0.44523503103754,0.1268329772711338,0.2329819732585006,0.7962649526078255
559,14755,0.118425361977217,-0.463621024367354,-0.0517035264450036,-0.6452449037581256,0.3618794121421563,0.8349189239995508,0.2329819732585006,0.332619155312451
560,14761,-0.64718810743997,0.0298893963091423,-0.800666038091199,-0.6452449037581256,-0.888454871288598,-0.581252969457283,-0.5831524839643911,-0.7105838886021417
561,14766,-0.7089736284987553,-0.6584277693712342,-0.800666038091199,0.769629463518728,-0.7217436334978308,-1.2893389161857,-1.1272421221129856,-0.942406787249829
562,14769,1.138883289212275,-0.2038786976955138,0.6972589852011917,0.769629463518728,1.6122136955729107,0.8349189239995508,0.7770716114070951,1.8394679965224183
563,14770,-0.5471782424977628,0.1792412341454504,-0.2245410291325871,0.0621922798803011,-0.3883211579162963,1.5430048707279678,0.7770716114070951,-0.1310266419829235
564,14775,-0.3789344845410587,-0.444140349866966,-0.2245410291325871,-0.6452449037581256,-0.3883211579162963,-0.2272099960930745,-0.5831524839643911,-0.2469380913067672
565,14776,0.2464794001704041,-0.522063047868518,-0.3397660309243095,-0.6452449037581256,0.44523503103754,0.1268329772711338,-0.0390628458157966,-0.0151151926590799
566,14777,-1.044496122284834,-0.7103762347056022,-1.0887285425705049,-0.6452449037581256,-1.0551661090793654,-1.6433818895499084,-1.3992869411872828,-1.0583182365736727
567,14778,0.1486902229719859,-0.2558271630298818,-0.4549910327160318,-0.6452449037581256,0.1118125554560054,-0.2272099960930745,-0.3111076648900939,-0.2469380913067672
568,14779,2.719435091369296,3.451994550210636,0.1211339762425798,0.0621922798803011,0.5285906499329236,0.4808759506353423,0.7770716114070951,0.2167077059886073
569,14782,-0.8556044197954255,-0.6519342112044381,-0.9158910398829212,-0.6452449037581256,-0.888454871288598,-0.2272099960930745,-0.3111076648900939,-0.8264953379259854
570,14784,-0.9642023344248456,-0.6454406530376421,-1.0311160416746437,-0.6452449037581256,-0.888454871288598,-1.2893389161857,-1.1272421221129856,-0.8264953379259854
571,14794,-0.7227201330332808,-0.6389470948708461,-0.800666038091199,-0.6452449037581256,-0.7217436334978308,-0.581252969457283,-0.5831524839643911,-0.4787609899544545
572,14798,-0.5361406335365492,-0.6714148857048261,-0.8582785389870601,-0.6452449037581256,-0.7217436334978308,-1.2893389161857,-1.1272421221129856,-1.0583182365736727
573,14805,0.2540275231830185,-0.3597240936986179,-0.512603533611893,-0.6452449037581256,0.1118125554560054,-0.2272099960930745,-0.3111076648900939,-0.0151151926590799
574,14810,1.8101737923794596,1.0883393774968908,1.2733839941598033,0.769629463518728,0.8620131255144581,1.1889618973637592,1.593206068629987,1.4917336485508874
575,14813,0.2343296165318699,-0.4506339080337619,-0.4549910327160318,0.0621922798803011,0.9453687444098418,-0.2272099960930745,-0.3111076648900939,-0.2469380913067672
576,14821,-0.9225162711133812,-0.7038826765388061,-1.0887285425705049,-0.6452449037581256,-1.0551661090793654,-1.6433818895499084,-1.3992869411872828,-0.942406787249829
577,14825,-0.1428669715188127,0.7376872364899068,-0.3397660309243095,0.769629463518728,-0.221609920125529,0.4808759506353423,0.2329819732585006,-0.3628495406306108
578,14828,-0.9365811105904012,-0.6908955602052141,-0.9158910398829212,-0.6452449037581256,-0.888454871288598,-1.2893389161857,-1.1272421221129856,-0.8264953379259854
579,14829,1.034638208316463,-0.418166117199782,-0.0517035264450036,1.4770666471571543,0.44523503103754,-0.581252969457283,0.2329819732585006,-0.1310266419829235
580,14841,-0.0327249163915953,-0.56751795503609,-0.3973785318201707,-0.6452449037581256,-0.221609920125529,-0.581252969457283,-0.5831524839643911,-0.7105838886021417
581,14842,-0.9949335920592136,-0.7103762347056022,-1.0887285425705049,-0.6452449037581256,-0.9718104901839816,-1.2893389161857,-1.1272421221129856,-1.0583182365736727
582,14849,1.3400452123103523,0.6987258874891307,1.1005464914722198,2.184503830795581,1.4455024577821434,0.1268329772711338,0.5050267923327979,0.6803535032839819
583,14850,-0.4016738552818586,-0.5285566060353141,0.0635214753467187,0.0621922798803011,-0.1382543012301454,-0.2272099960930745,-0.3111076648900939,0.1007962566647637
584,14865,-1.051836943073984,-0.7038826765388061,-1.0311160416746437,-0.6452449037581256,-1.0551661090793654,-1.2893389161857,-1.1272421221129856,-1.0583182365736727
585,14866,-1.0659698851765202,-0.7168697928723982,-1.146341043466366,-0.6452449037581256,-1.0551661090793654,-1.6433818895499084,-1.3992869411872828,-1.0583182365736727
586,14867,-0.6441414303508154,-0.476608140700946,-0.2821535300284483,0.0621922798803011,-0.4716767768116799,0.4808759506353423,0.2329819732585006,-0.2469380913067672
587,14871,-0.6433585128925495,-0.496088815201334,0.2363589780343022,-0.6452449037581256,-0.4716767768116799,-0.2272099960930745,-0.5831524839643911,-0.0151151926590799
588,14878,-0.6093506390165174,-0.6194664203704581,-0.4549910327160318,-0.6452449037581256,-0.6383880146024472,-0.9352959428214916,-0.8551973030386884,-0.594672439278298
589,14889,-0.8266940003317128,-0.59998574587007,-0.6854410362994766,-0.6452449037581256,-0.5550323957070635,-0.581252969457283,-0.5831524839643911,-0.8264953379259854
590,14895,-1.032343744657747,-0.5285566060353141,-1.0311160416746437,-0.6452449037581256,-1.0551661090793654,-1.2893389161857,-1.1272421221129856,-1.0583182365736727
591,14896,0.5567896097039057,-0.2947885120306578,0.178746477138441,0.0621922798803011,0.44523503103754,0.4808759506353423,-0.0390628458157966,-0.1310266419829235
592,14898,-0.3357277100367669,-0.3856983263658019,-0.6854410362994766,1.4770666471571543,-0.3883211579162963,-0.9352959428214916,-0.3111076648900939,-0.4787609899544545
593,14901,1.0446778781862809,-0.0740075343595937,0.4668089816177469,2.184503830795581,0.9453687444098418,0.4808759506353423,1.593206068629987,1.1439993005793565
594,14907,1.099254596625748,0.9714553304945628,1.0429339905763586,0.769629463518728,0.5285906499329236,0.8349189239995508,1.3211612495556897,1.0280878512555127
595,14913,-0.6244580783942811,-0.5285566060353141,-0.2821535300284483,-0.6452449037581256,-0.5550323957070635,-0.2272099960930745,-0.3111076648900939,-0.594672439278298
596,14916,-0.1512178464102049,-0.593492187703274,-0.512603533611893,-0.6452449037581256,-0.5550323957070635,-0.581252969457283,-0.5831524839643911,-0.3628495406306108
597,14932,-0.6976261505062413,-0.3792047681990059,-0.2245410291325871,-0.6452449037581256,-0.888454871288598,-0.581252969457283,-0.5831524839643911,-0.3628495406306108
598,14944,-1.054139754326755,-0.7103762347056022,-1.146341043466366,-0.6452449037581256,-1.0551661090793654,-1.6433818895499084,-1.3992869411872828,-1.0583182365736727
599,14952,-0.8006047894730197,-0.625959978537254,-0.6278285354036154,0.0621922798803011,-0.5550323957070635,-0.581252969457283,-0.3111076648900939,-0.7105838886021417
600,14961,0.4038749186710663,-0.2623207211966779,0.6972589852011917,0.0621922798803011,0.3618794121421563,0.8349189239995508,0.2329819732585006,1.1439993005793565
601,14970,-0.4760187099017886,0.0104087218087542,-0.9158910398829212,-0.6452449037581256,-0.8050992523932144,-0.581252969457283,-0.5831524839643911,-0.7105838886021417
602,14976,-0.6400290076431202,-0.489595257034538,-0.3973785318201707,-0.6452449037581256,-0.3049655390209126,-0.2272099960930745,-0.3111076648900939,-0.594672439278298
603,14978,1.0923086209302089,0.0493700708095303,1.9647340049101372,1.4770666471571543,1.2787912199913762,1.5430048707279678,1.865250887704284,1.3758221992270436
604,14985,0.8978647987229648,-0.3142691865310459,0.812483986992914,0.0621922798803011,1.528858076677527,0.4808759506353423,-0.0390628458157966,1.2599107499032
605,14987,-0.9175404839390788,-0.5545308387024981,-1.0887285425705049,-0.6452449037581256,-1.0551661090793654,-1.2893389161857,-1.1272421221129856,-1.0583182365736727
606,15002,0.4338088292645418,0.2961252811477785,1.2733839941598033,0.769629463518728,0.7786575066190745,1.5430048707279678,2.1372957067785814,1.8394679965224183
607,15012,1.7143419421899029,0.4714513516512705,0.812483986992914,0.0621922798803011,1.3621468388867597,0.4808759506353423,0.2329819732585006,0.5644420539601382
608,15018,-0.9446807772913084,-0.5545308387024981,-0.9158910398829212,-0.6452449037581256,-1.0551661090793654,-0.9352959428214916,-0.8551973030386884,-0.942406787249829
609,15021,0.7255340241329469,2.770170942697056,1.5614464986391092,0.769629463518728,0.44523503103754,1.8970478440921763,1.0491164304813922,1.1439993005793565
610,15023,2.630374014217559,1.471459309337855,3.1745965237232223,0.769629463518728,2.2790586467359795,2.251090817456385,2.9534301640014733,3.5781397363800727
611,15024,0.975702563189568,3.536410806378984,1.3309964950556643,0.0621922798803011,0.44523503103754,2.251090817456385,1.0491164304813922,1.0280878512555127
612,15028,-0.612398041755203,-0.3532305355318219,-0.3973785318201707,-0.6452449037581256,-0.5550323957070635,-0.2272099960930745,-0.3111076648900939,-0.8264953379259854
613,15032,-0.1751784185851456,0.5169062588188426,0.1211339762425798,0.0621922798803011,0.3618794121421563,0.1268329772711338,-0.3111076648900939,0.6803535032839819
614,15033,0.7368082282044367,0.5298933751524346,1.6190589995349705,-0.6452449037581256,0.0284569365606218,2.959176764184801,1.593206068629987,0.9121764019316692
615,15034,1.7705297652335923,1.3156139133347509,2.0223465058059986,0.0621922798803011,1.778924933363678,1.1889618973637592,0.7770716114070951,2.53493669246548
616,15038,0.090876936638242,-0.2753078375302699,0.0635214753467187,0.0621922798803011,0.7786575066190745,0.4808759506353423,-0.0390628458157966,-0.0151151926590799
617,15044,2.944038125838167,3.133810200037632,4.096396538057001,1.4770666471571543,3.1959704545852,1.8970478440921763,3.769564621224365,3.694051185703916
618,15046,0.7307191695377183,0.0169022799755502,0.9853214896804976,0.769629463518728,0.6119462688283073,0.1268329772711338,0.5050267923327979,0.332619155312451
619,15048,-0.3437601957704699,-0.3012820701974539,0.0635214753467187,-0.6452449037581256,-0.7217436334978308,0.8349189239995508,0.2329819732585006,-0.4787609899544545
620,15052,0.3763646191252615,-0.2882949538638619,0.0635214753467187,-0.6452449037581256,0.44523503103754,-0.2272099960930745,-0.5831524839643911,-0.0151151926590799
621,15057,0.2405249202988736,-0.2882949538638619,-0.3397660309243095,-0.6452449037581256,0.2785237932467727,0.1268329772711338,-0.0390628458157966,-0.3628495406306108
622,15058,1.6103927261235238,-0.0999817670267777,0.812483986992914,0.0621922798803011,1.6122136955729107,1.1889618973637592,0.5050267923327979,1.1439993005793565
623,15059,0.0170336142745659,-0.4376467917001699,0.2363589780343022,0.0621922798803011,0.1951681743513891,0.1268329772711338,-0.0390628458157966,-0.0151151926590799
624,15062,-0.8862740722868581,-0.6519342112044381,-0.5702160345077543,-0.6452449037581256,-0.5550323957070635,-0.581252969457283,-0.8551973030386884,-0.594672439278298
625,15070,-0.8496518249445156,-0.0545268598592057,-1.146341043466366,-0.6452449037581256,-1.0551661090793654,-1.6433818895499084,-1.3992869411872828,-0.942406787249829
626,15078,1.5096977938089355,0.3480737464821465,1.2157714932639423,2.891941014434008,1.3621468388867597,0.1268329772711338,1.0491164304813922,1.3758221992270436
627,15079,0.7770504574693547,-0.47011458253415,-0.2245410291325871,0.0621922798803011,0.2785237932467727,-0.2272099960930745,-0.0390628458157966,0.7962649526078255
628,15081,-0.8460690012824024,-0.6584277693712342,-0.7430535371953377,-0.6452449037581256,-0.8050992523932144,-0.9352959428214916,-0.8551973030386884,-0.594672439278298
629,15090,0.0108669694936337,-0.515569489701722,-0.2245410291325871,0.0621922798803011,0.1118125554560054,-0.581252969457283,-0.5831524839643911,-0.1310266419829235
630,15093,0.6575851779313138,0.0169022799755502,0.2363589780343022,0.769629463518728,0.2785237932467727,1.1889618973637592,0.7770716114070951,0.332619155312451
631,15100,-0.671746005950045,-0.625959978537254,-0.9158910398829212,2.891941014434008,-0.6383880146024472,-0.581252969457283,-0.3111076648900939,-0.8264953379259854
632,15101,-0.951284988739384,-0.6779084438716221,-0.9158910398829212,0.0621922798803011,-0.8050992523932144,-0.9352959428214916,-0.5831524839643911,-0.8264953379259854
633,15107,-0.318757069569181,-0.2038786976955138,-0.0517035264450036,3.599378198072434,-0.1382543012301454,0.1268329772711338,0.7770716114070951,-0.7105838886021417
634,15110,-0.2453957619916167,3.9455049708871326,-0.9158910398829212,-0.6452449037581256,-0.3883211579162963,-0.581252969457283,-0.5831524839643911,-0.8264953379259854
635,15111,0.2074997427036883,4.322131344561301,-0.6278285354036154,-0.6452449037581256,-0.3883211579162963,-0.581252969457283,-0.5831524839643911,-0.594672439278298
636,15139,-0.9445853919115892,-0.6649213275380301,-0.7430535371953377,-0.6452449037581256,-0.8050992523932144,-0.9352959428214916,-0.8551973030386884,-0.7105838886021417
637,15144,0.7933865382741513,4.354599135395281,-0.2245410291325871,-0.6452449037581256,-0.3049655390209126,-0.581252969457283,-0.5831524839643911,-0.2469380913067672
638,15157,0.3194313371525405,0.0818378616435103,1.503833997743248,0.0621922798803011,0.8620131255144581,1.1889618973637592,0.5050267923327979,0.4485306046362946
639,15159,2.48570296042072,0.0104087218087542,1.0429339905763586,0.769629463518728,3.112614835689816,1.1889618973637592,1.593206068629987,1.607645097874731
640,15160,-0.912704092371506,-0.6908955602052141,-0.9735035407787824,-0.6452449037581256,-0.888454871288598,-0.9352959428214916,-0.8551973030386884,-0.8264953379259854
641,15164,-0.862804552153969,-0.56751795503609,-0.2821535300284483,-0.6452449037581256,-0.7217436334978308,0.8349189239995508,0.2329819732585006,-0.2469380913067672
642,15165,-0.0323389292267414,-0.2428400466962898,0.1211339762425798,-0.6452449037581256,-0.1382543012301454,1.1889618973637592,0.5050267923327979,0.2167077059886073
643,15167,0.1349590780191983,-0.3921918845325979,0.7548714860970528,0.0621922798803011,0.0284569365606218,0.4808759506353423,-0.0390628458157966,0.7962649526078255
644,15171,-1.0103478894397642,-0.6649213275380301,-0.800666038091199,0.0621922798803011,-0.888454871288598,-1.6433818895499084,-1.1272421221129856,-0.8264953379259854
645,15174,-0.8264829447486054,0.2766446066473904,-0.5702160345077543,-0.6452449037581256,-1.0551661090793654,-0.2272099960930745,-0.5831524839643911,-0.7105838886021417
646,15179,0.6732746424480682,-0.0480333016924097,0.6396464843053304,0.769629463518728,1.0287243633052254,1.1889618973637592,0.7770716114070951,0.7962649526078255
647,15180,-0.8090303562213013,-0.6844020020384182,-0.8582785389870601,-0.6452449037581256,-0.6383880146024472,-0.9352959428214916,-0.8551973030386884,-0.942406787249829
648,15181,-1.0412048429181655,-0.7103762347056022,-1.0887285425705049,0.0621922798803011,-0.9718104901839816,-1.6433818895499084,-1.1272421221129856,-1.0583182365736727
649,15189,-0.4314129915322768,-0.1973851395287178,-0.6854410362994766,1.4770666471571543,-0.5550323957070635,0.1268329772711338,-0.0390628458157966,-0.8264953379259854
650,15192,-0.601147454656665,0.4195028863169025,-0.3973785318201707,-0.6452449037581256,-0.3883211579162963,-0.2272099960930745,-0.3111076648900939,-0.594672439278298
651,15197,-1.0436233076927264,-0.6973891183720101,-0.9735035407787824,0.0621922798803011,-0.888454871288598,-1.6433818895499084,-1.1272421221129856,-0.7105838886021417
652,15199,-1.0015300799272242,-0.7038826765388061,-1.0311160416746437,-0.6452449037581256,-1.0551661090793654,-0.9352959428214916,-0.8551973030386884,-1.0583182365736727
653,15203,-0.9570266614599736,-0.47011458253415,-0.2821535300284483,-0.6452449037581256,-0.6383880146024472,-0.2272099960930745,-0.3111076648900939,-0.2469380913067672
654,15204,-0.9051297583973864,-0.6519342112044381,-0.6854410362994766,-0.6452449037581256,-0.5550323957070635,-0.9352959428214916,-0.8551973030386884,-0.8264953379259854
655,15208,-1.0352680955857472,-0.7038826765388061,-1.0311160416746437,-0.6452449037581256,-1.0551661090793654,-1.6433818895499084,-1.3992869411872828,-0.8264953379259854
656,15211,-0.4983767351324925,0.0363829544759383,0.0635214753467187,-0.6452449037581256,-0.4716767768116799,0.8349189239995508,0.2329819732585006,-0.0151151926590799
657,15213,-0.7383848045243957,-0.541543722368906,0.178746477138441,0.0621922798803011,-0.3883211579162963,0.1268329772711338,0.2329819732585006,-0.2469380913067672
658,15215,-0.9538301669354816,-0.6973891183720101,-1.0887285425705049,-0.6452449037581256,-0.9718104901839816,-1.2893389161857,-1.1272421221129856,-0.942406787249829
659,15218,0.1327242192575582,0.9195068651601948,0.0635214753467187,0.0621922798803011,0.1118125554560054,0.1268329772711338,-0.3111076648900939,0.2167077059886073
660,15221,-0.9035138870264184,-0.6519342112044381,-0.7430535371953377,0.0621922798803011,-0.7217436334978308,-1.6433818895499084,-1.1272421221129856,-0.7105838886021417
661,15222,-0.6533419991389162,-0.6779084438716221,-0.9158910398829212,-0.6452449037581256,-0.7217436334978308,-1.2893389161857,-1.1272421221129856,-0.8264953379259854
662,15224,-0.910233485090709,-0.53505016420211,-0.2821535300284483,1.4770666471571543,-0.3883211579162963,0.4808759506353423,0.2329819732585006,-0.1310266419829235
663,15226,-0.6908463777460793,-0.6584277693712342,-0.7430535371953377,-0.6452449037581256,-0.5550323957070635,-0.9352959428214916,-0.8551973030386884,-0.8264953379259854
664,15227,-0.5940734476933142,-0.6129728622036621,-0.3397660309243095,-0.6452449037581256,-0.7217436334978308,-0.2272099960930745,-0.3111076648900939,-0.594672439278298
665,15235,2.3778406792588678,2.89354854786618,2.8865340192439164,2.891941014434008,1.6955693144682942,0.8349189239995508,2.1372957067785814,1.3758221992270436
666,15240,-0.1296777908464298,-0.5610243968692941,-0.3973785318201707,0.0621922798803011,-0.221609920125529,-0.2272099960930745,0.2329819732585006,-0.3628495406306108
667,15246,-0.941948264745045,-0.56751795503609,-0.512603533611893,-0.6452449037581256,-0.6383880146024472,-0.581252969457283,-0.5831524839643911,-0.4787609899544545
668,15260,-0.2889801661799582,-0.5805050713696821,-0.3973785318201707,-0.6452449037581256,-0.3883211579162963,-0.2272099960930745,-0.5831524839643911,-0.3628495406306108
669,15262,-0.3256224314403948,-0.59998574587007,-0.800666038091199,-0.6452449037581256,-0.3883211579162963,-0.581252969457283,-0.5831524839643911,-0.4787609899544545
670,15266,-0.7725850672749123,-0.6779084438716221,-0.9158910398829212,-0.6452449037581256,-0.8050992523932144,-1.2893389161857,-1.1272421221129856,-0.8264953379259854
671,15270,-0.6708543077885352,-0.5610243968692941,-0.166928528236726,-0.6452449037581256,-0.4716767768116799,0.4808759506353423,0.2329819732585006,-0.8264953379259854
672,15271,0.7621667558598912,0.9909360049949508,0.812483986992914,0.0621922798803011,0.1951681743513891,1.1889618973637592,0.5050267923327979,0.4485306046362946
673,15279,-0.2363013298734116,-0.2428400466962898,0.0059089744508575,0.0621922798803011,-0.5550323957070635,-0.581252969457283,-0.5831524839643911,-0.0151151926590799
674,15281,0.6439758336693304,0.8870390743262148,1.3309964950556643,0.0621922798803011,1.112079982200609,1.1889618973637592,1.3211612495556897,1.3758221992270436
675,15288,0.0920234128522967,0.0688507453099183,0.178746477138441,-0.6452449037581256,-0.3049655390209126,0.1268329772711338,-0.0390628458157966,-0.1310266419829235
676,15290,-0.792439422296767,-0.574011513202886,-0.1093160273408648,0.769629463518728,-0.5550323957070635,0.4808759506353423,0.5050267923327979,-0.0151151926590799
677,15291,-0.5723887376489103,-0.1194624415271657,0.6972589852011917,2.891941014434008,-0.0548986823347617,0.8349189239995508,1.593206068629987,-0.2469380913067672
678,15296,1.9037789869833948,0.6467774221547626,1.503833997743248,0.0621922798803011,1.3621468388867597,0.1268329772711338,-0.0390628458157966,1.607645097874731
679,15298,-0.0839570494166687,0.4584642353176785,1.0429339905763586,1.4770666471571543,0.2785237932467727,1.1889618973637592,1.3211612495556897,0.332619155312451
680,15299,-0.9107906546480662,-0.3597240936986179,-1.0311160416746437,-0.6452449037581256,-1.0551661090793654,-1.2893389161857,-1.1272421221129856,-0.8264953379259854
681,15301,0.6083045291852577,0.4909320261516586,0.4668089816177469,-0.6452449037581256,0.2785237932467727,1.5430048707279678,0.7770716114070951,0.1007962566647637
682,15304,-0.947215988232355,-0.6908955602052141,-0.9735035407787824,-0.6452449037581256,-0.888454871288598,-0.9352959428214916,-0.8551973030386884,-0.942406787249829
683,15312,-0.7573280481745887,-0.548037280535702,-0.2821535300284483,0.0621922798803011,-0.7217436334978308,-0.2272099960930745,-0.3111076648900939,-0.3628495406306108
684,15316,-1.0511772692647852,-0.7168697928723982,-1.146341043466366,-0.6452449037581256,-1.0551661090793654,-1.6433818895499084,-1.3992869411872828,-1.0583182365736727
685,15326,-0.2765057586363284,-0.463621024367354,0.2939714789301634,-0.6452449037581256,-0.3049655390209126,0.1268329772711338,-0.0390628458157966,0.2167077059886073
686,15329,-1.030007190701788,-0.5805050713696821,-1.0311160416746437,-0.6452449037581256,-1.0551661090793654,-0.9352959428214916,-0.8551973030386884,-0.8264953379259854
687,15332,0.141432922775685,0.7766485854906827,0.178746477138441,0.0621922798803011,0.2785237932467727,0.1268329772711338,-0.0390628458157966,0.5644420539601382
688,15339,1.2828999364146134,-0.2688142793634738,-0.1093160273408648,-0.6452449037581256,1.528858076677527,-0.2272099960930745,-0.3111076648900939,1.7235565471985743
689,15346,-0.752056909130004,-0.53505016420211,-0.2821535300284483,-0.6452449037581256,-0.5550323957070635,0.1268329772711338,-0.3111076648900939,-0.2469380913067672
690,15347,-1.0265484739614597,-0.6908955602052141,-0.9158910398829212,-0.6452449037581256,-0.9718104901839816,-1.6433818895499084,-1.3992869411872828,-1.0583182365736727
691,15350,-0.8092799546375393,-0.6908955602052141,-0.9735035407787824,-0.6452449037581256,-0.888454871288598,-1.2893389161857,-1.1272421221129856,-0.942406787249829
692,15353,-0.5924093665029356,-0.593492187703274,-0.512603533611893,-0.6452449037581256,-0.8050992523932144,-0.2272099960930745,-0.3111076648900939,-0.8264953379259854
693,15361,-0.8540548577781445,-0.6779084438716221,-0.800666038091199,-0.6452449037581256,-0.7217436334978308,-1.2893389161857,-1.1272421221129856,-0.7105838886021417
694,15363,-0.5468713553021787,-0.5610243968692941,-0.2821535300284483,-0.6452449037581256,-0.9718104901839816,-0.581252969457283,-0.5831524839643911,-0.2469380913067672
695,15365,-0.1762063303384878,-0.6194664203704581,-0.6854410362994766,-0.6452449037581256,-0.3883211579162963,-0.581252969457283,-0.5831524839643911,-0.4787609899544545
696,15366,-0.4995687562806115,-0.431153233533374,-0.800666038091199,-0.6452449037581256,-0.6383880146024472,-0.9352959428214916,-0.8551973030386884,-0.7105838886021417
697,15370,-1.025027879539821,-0.6714148857048261,-0.7430535371953377,-0.6452449037581256,-0.9718104901839816,-0.9352959428214916,-0.8551973030386884,-0.7105838886021417
698,15373,0.06062586715496,0.7636614691570908,-0.0517035264450036,1.4770666471571543,0.1951681743513891,0.4808759506353423,1.593206068629987,-0.3628495406306108
699,15380,-0.9141732198916442,-0.6779084438716221,-1.146341043466366,-0.6452449037581256,-1.0551661090793654,-1.6433818895499084,-1.3992869411872828,-1.0583182365736727
700,15384,-0.3367254447785821,0.3610608628157385,-0.1093160273408648,0.0621922798803011,-0.0548986823347617,0.4808759506353423,0.2329819732585006,-0.0151151926590799
701,15392,-0.3766648112835329,-0.496088815201334,-0.2821535300284483,0.769629463518728,-0.3049655390209126,0.8349189239995508,0.2329819732585006,-0.2469380913067672
702,15394,0.1218341048191029,-0.4116725590329859,-0.166928528236726,-0.6452449037581256,0.1118125554560054,0.1268329772711338,-0.0390628458157966,-0.2469380913067672
703,15395,-0.6882863612681943,-0.6519342112044381,-0.8582785389870601,-0.6452449037581256,-0.6383880146024472,-0.9352959428214916,-0.8551973030386884,-0.4787609899544545
704,15415,2.1259258979692897,-0.3272563028646379,-0.3397660309243095,0.0621922798803011,2.0289917900498287,-0.9352959428214916,-0.8551973030386884,0.9121764019316692
705,15421,-0.7761668316555264,-0.476608140700946,-0.2821535300284483,-0.6452449037581256,-0.9718104901839816,-0.9352959428214916,-0.8551973030386884,-0.4787609899544545
706,15422,-0.9263068557429156,-0.6844020020384182,-0.8582785389870601,0.0621922798803011,-0.8050992523932144,-0.2272099960930745,-0.3111076648900939,-0.7105838886021417
707,15426,2.044166281375249,2.1338022423510474,2.828921518348055,0.769629463518728,1.6122136955729107,1.5430048707279678,1.0491164304813922,3.462228287056229
708,15443,0.4617427413204185,-0.2818013956970658,0.9853214896804976,-0.6452449037581256,0.8620131255144581,0.4808759506353423,-0.0390628458157966,1.1439993005793565
709,15447,-0.7698902134370639,-0.4376467917001699,-0.6854410362994766,-0.6452449037581256,-0.7217436334978308,-0.581252969457283,-0.5831524839643911,-0.8264953379259854
710,15448,1.0655072976577094,-0.3727112100322099,-0.3973785318201707,-0.6452449037581256,0.6119462688283073,-0.2272099960930745,-0.3111076648900939,0.6803535032839819
711,15454,-0.2502073855559477,0.0104087218087542,0.1211339762425798,-0.6452449037581256,-0.221609920125529,0.1268329772711338,-0.3111076648900939,-0.4787609899544545
712,15456,-0.4320560254470596,-0.5285566060353141,0.0635214753467187,-0.6452449037581256,-0.1382543012301454,0.4808759506353423,-0.0390628458157966,-0.1310266419829235
713,15460,1.9143669100962184,1.055871586662911,1.158158992368081,0.0621922798803011,1.6122136955729107,0.8349189239995508,0.5050267923327979,1.2599107499032
714,15465,-0.3358690281977133,-0.1519302323611458,-0.0517035264450036,1.4770666471571543,-0.221609920125529,-0.2272099960930745,0.5050267923327979,-0.0151151926590799
715,15468,-1.0717326684599002,-0.7168697928723982,-1.146341043466366,-0.6452449037581256,-1.0551661090793654,-1.6433818895499084,-1.3992869411872828,-0.942406787249829
716,15482,-0.9137392064049626,-0.3142691865310459,-0.7430535371953377,-0.6452449037581256,-0.7217436334978308,-0.581252969457283,-0.8551973030386884,-0.942406787249829
717,15485,0.1016093057117147,1.419510844003487,0.8700964878887751,0.0621922798803011,-0.1382543012301454,1.5430048707279678,1.593206068629987,0.7962649526078255
718,15497,-0.3026136528852429,-0.6324535367040501,-0.6854410362994766,0.0621922798803011,-0.3883211579162963,-0.2272099960930745,-0.0390628458157966,-0.942406787249829
719,15502,1.0115681624207438,1.8415921248452276,0.7548714860970528,0.0621922798803011,0.6953018877236908,1.1889618973637592,0.7770716114070951,0.7962649526078255
720,15503,0.6852601540462412,1.8545792411788196,1.3886089959515258,-0.6452449037581256,2.112347408945213,0.4808759506353423,-0.0390628458157966,1.1439993005793565
721,15510,-1.0590200393501494,-0.7168697928723982,-1.146341043466366,-0.6452449037581256,-1.0551661090793654,-1.6433818895499084,-1.3992869411872828,-1.0583182365736727
722,15512,-0.9922853382665286,-0.6454406530376421,-0.8582785389870601,-0.6452449037581256,-0.8050992523932144,-0.9352959428214916,-0.8551973030386884,-0.8264953379259854
723,15513,1.2099538087991235,1.7831501013440632,1.0429339905763586,2.184503830795581,0.3618794121421563,0.8349189239995508,1.593206068629987,0.5644420539601382
724,15514,2.216070932874634,2.692248244695504,3.116984022827361,0.769629463518728,3.1959704545852,1.5430048707279678,1.865250887704284,3.230405388408542
725,15518,0.9315069035314184,0.2636574903137984,1.6190589995349705,0.0621922798803011,1.1954356010959926,1.5430048707279678,2.1372957067785814,1.1439993005793565
726,15525,2.6347662999314108,1.9844504045147395,0.7548714860970528,-0.6452449037581256,1.8622805522590613,1.8970478440921763,1.0491164304813922,0.6803535032839819
727,15527,0.2652266725728537,-0.457127466200558,0.0059089744508575,0.0621922798803011,0.2785237932467727,0.4808759506353423,0.7770716114070951,0.332619155312451
728,15529,2.6285458653364,1.419510844003487,1.6766715004308317,1.4770666471571543,2.362414265631364,1.5430048707279678,1.0491164304813922,2.4190252431416366
729,15532,1.6370239137738205,-0.1259559996939618,0.812483986992914,0.0621922798803011,1.2787912199913762,1.1889618973637592,0.5050267923327979,0.9121764019316692
730,15535,0.5455755719874882,-0.3142691865310459,0.4668089816177469,0.769629463518728,1.3621468388867597,0.8349189239995508,0.7770716114070951,0.4485306046362946
731,15544,-0.1060330096702256,-0.496088815201334,-0.2245410291325871,-0.6452449037581256,0.1118125554560054,-0.2272099960930745,-0.3111076648900939,0.332619155312451
732,15545,0.6258972514800211,-0.1259559996939618,0.0635214753467187,-0.6452449037581256,-0.1382543012301454,-0.581252969457283,-0.8551973030386884,-0.594672439278298
733,15547,2.5337425608009245,1.5948369145069792,2.0223465058059986,1.4770666471571543,2.862547979003665,1.1889618973637592,0.5050267923327979,3.346316837732385
734,15549,2.907213113667128,0.9649617723277668,0.6396464843053304,0.769629463518728,1.6122136955729107,1.5430048707279678,0.7770716114070951,1.9553794458462617
735,15555,1.822694432973088,0.8350906089918467,2.828921518348055,0.769629463518728,2.9459035978990484,1.5430048707279678,2.1372957067785814,3.462228287056229
736,15562,-1.0365892114535762,-0.7168697928723982,-1.146341043466366,-0.6452449037581256,-1.0551661090793654,-1.6433818895499084,-1.3992869411872828,-1.0583182365736727
737,15563,-0.4275220170434997,-0.5545308387024981,-0.1093160273408648,-0.6452449037581256,-0.6383880146024472,-0.581252969457283,-0.5831524839643911,-0.0151151926590799
738,15569,-0.9480834897353684,-0.3986854426993939,-0.800666038091199,-0.6452449037581256,-1.0551661090793654,-1.2893389161857,-1.1272421221129856,-0.7105838886021417
739,15579,0.6264232556411453,-0.496088815201334,-0.3397660309243095,0.0621922798803011,0.3618794121421563,0.4808759506353423,-0.0390628458157966,-0.3628495406306108
740,15581,0.3324846003314629,0.1792412341454504,1.3309964950556643,0.769629463518728,0.2785237932467727,1.1889618973637592,0.2329819732585006,1.0280878512555127
741,15587,-0.7823524767770496,-0.496088815201334,-1.0311160416746437,-0.6452449037581256,-0.9718104901839816,-0.9352959428214916,-0.8551973030386884,-0.942406787249829
742,15589,-0.4823705996626852,-0.3532305355318219,-0.512603533611893,-0.6452449037581256,-0.6383880146024472,-0.2272099960930745,-0.3111076648900939,-0.4787609899544545
743,15596,0.5012104272894736,0.8480777253254387,0.9853214896804976,0.769629463518728,0.3618794121421563,1.1889618973637592,1.865250887704284,0.9121764019316692
744,15602,-0.3865661239761226,-0.593492187703274,-0.4549910327160318,2.891941014434008,-0.1382543012301454,0.1268329772711338,0.7770716114070951,-0.2469380913067672
745,15605,-0.0437037268888065,-0.5869986295364781,-0.9158910398829212,-0.6452449037581256,-0.3883211579162963,-1.6433818895499084,-1.3992869411872828,-0.4787609899544545
746,15606,-0.8772032404600062,-0.6324535367040501,-0.6854410362994766,-0.6452449037581256,-0.8050992523932144,-0.2272099960930745,-0.5831524839643911,-0.1310266419829235
747,15607,-0.680282029902211,-0.6129728622036621,-0.4549910327160318,-0.6452449037581256,-0.6383880146024472,-0.9352959428214916,-0.8551973030386884,-0.7105838886021417
748,15611,-1.0205881388488869,-0.7038826765388061,-1.0311160416746437,-0.6452449037581256,-1.0551661090793654,-1.6433818895499084,-1.3992869411872828,-1.0583182365736727
749,15615,0.7855321244330955,1.8935405901795956,1.446221496847387,0.0621922798803011,0.5285906499329236,1.5430048707279678,1.865250887704284,1.0280878512555127
750,15620,-0.470291258243845,-0.3792047681990059,0.2939714789301634,-0.6452449037581256,-0.0548986823347617,1.1889618973637592,0.5050267923327979,0.7962649526078255
751,15626,-0.6292147360918446,-0.5285566060353141,-0.1093160273408648,-0.6452449037581256,-0.5550323957070635,-0.2272099960930745,-0.3111076648900939,-0.2469380913067672
752,15628,-0.0989791457369572,-0.574011513202886,-0.4549910327160318,-0.6452449037581256,0.0284569365606218,-0.2272099960930745,-0.3111076648900939,-0.594672439278298
753,15641,-0.4759740782852374,-0.476608140700946,-0.1093160273408648,-0.6452449037581256,-0.5550323957070635,-0.2272099960930745,-0.5831524839643911,-0.3628495406306108
754,15646,-0.2640892278983887,-0.483101698867742,-0.5702160345077543,-0.6452449037581256,-0.0548986823347617,-0.581252969457283,-0.5831524839643911,-0.0151151926590799
755,15649,-1.0321331394777966,-0.7103762347056022,-1.0887285425705049,0.0621922798803011,-0.9718104901839816,-1.2893389161857,-1.1272421221129856,-1.0583182365736727
756,15658,1.548344911952109,0.3156059556481664,0.0635214753467187,1.4770666471571543,0.2785237932467727,0.1268329772711338,0.2329819732585006,0.332619155312451
757,15660,-0.786456366847157,-0.625959978537254,-0.6278285354036154,-0.6452449037581256,-0.6383880146024472,-0.581252969457283,-0.8551973030386884,-0.7105838886021417
758,15661,-0.5003800825009728,-0.6714148857048261,-1.0311160416746437,0.0621922798803011,-0.7217436334978308,-1.2893389161857,-0.8551973030386884,-0.8264953379259854
759,15664,-0.9223769797666418,0.2506703739802064,-1.0887285425705049,-0.6452449037581256,-1.0551661090793654,-1.2893389161857,-1.3992869411872828,-0.942406787249829
760,15673,-0.0294595518880598,0.4584642353176785,1.3309964950556643,-0.6452449037581256,0.2785237932467727,1.5430048707279678,0.7770716114070951,1.0280878512555127
761,15680,0.0415670116869734,-0.2363464885294938,0.3515839798260246,-0.6452449037581256,0.0284569365606218,0.1268329772711338,-0.0390628458157966,0.332619155312451
762,15687,1.4122802117263416,2.068866660683087,0.812483986992914,0.0621922798803011,0.6953018877236908,1.5430048707279678,2.1372957067785814,0.332619155312451
763,15689,-0.5734057146144934,0.4584642353176785,-0.8582785389870601,-0.6452449037581256,-0.9718104901839816,-0.2272099960930745,-0.5831524839643911,-0.8264953379259854
764,15694,0.0637869549868227,-0.1714109068615338,-0.2245410291325871,2.184503830795581,-0.1382543012301454,-0.581252969457283,-0.0390628458157966,0.1007962566647637
765,15696,0.523945590097074,-0.3402434191982299,0.6396464843053304,2.184503830795581,1.1954356010959926,0.8349189239995508,1.593206068629987,0.6803535032839819
766,15708,2.95349822693436,2.854587198865404,3.001759021035639,1.4770666471571543,2.779192360108281,1.8970478440921763,1.0491164304813922,2.9985824897608544
767,15713,-0.5724252620086331,-0.5869986295364781,-0.6278285354036154,0.0621922798803011,-0.7217436334978308,-0.9352959428214916,-0.8551973030386884,-0.7105838886021417
768,15716,0.0346618350107497,-0.2298529303626978,0.4091964807218857,0.0621922798803011,0.6953018877236908,1.8970478440921763,1.0491164304813922,0.4485306046362946
769,15723,0.6498470598535867,-0.1714109068615338,0.4091964807218857,-0.6452449037581256,0.6953018877236908,0.8349189239995508,0.2329819732585006,0.6803535032839819
770,15727,2.162462793913358,4.146805274057809,2.713696516556333,0.0621922798803011,1.9456361711544448,1.5430048707279678,2.409340525852879,2.187202344493949
771,15732,-0.920586085065136,-0.6908955602052141,-0.9735035407787824,-0.6452449037581256,-0.8050992523932144,-0.9352959428214916,-0.8551973030386884,-0.8264953379259854
772,15738,0.0129564064211183,-0.1519302323611458,0.6972589852011917,1.4770666471571543,0.1118125554560054,0.1268329772711338,1.593206068629987,0.5644420539601382
773,15749,-0.7855269849548348,-0.6714148857048261,-1.0311160416746437,-0.6452449037581256,-0.7217436334978308,-1.2893389161857,-1.1272421221129856,-0.942406787249829
774,15750,-0.1778696358345401,-0.457127466200558,-0.0517035264450036,0.769629463518728,-0.1382543012301454,0.4808759506353423,0.5050267923327979,-0.0151151926590799
775,15752,-0.2986157368394466,-0.1259559996939618,-0.5702160345077543,-0.6452449037581256,-0.4716767768116799,0.1268329772711338,-0.3111076648900939,-0.4787609899544545
776,15759,-1.018692308552571,-0.6973891183720101,-0.9735035407787824,-0.6452449037581256,-1.0551661090793654,-1.6433818895499084,-1.3992869411872828,-0.8264953379259854
777,15769,-0.6376450487548744,-0.489595257034538,-0.512603533611893,0.769629463518728,-0.6383880146024472,-0.581252969457283,-0.3111076648900939,-0.7105838886021417
778,15777,-0.7981123001055059,-0.6519342112044381,-0.7430535371953377,0.769629463518728,-0.6383880146024472,-0.581252969457283,-0.3111076648900939,-0.7105838886021417
779,15780,-0.2704095519046905,-0.59998574587007,-0.7430535371953377,-0.6452449037581256,-0.3883211579162963,-0.9352959428214916,-0.8551973030386884,-0.594672439278298
780,15781,-0.7267276785317602,-0.6584277693712342,-0.9735035407787824,-0.6452449037581256,-0.888454871288598,-1.2893389161857,-1.1272421221129856,-0.8264953379259854
781,15789,-0.0575598962512919,-0.431153233533374,-0.0517035264450036,-0.6452449037581256,-0.0548986823347617,-0.2272099960930745,-0.3111076648900939,-0.1310266419829235
782,15797,-0.9944035342696752,-0.7168697928723982,-1.146341043466366,-0.6452449037581256,-1.0551661090793654,-1.6433818895499084,-1.3992869411872828,-0.942406787249829
783,15799,-0.5859743815299496,-0.515569489701722,0.0635214753467187,-0.6452449037581256,-0.4716767768116799,-0.2272099960930745,-0.3111076648900939,-0.0151151926590799
784,15805,-0.2924005027327402,0.9000261906598067,-0.6854410362994766,-0.6452449037581256,-0.6383880146024472,-0.9352959428214916,-0.8551973030386884,-0.3628495406306108
785,15811,-0.490615208601794,-0.509075931534926,-0.0517035264450036,0.0621922798803011,-0.1382543012301454,-0.581252969457283,-0.0390628458157966,-0.2469380913067672
786,15812,-0.9148343950447,-0.7103762347056022,-1.0887285425705049,-0.6452449037581256,-0.9718104901839816,-1.2893389161857,-1.1272421221129856,-1.0583182365736727
787,15820,-0.2577605547520818,0.1662541178118584,-0.3397660309243095,0.0621922798803011,-0.3883211579162963,-0.2272099960930745,-0.5831524839643911,0.1007962566647637
788,15822,-0.6135817679785117,-0.1649173486947378,-0.2821535300284483,-0.6452449037581256,-0.6383880146024472,0.1268329772711338,-0.3111076648900939,-0.594672439278298
789,15823,-0.7337253046263825,-0.593492187703274,-0.2245410291325871,0.0621922798803011,-0.3883211579162963,-0.2272099960930745,-0.3111076648900939,-0.3628495406306108
790,15827,0.3785600342474568,-0.476608140700946,-0.0517035264450036,2.184503830795581,0.6953018877236908,0.4808759506353423,1.3211612495556897,-0.1310266419829235
791,15831,-0.6003363536378822,-0.3727112100322099,-0.2245410291325871,0.0621922798803011,-0.888454871288598,0.1268329772711338,-0.3111076648900939,-0.4787609899544545
792,15834,-1.0223064268933049,-0.6844020020384182,-1.0887285425705049,-0.6452449037581256,-1.0551661090793654,-1.6433818895499084,-1.3992869411872828,-1.0583182365736727
793,15835,-0.765209648850656,-0.5545308387024981,-0.3973785318201707,-0.6452449037581256,-0.7217436334978308,-0.2272099960930745,-0.3111076648900939,-0.2469380913067672
794,15838,-0.8271743052539875,-0.59998574587007,-0.9158910398829212,0.769629463518728,-0.7217436334978308,-0.581252969457283,-0.5831524839643911,-0.942406787249829
795,15841,-0.9938751112767816,-0.6649213275380301,-0.800666038091199,-0.6452449037581256,-0.7217436334978308,-0.581252969457283,-0.5831524839643911,-0.942406787249829
796,15845,1.3207806268595512,1.6987338451757152,-0.512603533611893,-0.6452449037581256,-0.5550323957070635,0.4808759506353423,-0.0390628458157966,-0.8264953379259854
797,15854,0.0869765704095588,-0.476608140700946,-0.0517035264450036,0.769629463518728,0.0284569365606218,1.1889618973637592,1.3211612495556897,0.1007962566647637
798,15856,0.9778595564202212,-0.0999817670267777,0.9277089887846364,0.769629463518728,1.528858076677527,0.8349189239995508,1.0491164304813922,0.332619155312451
799,15858,0.466835166230817,-0.0285526271920217,0.8700964878887751,-0.6452449037581256,0.3618794121421563,0.1268329772711338,-0.0390628458157966,0.332619155312451
800,15860,-0.1083212495467839,0.4389835608172905,-0.6854410362994766,-0.6452449037581256,-0.3049655390209126,-0.2272099960930745,-0.3111076648900939,-0.3628495406306108
801,15864,-0.4887669375425503,-0.6519342112044381,-0.800666038091199,0.0621922798803011,-0.4716767768116799,-0.9352959428214916,-0.5831524839643911,-0.942406787249829
802,15881,0.6989214114424818,-0.1584237905279418,0.0059089744508575,1.4770666471571543,0.44523503103754,0.1268329772711338,0.7770716114070951,0.2167077059886073
803,15882,-0.013575417288238,-0.0155655108584297,-0.512603533611893,0.0621922798803011,-0.221609920125529,-0.2272099960930745,-0.3111076648900939,-0.2469380913067672
804,15885,-1.0618018627013184,-0.7168697928723982,-1.146341043466366,-0.6452449037581256,-1.0551661090793654,-1.6433818895499084,-1.3992869411872828,-1.0583182365736727
805,15894,0.510834550202052,0.0493700708095303,0.1211339762425798,0.0621922798803011,0.9453687444098418,0.4808759506353423,-0.0390628458157966,0.2167077059886073
806,15898,1.019011491632135,-0.2493336048630858,1.3886089959515258,0.0621922798803011,2.0289917900498287,0.4808759506353423,0.2329819732585006,1.1439993005793565
807,15899,-0.9051802535957794,-0.6649213275380301,-1.0311160416746437,-0.6452449037581256,-0.8050992523932144,-1.2893389161857,-1.1272421221129856,-0.942406787249829
808,15910,1.4872636045702825,1.237691215333199,0.2939714789301634,-0.6452449037581256,1.1954356010959926,0.4808759506353423,0.2329819732585006,0.7962649526078255
809,15916,0.7805213726285221,-0.2298529303626978,0.8700964878887751,1.4770666471571543,1.112079982200609,0.1268329772711338,0.7770716114070951,0.2167077059886073
810,15919,1.0714821290793015,1.8805534738460032,0.6972589852011917,-0.6452449037581256,0.8620131255144581,0.8349189239995508,0.2329819732585006,0.5644420539601382
811,15922,-0.7426605484213424,-0.6129728622036621,-0.5702160345077543,0.0621922798803011,-0.6383880146024472,-0.2272099960930745,-0.5831524839643911,-0.942406787249829
812,15923,-0.0576177980793796,-0.5545308387024981,-0.3397660309243095,-0.6452449037581256,0.0284569365606218,0.1268329772711338,-0.0390628458157966,-0.594672439278298
813,15938,-0.4770842303187503,-0.6714148857048261,-0.9735035407787824,-0.6452449037581256,-0.8050992523932144,-1.2893389161857,-1.1272421221129856,-0.942406787249829
814,15939,-0.5518767272912646,-0.3467369773650259,-0.166928528236726,1.4770666471571543,-0.5550323957070635,0.1268329772711338,0.7770716114070951,-0.4787609899544545
815,15940,-1.0668109213236532,-0.7103762347056022,-1.0887285425705049,-0.6452449037581256,-1.0551661090793654,-1.6433818895499084,-1.3992869411872828,-0.942406787249829
816,15945,-0.8275278300283319,-0.0025783945248377,-1.0887285425705049,-0.6452449037581256,-0.9718104901839816,-1.2893389161857,-1.1272421221129856,-1.0583182365736727
817,15950,-0.1169806923048003,0.6402838639879667,0.2363589780343022,-0.6452449037581256,-0.1382543012301454,1.1889618973637592,0.5050267923327979,0.1007962566647637
818,15953,0.0174416044677249,-0.431153233533374,0.1211339762425798,0.0621922798803011,-0.221609920125529,-0.581252969457283,-0.3111076648900939,-0.1310266419829235
819,15955,0.4770978690714021,0.3740479791493305,-0.2821535300284483,-0.6452449037581256,0.1118125554560054,0.1268329772711338,-0.3111076648900939,-0.4787609899544545
820,15965,-0.1508757068267766,0.5169062588188426,-0.3973785318201707,-0.6452449037581256,-0.3883211579162963,0.1268329772711338,-0.3111076648900939,-0.1310266419829235
821,15967,0.247404394802344,-0.2038786976955138,0.2363589780343022,-0.6452449037581256,0.1118125554560054,0.8349189239995508,0.2329819732585006,-0.0151151926590799
822,15971,-0.9199244428273248,-0.6973891183720101,-1.0311160416746437,-0.6452449037581256,-0.888454871288598,-1.2893389161857,-1.1272421221129856,-0.7105838886021417
823,15973,-0.9097332081247358,-0.53505016420211,-0.9158910398829212,0.0621922798803011,-0.888454871288598,-0.2272099960930745,-0.3111076648900939,-0.8264953379259854
824,15981,-1.0143502970059326,-0.6908955602052141,-0.9735035407787824,-0.6452449037581256,-0.9718104901839816,-0.9352959428214916,-0.8551973030386884,-0.8264953379259854
825,15983,1.8247821433551368,2.1792571495186195,2.425634012077027,1.4770666471571543,2.0289917900498287,1.1889618973637592,1.593206068629987,1.7235565471985743
826,15984,-0.7746525387076879,-0.6064793040368661,-0.2245410291325871,0.0621922798803011,-0.7217436334978308,0.8349189239995508,0.5050267923327979,-0.2469380913067672
827,15987,-0.9591448991671164,-0.6324535367040501,-0.6854410362994766,-0.6452449037581256,-0.888454871288598,-0.9352959428214916,-0.8551973030386884,-0.4787609899544545
828,15996,-0.6131170520099528,-0.4376467917001699,0.4668089816177469,0.0621922798803011,-0.3883211579162963,0.1268329772711338,-0.3111076648900939,0.4485306046362946
829,15998,3.053100906570532,2.627312663027544,4.096396538057001,-0.6452449037581256,2.862547979003665,2.959176764184801,1.865250887704284,2.650848141789324
830,16003,-0.2668507997890857,0.0558636289763263,-0.1093160273408648,-0.6452449037581256,-0.3883211579162963,0.1268329772711338,-0.0390628458157966,-0.4787609899544545
831,16010,0.5430101590125168,1.4260044021702831,-0.2245410291325871,-0.6452449037581256,0.0284569365606218,-0.2272099960930745,-0.3111076648900939,0.2167077059886073
832,16011,1.7046890727128614,-0.2103722558623098,0.8700964878887751,0.769629463518728,1.6122136955729107,0.8349189239995508,1.865250887704284,0.6803535032839819
833,16013,-0.8338806831515367,-0.625959978537254,-0.512603533611893,2.184503830795581,-0.4716767768116799,-0.581252969457283,-0.0390628458157966,-1.0583182365736727
834,16016,1.8533128979797937,2.40653168535648,1.3309964950556643,0.769629463518728,1.6122136955729107,1.1889618973637592,1.865250887704284,1.8394679965224183
835,16019,-0.5895558706641899,-0.483101698867742,0.178746477138441,0.769629463518728,-0.3883211579162963,-0.581252969457283,-0.3111076648900939,-0.1310266419829235
836,16029,1.334563589027406,0.1987219086458384,0.812483986992914,5.014252565349288,1.4455024577821434,0.8349189239995508,1.593206068629987,0.6803535032839819
837,16030,0.5876795093391707,-0.431153233533374,-0.0517035264450036,-0.6452449037581256,0.6119462688283073,0.1268329772711338,-0.0390628458157966,-0.3628495406306108
838,16033,3.064243446956156,2.477960825191236,5.01819655239078,1.4770666471571543,3.0292592167944323,1.8970478440921763,3.497519802150068,4.621342780294666
839,16034,-0.9342234168788548,-0.1908915813619218,-0.6854410362994766,-0.6452449037581256,-0.9718104901839816,0.4808759506353423,-0.0390628458157966,-0.7105838886021417
840,16037,-0.6545777510972721,-0.0155655108584297,-0.3397660309243095,-0.6452449037581256,-0.5550323957070635,0.4808759506353423,-0.0390628458157966,-0.3628495406306108
841,16042,-0.8174397167967257,-0.6324535367040501,-0.9158910398829212,0.769629463518728,-0.7217436334978308,-1.2893389161857,-1.1272421221129856,-0.8264953379259854
842,16043,-0.6029280401303522,-0.56751795503609,-0.2821535300284483,-0.6452449037581256,-0.4716767768116799,0.1268329772711338,-0.3111076648900939,-0.0151151926590799
843,16048,-0.406849146032368,-0.6389470948708461,-0.800666038091199,-0.6452449037581256,-0.7217436334978308,-0.9352959428214916,-0.8551973030386884,-0.8264953379259854
844,16059,0.1930115492813721,0.4519706771508825,1.158158992368081,0.0621922798803011,0.6119462688283073,1.1889618973637592,0.5050267923327979,1.1439993005793565
845,16062,-0.7778582039409068,-0.6779084438716221,-0.9158910398829212,-0.6452449037581256,-0.7217436334978308,-1.2893389161857,-1.1272421221129856,-1.0583182365736727
846,16065,2.4185421153944686,-0.0090719526916337,1.2733839941598033,0.0621922798803011,2.112347408945213,1.1889618973637592,0.5050267923327979,1.607645097874731
847,16081,0.2134546020815825,0.6792452129887426,-0.0517035264450036,-0.6452449037581256,0.0284569365606218,0.4808759506353423,0.2329819732585006,0.1007962566647637
848,16083,-0.8265738928231472,-0.3077756283642499,-0.3973785318201707,-0.6452449037581256,-0.4716767768116799,-0.2272099960930745,-0.3111076648900939,-0.2469380913067672
849,16085,-0.0574936786463959,0.1857347923122464,0.1211339762425798,-0.6452449037581256,-0.1382543012301454,1.1889618973637592,0.7770716114070951,0.4485306046362946
850,16086,-0.7323325371229747,-0.6714148857048261,-0.9735035407787824,-0.6452449037581256,-0.7217436334978308,-0.9352959428214916,-0.8551973030386884,-0.7105838886021417
851,16094,-1.060638154396104,-0.7103762347056022,-1.0887285425705049,-0.6452449037581256,-1.0551661090793654,-1.6433818895499084,-1.3992869411872828,-1.0583182365736727
852,16098,-0.6632437372122655,-0.6389470948708461,-0.5702160345077543,-0.6452449037581256,-0.7217436334978308,-1.2893389161857,-1.1272421221129856,-0.8264953379259854
853,16109,-0.7202153993725328,-0.6908955602052141,-1.0311160416746437,0.0621922798803011,-0.888454871288598,-1.2893389161857,-1.1272421221129856,-1.0583182365736727
854,16112,-0.6452675216516108,-0.625959978537254,-0.6278285354036154,0.0621922798803011,-0.7217436334978308,-0.9352959428214916,-0.5831524839643911,-0.594672439278298
855,16122,-0.6537727722251064,-0.56751795503609,-0.1093160273408648,0.0621922798803011,-0.4716767768116799,-0.2272099960930745,0.2329819732585006,-0.0151151926590799
856,16124,-0.6402583879620831,-0.574011513202886,-0.2821535300284483,0.0621922798803011,-0.4716767768116799,-0.2272099960930745,-0.3111076648900939,-0.7105838886021417
857,16125,-0.3579769920978233,-0.5869986295364781,-0.800666038091199,-0.6452449037581256,-0.221609920125529,-0.581252969457283,-0.5831524839643911,-0.4787609899544545
858,16133,-0.5198337872329696,-0.593492187703274,-0.4549910327160318,0.0621922798803011,-0.5550323957070635,-0.9352959428214916,-0.5831524839643911,-0.4787609899544545
859,16134,0.0308852128790861,-0.2298529303626978,-0.3397660309243095,0.769629463518728,-0.1382543012301454,-0.9352959428214916,-0.5831524839643911,-0.2469380913067672
860,16138,-1.0687496650318835,-0.7168697928723982,-1.146341043466366,-0.6452449037581256,-1.0551661090793654,-1.6433818895499084,-1.3992869411872828,-1.0583182365736727
861,16140,-0.5786990360145663,-0.541543722368906,-0.8582785389870601,-0.6452449037581256,-0.6383880146024472,-0.9352959428214916,-0.8551973030386884,-0.8264953379259854
862,16143,0.3065346182635152,-0.2623207211966779,0.2363589780343022,0.769629463518728,-0.1382543012301454,1.1889618973637592,1.865250887704284,-0.0151151926590799
863,16145,-0.0134495754802182,-0.3142691865310459,0.812483986992914,1.4770666471571543,0.2785237932467727,0.4808759506353423,1.0491164304813922,0.6803535032839819
864,16150,0.0051174564217905,-0.0869946506931857,0.0059089744508575,0.0621922798803011,0.0284569365606218,0.8349189239995508,0.7770716114070951,-0.0151151926590799
865,16153,-0.5435493901352315,-0.6519342112044381,-0.800666038091199,-0.6452449037581256,-0.5550323957070635,-1.2893389161857,-1.1272421221129856,-0.8264953379259854
866,16156,-0.196408546732026,-0.593492187703274,-0.2821535300284483,-0.6452449037581256,-0.0548986823347617,0.1268329772711338,-0.0390628458157966,-0.594672439278298
867,16163,-1.005967560261574,-0.6908955602052141,-0.9158910398829212,-0.6452449037581256,-0.8050992523932144,-0.9352959428214916,-1.1272421221129856,-0.942406787249829
868,16168,-0.834183704386689,-0.2688142793634738,-0.7430535371953377,0.0621922798803011,-0.888454871288598,0.1268329772711338,-0.0390628458157966,-0.942406787249829
869,16186,-0.689220109568901,-0.3986854426993939,-0.0517035264450036,-0.6452449037581256,-0.9718104901839816,0.8349189239995508,0.2329819732585006,-0.0151151926590799
870,16191,-0.3640986299262401,-0.3792047681990059,0.6972589852011917,5.014252565349288,0.1118125554560054,0.8349189239995508,1.3211612495556897,0.2167077059886073
871,16202,-0.6857429012767331,-0.548037280535702,-0.2245410291325871,-0.6452449037581256,-0.5550323957070635,-0.581252969457283,-0.5831524839643911,-0.1310266419829235
872,16203,-0.3226084586249266,-0.5805050713696821,-0.800666038091199,0.0621922798803011,-0.221609920125529,-0.581252969457283,-0.5831524839643911,-0.8264953379259854
873,16206,-0.2957740724243747,0.0363829544759383,0.0059089744508575,-0.6452449037581256,-0.221609920125529,0.1268329772711338,-0.0390628458157966,-0.3628495406306108
874,16210,0.7522758900183072,-0.3012820701974539,0.4091964807218857,2.891941014434008,0.5285906499329236,1.1889618973637592,1.593206068629987,0.2167077059886073
875,16218,0.6622534523500913,-0.463621024367354,-0.512603533611893,0.0621922798803011,0.2785237932467727,-0.581252969457283,-0.5831524839643911,0.332619155312451
876,16221,-0.5511486672693763,0.5688547241532106,-0.512603533611893,-0.6452449037581256,-0.8050992523932144,-0.2272099960930745,-0.3111076648900939,-0.4787609899544545
877,16233,-0.7565077597654806,-0.56751795503609,-0.512603533611893,1.4770666471571543,-0.6383880146024472,0.1268329772711338,0.2329819732585006,-0.8264953379259854
878,16235,-0.6704154065935188,-0.6584277693712342,-0.8582785389870601,0.0621922798803011,-0.5550323957070635,-0.9352959428214916,-0.3111076648900939,-0.7105838886021417
879,16241,1.8877495598318048,1.380549495002711,1.7342840013266927,0.769629463518728,1.3621468388867597,0.8349189239995508,1.0491164304813922,1.0280878512555127
880,16244,1.519197492849359,-0.1389431160275538,1.446221496847387,0.0621922798803011,1.1954356010959926,0.1268329772711338,-0.3111076648900939,1.8394679965224183
881,16250,-0.1239841527884671,-0.593492187703274,-0.6278285354036154,-0.6452449037581256,-0.4716767768116799,-0.2272099960930745,-0.3111076648900939,-0.594672439278298
882,16252,-0.2892788168363264,-0.53505016420211,-0.166928528236726,0.0621922798803011,-0.1382543012301454,0.8349189239995508,0.2329819732585006,-0.3628495406306108
883,16255,1.0456598237951993,-0.0480333016924097,1.503833997743248,0.0621922798803011,0.8620131255144581,1.5430048707279678,0.7770716114070951,0.9121764019316692
884,16262,-0.7636782614348449,-0.6779084438716221,-1.0311160416746437,-0.6452449037581256,-0.9718104901839816,-1.6433818895499084,-1.3992869411872828,-1.0583182365736727
885,16265,0.2883732327900887,0.2052154668126344,0.8700964878887751,-0.6452449037581256,-0.3049655390209126,0.8349189239995508,0.2329819732585006,0.4485306046362946
886,16270,0.9936817814379368,1.244184773499995,1.0429339905763586,-0.6452449037581256,0.7786575066190745,0.4808759506353423,-0.0390628458157966,1.0280878512555127
887,16271,-0.7472754875995978,-0.5869986295364781,-0.2821535300284483,-0.6452449037581256,-0.8050992523932144,-0.581252969457283,-0.5831524839643911,-0.4787609899544545
888,16274,2.1165679674929696,2.3221154291881314,1.446221496847387,-0.6452449037581256,1.528858076677527,0.8349189239995508,0.2329819732585006,2.4190252431416366
889,16279,-0.9911584629306076,-0.7038826765388061,-1.0887285425705049,-0.6452449037581256,-0.9718104901839816,-1.2893389161857,-1.1272421221129856,-1.0583182365736727
890,16282,-0.6982539499512745,-0.6129728622036621,-0.6278285354036154,-0.6452449037581256,-0.4716767768116799,-0.581252969457283,-0.5831524839643911,-0.594672439278298
891,16293,-0.7659263987488211,-0.6194664203704581,-0.2821535300284483,-0.6452449037581256,-0.5550323957070635,0.1268329772711338,-0.3111076648900939,-0.3628495406306108
892,16303,0.0419803024580276,0.0169022799755502,0.6396464843053304,-0.6452449037581256,0.0284569365606218,1.1889618973637592,0.5050267923327979,-0.2469380913067672
893,16306,-0.8486068729383955,-0.59998574587007,-0.3397660309243095,0.0621922798803011,-0.5550323957070635,0.1268329772711338,0.2329819732585006,-0.1310266419829235
894,16315,-0.9433413283468248,-0.6194664203704581,-0.4549910327160318,-0.6452449037581256,-0.8050992523932144,0.1268329772711338,-0.3111076648900939,-0.0151151926590799
895,16316,-0.0340873859418875,-0.548037280535702,-0.4549910327160318,0.0621922798803011,0.2785237932467727,-1.2893389161857,-0.8551973030386884,-0.0151151926590799
896,16321,-0.9542371228695392,-0.3467369773650259,-0.9735035407787824,-0.6452449037581256,-0.9718104901839816,-0.9352959428214916,-0.8551973030386884,-0.8264953379259854
897,16326,-0.1474556622019668,-0.2688142793634738,1.0429339905763586,0.769629463518728,0.0284569365606218,2.251090817456385,1.3211612495556897,0.7962649526078255
898,16333,-0.8047715024427464,-0.6844020020384182,-1.0887285425705049,-0.6452449037581256,-1.0551661090793654,-1.6433818895499084,-1.3992869411872828,-1.0583182365736727
899,16350,-0.5936903798081824,-0.53505016420211,0.2363589780343022,0.0621922798803011,-0.0548986823347617,0.8349189239995508,0.7770716114070951,0.1007962566647637
900,16351,-0.9132210509358912,-0.6584277693712342,-0.7430535371953377,-0.6452449037581256,-0.9718104901839816,-0.9352959428214916,-0.8551973030386884,-0.8264953379259854
901,16353,-0.655860937180712,-0.5869986295364781,-0.5702160345077543,3.599378198072434,-0.3883211579162963,-0.581252969457283,0.2329819732585006,-0.594672439278298
902,16359,-1.033916961181576,-0.6908955602052141,-0.9735035407787824,0.0621922798803011,-0.8050992523932144,-0.9352959428214916,-0.5831524839643911,-0.942406787249829
903,16365,-0.8841335229418394,-0.6324535367040501,-0.8582785389870601,0.0621922798803011,-0.6383880146024472,-0.9352959428214916,-0.8551973030386884,-0.4787609899544545
904,16367,-0.3848454671447301,-0.463621024367354,0.7548714860970528,-0.6452449037581256,0.0284569365606218,1.1889618973637592,0.2329819732585006,-0.0151151926590799
905,16378,-0.3311416383645633,-0.6064793040368661,-0.800666038091199,-0.6452449037581256,-0.3883211579162963,-0.9352959428214916,-0.8551973030386884,-0.594672439278298
906,16385,-0.638313146771271,-0.4506339080337619,0.0059089744508575,0.0621922798803011,-0.3883211579162963,0.8349189239995508,0.2329819732585006,-0.3628495406306108
907,16387,-1.0525427498435909,-0.6973891183720101,-0.9735035407787824,-0.6452449037581256,-0.9718104901839816,-0.9352959428214916,-0.8551973030386884,-0.8264953379259854
908,16393,-0.4237473049548542,0.5883353986535986,-0.1093160273408648,1.4770666471571543,-0.0548986823347617,0.1268329772711338,-0.3111076648900939,-0.1310266419829235
909,16395,1.77583259514476,0.6727516548219467,1.1005464914722198,0.0621922798803011,2.112347408945213,1.5430048707279678,1.593206068629987,1.3758221992270436
910,16401,-0.7014489848359055,-0.574011513202886,-0.4549910327160318,-0.6452449037581256,-0.3049655390209126,-0.581252969457283,-0.5831524839643911,-0.942406787249829
911,16402,1.9762017878343048,0.3350866301485545,1.0429339905763586,0.0621922798803011,1.112079982200609,1.1889618973637592,0.5050267923327979,0.7962649526078255
912,16403,-0.6900901091412764,-0.489595257034538,-0.6854410362994766,-0.6452449037581256,-0.888454871288598,-0.9352959428214916,-0.8551973030386884,-0.8264953379259854
913,16405,-1.0511991722035,-0.6973891183720101,-1.0311160416746437,-0.6452449037581256,-1.0551661090793654,-1.6433818895499084,-1.3992869411872828,-0.942406787249829
914,16407,-0.4649873690511781,-0.574011513202886,-0.166928528236726,-0.6452449037581256,-0.3049655390209126,-0.2272099960930745,-0.3111076648900939,-0.594672439278298
915,16409,1.1186660802321642,0.0428765126427343,0.6396464843053304,0.0621922798803011,1.3621468388867597,0.4808759506353423,0.2329819732585006,0.7962649526078255
916,16411,-0.6387101020870807,-0.2233593721959018,0.0059089744508575,-0.6452449037581256,-0.3049655390209126,0.8349189239995508,0.5050267923327979,-0.3628495406306108
917,16419,-0.639224950429267,-0.541543722368906,-0.2821535300284483,-0.6452449037581256,-0.5550323957070635,0.4808759506353423,0.2329819732585006,-0.4787609899544545
918,16422,1.1314459361835154,2.5428964068591955,1.2733839941598033,5.014252565349288,1.112079982200609,0.8349189239995508,1.865250887704284,0.4485306046362946
919,16424,-1.0675988849654383,-0.7168697928723982,-1.146341043466366,-0.6452449037581256,-1.0551661090793654,-1.6433818895499084,-1.3992869411872828,-1.0583182365736727
920,16442,1.2531269782234151,-0.3467369773650259,0.3515839798260246,0.0621922798803011,1.2787912199913762,1.1889618973637592,0.7770716114070951,0.7962649526078255
921,16455,-0.267117538547692,0.1727476759786544,0.178746477138441,0.0621922798803011,-0.0548986823347617,0.4808759506353423,-0.0390628458157966,0.2167077059886073
922,16456,2.5719856881641587,0.9909360049949508,0.5820339834094693,0.0621922798803011,2.362414265631364,0.8349189239995508,1.3211612495556897,1.7235565471985743
923,16458,-0.8384586809301089,-0.2558271630298818,-0.6278285354036154,-0.6452449037581256,-0.7217436334978308,-0.581252969457283,-0.5831524839643911,-0.3628495406306108
924,16470,0.0862355571265037,0.1207992106442863,0.7548714860970528,-0.6452449037581256,0.5285906499329236,0.8349189239995508,0.2329819732585006,0.332619155312451
925,16473,-0.8937781809020628,-0.3532305355318219,-0.7430535371953377,-0.6452449037581256,-0.8050992523932144,0.1268329772711338,-0.0390628458157966,-0.594672439278298
926,16477,1.0901803992864167,0.1143056524774903,1.3886089959515258,0.769629463518728,1.3621468388867597,1.8970478440921763,2.1372957067785814,1.2599107499032
927,16493,-1.0127587140422525,-0.6779084438716221,-0.8582785389870601,-0.6452449037581256,-1.0551661090793654,-1.2893389161857,-1.1272421221129856,-0.7105838886021417
928,16496,1.6001030658199051,-0.2428400466962898,0.178746477138441,-0.6452449037581256,1.4455024577821434,-0.2272099960930745,-0.3111076648900939,-0.0151151926590799
929,16497,0.3396331490173171,1.432497960337079,0.0635214753467187,0.0621922798803011,-0.3049655390209126,-0.2272099960930745,0.2329819732585006,-0.4787609899544545
930,16499,-0.1306783781415732,-0.444140349866966,-0.0517035264450036,2.184503830795581,-0.0548986823347617,-0.9352959428214916,-0.0390628458157966,-0.7105838886021417
931,16500,-1.0690506010672345,-0.7168697928723982,-1.146341043466366,-0.6452449037581256,-1.0551661090793654,-1.6433818895499084,-1.3992869411872828,-0.942406787249829
932,16503,1.0475201139460986,1.367562378669119,1.3309964950556643,0.769629463518728,1.0287243633052254,1.5430048707279678,1.3211612495556897,0.9121764019316692
933,16510,-0.1485205653997874,-0.5805050713696821,-0.800666038091199,0.0621922798803011,-0.3049655390209126,-1.2893389161857,-1.1272421221129856,-0.2469380913067672
934,16515,0.0575614325042957,0.1792412341454504,0.178746477138441,-0.6452449037581256,0.1951681743513891,0.8349189239995508,0.5050267923327979,0.6803535032839819
935,16519,-1.0295831236181594,-0.6844020020384182,-0.9158910398829212,-0.6452449037581256,-1.0551661090793654,-0.9352959428214916,-0.8551973030386884,-0.8264953379259854
936,16520,2.4055962691981203,0.4714513516512705,0.7548714860970528,0.0621922798803011,1.528858076677527,0.1268329772711338,-0.0390628458157966,1.7235565471985743
937,16523,-0.2365090908408326,-0.418166117199782,0.1211339762425798,0.0621922798803011,0.3618794121421563,0.4808759506353423,0.2329819732585006,0.4485306046362946
938,16525,0.4750267860725703,-0.444140349866966,0.3515839798260246,2.184503830795581,1.112079982200609,0.4808759506353423,1.0491164304813922,0.9121764019316692
939,16531,-0.4474933017294226,-0.1843980231951258,-0.512603533611893,0.0621922798803011,-0.3883211579162963,0.4808759506353423,1.0491164304813922,-0.4787609899544545
940,16532,-1.068179571406157,-0.7168697928723982,-1.146341043466366,-0.6452449037581256,-1.0551661090793654,-1.6433818895499084,-1.3992869411872828,-0.942406787249829
941,16539,0.5625471716469828,0.0753443034767143,0.178746477138441,0.0621922798803011,0.0284569365606218,0.1268329772711338,0.5050267923327979,-0.1310266419829235
942,16546,-0.3161503112525458,-0.6064793040368661,-0.7430535371953377,0.0621922798803011,-0.221609920125529,-0.581252969457283,-0.5831524839643911,-0.7105838886021417
943,16549,-0.3253763194782248,-0.2818013956970658,0.5820339834094693,-0.6452449037581256,0.1118125554560054,0.1268329772711338,-0.3111076648900939,-0.0151151926590799
944,16550,0.5417535216929493,0.2831381648141864,1.446221496847387,0.0621922798803011,0.6953018877236908,1.1889618973637592,0.5050267923327979,0.332619155312451
945,16551,-0.7696354770885149,-0.593492187703274,-0.7430535371953377,-0.6452449037581256,-0.4716767768116799,0.1268329772711338,-0.3111076648900939,-0.7105838886021417
946,16552,-0.8567368834668142,-0.6779084438716221,-0.9158910398829212,-0.6452449037581256,-0.8050992523932144,-0.9352959428214916,-0.8551973030386884,-0.7105838886021417
947,16553,2.0479668999862275,0.9974295631617468,-0.166928528236726,0.0621922798803011,-0.7217436334978308,-0.581252969457283,-0.3111076648900939,-0.4787609899544545
948,16554,-0.8258932001999495,-0.53505016420211,-1.0887285425705049,-0.6452449037581256,-1.0551661090793654,-1.2893389161857,-1.1272421221129856,-1.0583182365736727
949,16556,-0.4257426910304924,-0.5610243968692941,-0.3397660309243095,-0.6452449037581256,-0.3883211579162963,0.1268329772711338,-0.3111076648900939,-0.3628495406306108
950,16558,0.6509718124561094,-0.0220590690252257,1.6190589995349705,1.4770666471571543,1.1954356010959926,1.5430048707279678,2.681385344927176,1.3758221992270436
951,16560,-0.0917893517990293,0.3026188393145744,-0.3397660309243095,-0.6452449037581256,-0.3049655390209126,-0.9352959428214916,-0.8551973030386884,0.1007962566647637
952,16565,-1.0313143232197484,-0.6519342112044381,-1.0311160416746437,-0.6452449037581256,-0.9718104901839816,-1.2893389161857,-1.1272421221129856,-0.942406787249829
953,16567,-0.0771304472393649,-0.489595257034538,-0.2245410291325871,-0.6452449037581256,0.0284569365606218,-0.2272099960930745,-0.3111076648900939,-0.0151151926590799
954,16570,-0.222062434598562,-0.5285566060353141,-0.3397660309243095,0.769629463518728,-0.221609920125529,-0.2272099960930745,0.2329819732585006,-0.3628495406306108
955,16579,-0.958256178670923,-0.6908955602052141,-1.146341043466366,-0.6452449037581256,-1.0551661090793654,-1.6433818895499084,-1.3992869411872828,-1.0583182365736727
956,16583,-0.1624736048042506,3.8740758310523766,-0.512603533611893,-0.6452449037581256,-0.7217436334978308,0.4808759506353423,-0.0390628458157966,-0.7105838886021417
957,16593,-1.071892061132726,-0.7168697928723982,-1.146341043466366,-0.6452449037581256,-1.0551661090793654,-1.6433818895499084,-1.3992869411872828,-1.0583182365736727
958,16596,-1.0331969667125198,-0.6194664203704581,-0.8582785389870601,-0.6452449037581256,-0.888454871288598,-0.9352959428214916,-0.8551973030386884,-0.942406787249829
959,16600,-0.6258635364236806,1.1532749591648508,-0.6854410362994766,-0.6452449037581256,-1.0551661090793654,-0.581252969457283,-0.8551973030386884,-0.594672439278298
960,16607,-0.726029953996584,-0.483101698867742,-0.7430535371953377,0.769629463518728,-0.4716767768116799,-0.581252969457283,-0.5831524839643911,-0.4787609899544545
961,16612,0.157809835962994,-0.1519302323611458,-0.6854410362994766,-0.6452449037581256,0.0284569365606218,-0.9352959428214916,-0.8551973030386884,-0.1310266419829235
962,16618,1.2330360364320834,-0.3402434191982299,0.1211339762425798,0.0621922798803011,0.8620131255144581,1.5430048707279678,0.7770716114070951,0.5644420539601382
963,16634,-0.5750169318195048,-0.6584277693712342,-0.9158910398829212,-0.6452449037581256,-0.6383880146024472,-1.2893389161857,-1.1272421221129856,-0.942406787249829
964,16638,-0.9404293968688422,-0.3986854426993939,-0.512603533611893,0.769629463518728,-0.888454871288598,-0.2272099960930745,-0.5831524839643911,-0.2469380913067672
965,16654,-0.7360987415964301,-0.548037280535702,-0.7430535371953377,-0.6452449037581256,-0.7217436334978308,0.1268329772711338,-0.0390628458157966,-1.0583182365736727
966,16655,-0.0113184887718986,1.9974375208483317,0.6396464843053304,-0.6452449037581256,-0.0548986823347617,1.1889618973637592,0.5050267923327979,0.1007962566647637
967,16656,-0.9945834036045516,-0.59998574587007,-0.5702160345077543,1.4770666471571543,-0.6383880146024472,-0.581252969457283,-0.3111076648900939,-0.8264953379259854
968,16658,-0.639693056932703,-0.6519342112044381,-0.7430535371953377,-0.6452449037581256,-0.5550323957070635,-0.9352959428214916,-0.8551973030386884,-0.8264953379259854
969,16660,-1.057160716731958,-0.6844020020384182,-0.9735035407787824,-0.6452449037581256,-1.0551661090793654,-0.9352959428214916,-0.8551973030386884,-0.8264953379259854
970,16665,-0.6111099304298319,-0.2753078375302699,-0.7430535371953377,-0.6452449037581256,-0.7217436334978308,-0.581252969457283,-0.5831524839643911,-0.4787609899544545
971,16670,0.6289362216707094,1.0753522611632989,1.3309964950556643,1.4770666471571543,0.9453687444098418,1.1889618973637592,1.593206068629987,0.4485306046362946
972,16676,-0.6487066750474015,-0.3986854426993939,0.4091964807218857,-0.6452449037581256,-0.4716767768116799,0.4808759506353423,0.2329819732585006,-0.2469380913067672
973,16679,-1.0312795671094572,-0.6908955602052141,-1.0311160416746437,-0.6452449037581256,-1.0551661090793654,-1.6433818895499084,-1.3992869411872828,-0.942406787249829
974,16684,1.508405295223182,0.1467734433114703,0.9277089887846364,1.4770666471571543,1.6122136955729107,0.4808759506353423,0.2329819732585006,1.2599107499032
975,16686,2.7696694979933536,0.0753443034767143,1.9071215040142764,0.0621922798803011,3.112614835689816,1.5430048707279678,0.7770716114070951,1.8394679965224183
976,16700,0.8837003951258235,-0.1843980231951258,0.9277089887846364,0.769629463518728,0.8620131255144581,-0.2272099960930745,0.5050267923327979,0.1007962566647637
977,16701,-0.4338961225230814,-0.541543722368906,-0.1093160273408648,0.769629463518728,-0.3883211579162963,0.1268329772711338,-0.0390628458157966,0.2167077059886073
978,16705,0.4261912607577386,1.3091203551679549,1.1005464914722198,1.4770666471571543,1.1954356010959926,0.1268329772711338,0.2329819732585006,1.3758221992270436
979,16710,1.0278492356547768,1.419510844003487,2.3104090102853045,0.0621922798803011,1.1954356010959926,0.8349189239995508,1.865250887704284,2.650848141789324
980,16711,-1.066437512084002,-0.7168697928723982,-1.146341043466366,-0.6452449037581256,-1.0551661090793654,-1.6433818895499084,-1.3992869411872828,-1.0583182365736727
981,16713,3.052428333715361,2.951990571367344,3.347434026410806,0.769629463518728,2.9459035978990484,2.251090817456385,1.3211612495556897,3.1144939390846984
982,16716,-1.055769746670779,-0.7168697928723982,-1.146341043466366,-0.6452449037581256,-1.0551661090793654,-1.6433818895499084,-1.3992869411872828,-0.942406787249829
983,16717,-0.5193746929630757,-0.3856983263658019,-0.166928528236726,0.0621922798803011,-0.4716767768116799,0.1268329772711338,0.2329819732585006,-0.7105838886021417
984,16718,1.010145017726628,-0.2818013956970658,0.4091964807218857,0.0621922798803011,1.1954356010959926,1.5430048707279678,0.7770716114070951,0.6803535032839819
985,16719,1.727175533740138,0.8091163763246627,1.1005464914722198,1.4770666471571543,1.6955693144682942,1.1889618973637592,1.865250887704284,1.7235565471985743
986,16722,0.060052708285525,-0.4051790008661899,0.812483986992914,0.769629463518728,0.6953018877236908,1.1889618973637592,1.865250887704284,0.1007962566647637
987,16726,-0.7074282452218766,-0.0934882088599817,-0.166928528236726,-0.6452449037581256,-0.4716767768116799,0.1268329772711338,-0.3111076648900939,-0.1310266419829235
988,16727,0.6216695505865006,0.8675583998258267,1.0429339905763586,-0.6452449037581256,0.6119462688283073,0.4808759506353423,0.2329819732585006,0.5644420539601382
989,16730,0.3378395018520734,-0.574011513202886,-0.512603533611893,-0.6452449037581256,-0.3883211579162963,0.4808759506353423,0.2329819732585006,-0.594672439278298
990,16735,0.4463491875074932,0.1792412341454504,0.812483986992914,0.0621922798803011,1.0287243633052254,0.8349189239995508,0.2329819732585006,0.4485306046362946
991,16743,0.1061410370770912,0.4714513516512705,0.4668089816177469,-0.6452449037581256,-0.0548986823347617,0.8349189239995508,0.2329819732585006,-0.3628495406306108
992,16745,1.4234289910297715,-0.1389431160275538,1.2157714932639423,0.0621922798803011,1.1954356010959926,1.5430048707279678,0.7770716114070951,0.9121764019316692
993,16746,0.3173028694551717,-0.2428400466962898,1.0429339905763586,0.769629463518728,1.112079982200609,1.5430048707279678,0.5050267923327979,0.6803535032839819
994,16748,-0.2038375881543771,-0.3597240936986179,-0.166928528236726,0.0621922798803011,-0.3883211579162963,0.1268329772711338,0.2329819732585006,-0.594672439278298
995,16752,-0.63294501674312,-0.6194664203704581,-0.800666038091199,-0.6452449037581256,-0.8050992523932144,-0.581252969457283,-0.5831524839643911,-0.2469380913067672
996,16754,-1.006691366475867,-0.7103762347056022,-1.0887285425705049,-0.6452449037581256,-0.9718104901839816,-1.2893389161857,-1.1272421221129856,-1.0583182365736727
997,16755,-0.3303487369696479,-0.5805050713696821,-0.2821535300284483,-0.6452449037581256,-0.5550323957070635,0.1268329772711338,-0.0390628458157966,-0.4787609899544545
998,16757,-0.6588110027926642,-0.6584277693712342,-0.8582785389870601,-0.6452449037581256,-0.6383880146024472,-0.581252969457283,-0.5831524839643911,-0.8264953379259854
999,16767,1.804761431093119,-0.0740075343595937,0.5820339834094693,-0.6452449037581256,1.0287243633052254,1.1889618973637592,0.5050267923327979,0.9121764019316692
1000,16770,3.043293227689828,0.1013185361438983,0.7548714860970528,0.769629463518728,2.612481122317514,0.4808759506353423,1.865250887704284,1.7235565471985743
1001,16775,0.1725701938338001,-0.4506339080337619,0.1211339762425798,0.0621922798803011,0.44523503103754,0.4808759506353423,0.7770716114070951,0.4485306046362946
1002,16779,1.5906683874796916,2.2376991730197835,2.425634012077027,3.599378198072434,1.8622805522590613,0.4808759506353423,1.0491164304813922,1.2599107499032
1003,16781,-0.1365449626710712,-0.574011513202886,-0.512603533611893,0.0621922798803011,0.0284569365606218,-1.2893389161857,-1.1272421221129856,-0.3628495406306108
1004,16791,0.457571824587892,-0.2168658140291058,1.158158992368081,-0.6452449037581256,0.2785237932467727,0.4808759506353423,-0.0390628458157966,1.0280878512555127
1005,16795,1.2455815284369458,1.120807168330871,1.6766715004308317,0.0621922798803011,1.528858076677527,1.5430048707279678,0.5050267923327979,2.303113793817793
1006,16805,0.6331908633456655,0.6208031894875786,0.7548714860970528,-0.6452449037581256,1.4455024577821434,1.8970478440921763,1.0491164304813922,0.7962649526078255
1007,16810,-1.0604879366024047,-0.7168697928723982,-1.146341043466366,-0.6452449037581256,-1.0551661090793654,-1.6433818895499084,-1.3992869411872828,-0.942406787249829
1008,16812,-0.2293253273007308,-0.3856983263658019,-0.6854410362994766,-0.6452449037581256,-0.5550323957070635,-0.9352959428214916,-0.8551973030386884,-0.594672439278298
1009,16814,2.520227025507612,1.341588146001935,2.540859013868749,3.599378198072434,1.8622805522590613,1.5430048707279678,3.497519802150068,1.7235565471985743
1010,16816,0.1659123176836334,-0.56751795503609,-0.512603533611893,0.769629463518728,0.1951681743513891,-0.2272099960930745,-0.0390628458157966,-0.4787609899544545
1011,16817,-0.2597304513453466,-0.1129688833603697,-0.2245410291325871,0.769629463518728,-0.0548986823347617,0.4808759506353423,0.5050267923327979,-0.4787609899544545
1012,16833,-0.4148140921445009,-0.2882949538638619,-0.2245410291325871,-0.6452449037581256,-0.4716767768116799,0.4808759506353423,0.2329819732585006,-0.594672439278298
1013,16835,-0.9564409204949365,-0.6454406530376421,-0.9158910398829212,-0.6452449037581256,-1.0551661090793654,-1.2893389161857,-1.1272421221129856,-0.8264953379259854
1014,16839,-0.2977329800146856,-0.3792047681990059,0.2363589780343022,2.184503830795581,-0.3049655390209126,1.5430048707279678,2.1372957067785814,0.332619155312451
1015,16843,-0.3424376411147778,-0.0805010925263897,-0.2245410291325871,0.0621922798803011,-0.4716767768116799,0.1268329772711338,-0.3111076648900939,-0.2469380913067672
1016,16850,-0.3744567264873438,-0.541543722368906,-0.2245410291325871,-0.6452449037581256,-0.0548986823347617,0.4808759506353423,0.2329819732585006,-0.3628495406306108
1017,16858,-0.787152214702512,-0.6324535367040501,-0.4549910327160318,0.0621922798803011,-0.9718104901839816,-0.581252969457283,-0.5831524839643911,-0.594672439278298
1018,16861,-1.0582720781813555,-0.6584277693712342,-1.0887285425705049,-0.6452449037581256,-1.0551661090793654,-1.2893389161857,-1.3992869411872828,-0.942406787249829
1019,16863,-0.5144930400486116,1.2052234244992188,-0.6854410362994766,0.0621922798803011,-0.7217436334978308,0.1268329772711338,-0.0390628458157966,-0.8264953379259854
1020,16873,0.4695475107246003,0.5753482823200067,1.3309964950556643,0.0621922798803011,2.445769884526747,0.1268329772711338,0.5050267923327979,1.1439993005793565
1021,16875,-0.0637521556265855,0.0104087218087542,0.1211339762425798,0.0621922798803011,0.2785237932467727,-0.2272099960930745,0.5050267923327979,0.2167077059886073
1022,16882,-0.9636489223975307,-0.7103762347056022,-1.146341043466366,-0.6452449037581256,-1.0551661090793654,-1.6433818895499084,-1.3992869411872828,-1.0583182365736727
1023,16883,-0.0041679716574317,-0.5805050713696821,-0.3973785318201707,-0.6452449037581256,-0.221609920125529,-1.2893389161857,-1.1272421221129856,-0.4787609899544545
1024,16885,0.5308135167640435,0.5104127006520466,0.0059089744508575,-0.6452449037581256,0.7786575066190745,0.8349189239995508,0.2329819732585006,0.4485306046362946
1025,16889,1.1437792340861788,5.633830094254093,1.3309964950556643,-0.6452449037581256,0.5285906499329236,1.5430048707279678,0.7770716114070951,0.7962649526078255
1026,16891,2.5853001601518137,1.6922402870089193,1.1005464914722198,0.0621922798803011,1.9456361711544448,1.1889618973637592,0.5050267923327979,1.8394679965224183
1027,16892,-1.0556318565783065,-0.6973891183720101,-1.146341043466366,-0.6452449037581256,-1.0551661090793654,-1.6433818895499084,-1.3992869411872828,-0.942406787249829
1028,16893,0.5321645177154276,-0.0869946506931857,0.5820339834094693,0.0621922798803011,1.4455024577821434,0.4808759506353423,-0.0390628458157966,1.4917336485508874
1029,16897,0.5849423593085489,-0.50258237336813,-0.0517035264450036,-0.6452449037581256,0.44523503103754,0.1268329772711338,-0.0390628458157966,-0.0151151926590799
1030,16898,0.4473686416904404,0.1013185361438983,0.3515839798260246,0.0621922798803011,-0.221609920125529,0.4808759506353423,0.2329819732585006,0.2167077059886073
1031,16899,-0.7078042317684825,-0.5869986295364781,-0.3973785318201707,-0.6452449037581256,-0.3883211579162963,-0.9352959428214916,-0.8551973030386884,-0.1310266419829235
1032,16904,1.737433532369971,0.7961292599910708,1.6190589995349705,0.0621922798803011,2.5291255034221307,0.8349189239995508,0.2329819732585006,1.3758221992270436
1033,16905,-0.6292637799911756,-0.541543722368906,-0.6854410362994766,-0.6452449037581256,-0.7217436334978308,-0.2272099960930745,-0.3111076648900939,-0.594672439278298
1034,16907,0.6030696350836224,2.3221154291881314,0.2939714789301634,-0.6452449037581256,0.44523503103754,0.4808759506353423,-0.0390628458157966,0.7962649526078255
1035,16912,-0.6441907912005163,-0.5285566060353141,-0.4549910327160318,-0.6452449037581256,-0.7217436334978308,-0.2272099960930745,-0.3111076648900939,-0.2469380913067672
1036,16916,0.4704231611884378,-0.0090719526916337,0.9853214896804976,-0.6452449037581256,0.7786575066190745,0.8349189239995508,0.2329819732585006,0.7962649526078255
1037,16918,0.0144504937828803,-0.0220590690252257,0.0059089744508575,0.0621922798803011,-0.3049655390209126,-0.2272099960930745,-0.3111076648900939,0.4485306046362946
1038,16919,2.2982196185588357,5.568894512586134,1.503833997743248,0.0621922798803011,1.6955693144682942,1.1889618973637592,1.865250887704284,1.607645097874731
1039,16926,-0.80813342003789,-0.6129728622036621,-0.3973785318201707,-0.6452449037581256,-0.6383880146024472,-0.2272099960930745,-0.3111076648900939,-0.4787609899544545
1040,16927,-1.058694748181117,-0.6649213275380301,-1.0887285425705049,-0.6452449037581256,-1.0551661090793654,-1.2893389161857,-1.1272421221129856,-0.942406787249829
1041,16928,-0.3649860909617533,-0.1129688833603697,-0.6278285354036154,0.0621922798803011,-0.7217436334978308,0.1268329772711338,-0.3111076648900939,-0.7105838886021417
1042,16938,-0.1711127293754014,-0.5869986295364781,-0.6278285354036154,0.0621922798803011,-0.3883211579162963,-0.9352959428214916,-0.8551973030386884,-0.2469380913067672
1043,16943,-0.3957829573226752,-0.5610243968692941,-0.1093160273408648,-0.6452449037581256,-0.3049655390209126,-0.581252969457283,-0.5831524839643911,-0.4787609899544545
1044,16945,-0.4468886188093888,-0.515569489701722,-0.166928528236726,-0.6452449037581256,-0.5550323957070635,-0.2272099960930745,-0.3111076648900939,-0.4787609899544545
1045,16948,-0.8131927903610353,-0.3532305355318219,-0.9735035407787824,-0.6452449037581256,-0.8050992523932144,-0.9352959428214916,-0.8551973030386884,-0.8264953379259854
1046,16949,-0.6866767538374298,-0.6714148857048261,-0.9158910398829212,-0.6452449037581256,-0.8050992523932144,-0.9352959428214916,-0.8551973030386884,-1.0583182365736727
1047,16950,-0.997218554001684,-0.6973891183720101,-1.0311160416746437,-0.6452449037581256,-0.9718104901839816,-1.2893389161857,-1.1272421221129856,-0.942406787249829
1048,16954,-0.9009283226805656,-0.4506339080337619,-0.512603533611893,-0.6452449037581256,-0.7217436334978308,-0.581252969457283,-0.5831524839643911,-0.594672439278298
1049,16955,-0.4677722034308603,-0.593492187703274,-0.3973785318201707,1.4770666471571543,-0.1382543012301454,-0.581252969457283,0.2329819732585006,-0.7105838886021417
1050,16983,-0.5208347498640775,-0.4506339080337619,-0.2821535300284483,0.0621922798803011,-0.3049655390209126,0.8349189239995508,0.5050267923327979,-0.3628495406306108
1051,16985,0.6562862360781737,2.802638733531036,0.178746477138441,0.769629463518728,0.2785237932467727,0.4808759506353423,-0.0390628458157966,0.5644420539601382
1052,16992,-1.054744153659616,-0.6973891183720101,-1.0887285425705049,-0.6452449037581256,-0.9718104901839816,-1.2893389161857,-1.1272421221129856,-0.942406787249829
1053,16995,-1.0639948256285472,-0.7168697928723982,-1.146341043466366,-0.6452449037581256,-1.0551661090793654,-1.6433818895499084,-1.3992869411872828,-1.0583182365736727
1054,16996,-0.9106588491686142,-0.496088815201334,-0.8582785389870601,0.769629463518728,-0.8050992523932144,-0.2272099960930745,-0.3111076648900939,-0.8264953379259854
1055,16997,-0.7806393266649425,-0.5805050713696821,-0.7430535371953377,0.0621922798803011,-0.7217436334978308,-0.2272099960930745,-0.3111076648900939,-0.8264953379259854
1056,17001,-0.2836792546526078,0.2701510484805944,0.178746477138441,0.0621922798803011,0.3618794121421563,1.1889618973637592,1.3211612495556897,0.4485306046362946
1057,17007,-0.5096637256491651,0.4779449098180666,-0.5702160345077543,0.0621922798803011,-0.4716767768116799,0.4808759506353423,0.2329819732585006,-0.7105838886021417
1058,17017,2.167104594635456,0.9195068651601948,1.6766715004308317,2.184503830795581,2.362414265631364,1.1889618973637592,2.1372957067785814,2.187202344493949
1059,17018,-0.7843959141969133,-0.6779084438716221,-0.9158910398829212,-0.6452449037581256,-0.7217436334978308,-0.9352959428214916,-0.8551973030386884,-0.8264953379259854
1060,17019,2.610934551400206,0.3805415373161265,2.2527965093894435,0.769629463518728,2.6958367412128976,1.1889618973637592,2.1372957067785814,2.071290895170105
1061,17025,-0.5567935366743816,-0.6584277693712342,-0.9158910398829212,0.0621922798803011,-0.7217436334978308,-1.2893389161857,-1.1272421221129856,-0.942406787249829
1062,17026,-1.0028755342471365,-0.7038826765388061,-1.0311160416746437,-0.6452449037581256,-0.888454871288598,-1.2893389161857,-1.1272421221129856,-1.0583182365736727
1063,17027,0.5455102134849104,-0.3662176518654139,0.5244214825136081,-0.6452449037581256,0.3618794121421563,0.8349189239995508,0.2329819732585006,0.4485306046362946
1064,17033,-0.9056725192241156,-0.6714148857048261,-0.7430535371953377,-0.6452449037581256,-0.8050992523932144,-0.9352959428214916,-0.8551973030386884,-0.594672439278298
1065,17035,-0.3382112580675318,-0.548037280535702,-0.3397660309243095,0.0621922798803011,-0.4716767768116799,-0.581252969457283,-0.5831524839643911,-0.0151151926590799
1066,17041,-0.7596313890681095,-0.5805050713696821,-0.166928528236726,-0.6452449037581256,-0.8050992523932144,-0.2272099960930745,-0.3111076648900939,-0.594672439278298
1067,17044,-1.0463337087802946,-0.7038826765388061,-1.0311160416746437,-0.6452449037581256,-1.0551661090793654,-1.6433818895499084,-1.3992869411872828,-0.942406787249829
1068,17048,-0.5173777554987852,-0.574011513202886,-0.4549910327160318,0.0621922798803011,-0.5550323957070635,0.1268329772711338,0.2329819732585006,-0.4787609899544545
1069,17059,2.973391691963692,0.2701510484805944,2.540859013868749,0.0621922798803011,4.6130159758067215,1.5430048707279678,0.5050267923327979,3.462228287056229
1070,17062,1.8400407013329136,1.0039231213285429,2.137571507597721,2.184503830795581,1.6955693144682942,0.4808759506353423,2.1372957067785814,1.8394679965224183
1071,17064,0.5044710208558632,1.5428884491726111,0.0635214753467187,-0.6452449037581256,-0.3883211579162963,0.8349189239995508,0.2329819732585006,0.1007962566647637
1072,17068,1.8835802320215271,-0.0480333016924097,1.791896502222554,2.184503830795581,2.0289917900498287,1.5430048707279678,1.865250887704284,1.3758221992270436
1073,17069,0.0408609505229906,-0.3921918845325979,0.178746477138441,0.769629463518728,0.0284569365606218,0.1268329772711338,-0.0390628458157966,0.1007962566647637
1074,17071,-0.4864622329283595,-0.59998574587007,-0.512603533611893,-0.6452449037581256,-0.4716767768116799,-0.2272099960930745,-0.3111076648900939,-0.4787609899544545
1075,17075,-0.8850995292834751,-0.5805050713696821,-0.166928528236726,-0.6452449037581256,-0.6383880146024472,0.1268329772711338,-0.0390628458157966,-0.3628495406306108
1076,17076,-0.5872677809220173,-0.6519342112044381,-0.8582785389870601,-0.6452449037581256,-0.7217436334978308,-1.2893389161857,-1.1272421221129856,-0.7105838886021417
1077,17082,-0.8405753922709969,-0.3467369773650259,0.0059089744508575,0.0621922798803011,-0.221609920125529,-0.2272099960930745,-0.5831524839643911,-0.2469380913067672
1078,17085,1.6920197323509891,2.8610807570322,2.540859013868749,0.769629463518728,2.112347408945213,2.251090817456385,2.9534301640014733,1.8394679965224183
1079,17090,-1.031023312735453,-0.7103762347056022,-1.0887285425705049,-0.6452449037581256,-0.9718104901839816,-1.2893389161857,-1.1272421221129856,-0.942406787249829
1080,17091,0.6612091092223132,-0.0025783945248377,1.2733839941598033,0.769629463518728,0.5285906499329236,1.5430048707279678,1.0491164304813922,0.6803535032839819
1081,17094,-0.2451106901563557,-0.0934882088599817,-0.3397660309243095,0.0621922798803011,-0.4716767768116799,1.5430048707279678,0.7770716114070951,-0.4787609899544545
1082,17095,-0.7294767809276442,-0.6064793040368661,-0.2245410291325871,0.0621922798803011,-0.7217436334978308,0.1268329772711338,-0.3111076648900939,-0.1310266419829235
1083,17097,1.6472912040539691,0.3026188393145744,1.5614464986391092,1.4770666471571543,1.2787912199913762,0.8349189239995508,1.593206068629987,1.3758221992270436
1084,17105,1.062518534907841,-0.3077756283642499,-0.166928528236726,-0.6452449037581256,1.112079982200609,-0.2272099960930745,-0.3111076648900939,0.2167077059886073
1085,17114,0.1354389575607136,0.0493700708095303,0.2363589780343022,-0.6452449037581256,-0.221609920125529,1.1889618973637592,0.5050267923327979,0.332619155312451
1086,17118,-0.2647103004888623,0.1532670014782663,-0.6854410362994766,-0.6452449037581256,-0.5550323957070635,-0.581252969457283,-0.5831524839643911,-0.7105838886021417
1087,17126,1.9991733497434003,1.406523727669895,1.6766715004308317,0.0621922798803011,1.1954356010959926,0.8349189239995508,0.5050267923327979,1.1439993005793565
1088,17128,-0.6160880863911088,0.2961252811477785,-0.3973785318201707,-0.6452449037581256,-0.6383880146024472,0.4808759506353423,-0.0390628458157966,-0.594672439278298
1089,17135,-0.4294089310254644,-0.6324535367040501,-0.800666038091199,-0.6452449037581256,-0.6383880146024472,-1.2893389161857,-1.1272421221129856,-0.594672439278298
1090,17146,-0.0714661687946074,0.6402838639879667,-0.3397660309243095,-0.6452449037581256,-0.6383880146024472,-0.581252969457283,-0.5831524839643911,-0.4787609899544545
1091,17147,-0.709446601858528,-0.4051790008661899,-0.3397660309243095,-0.6452449037581256,-0.4716767768116799,0.1268329772711338,-0.0390628458157966,-0.2469380913067672
1092,17158,-0.1301950788723835,-0.5545308387024981,-0.1093160273408648,0.0621922798803011,0.1951681743513891,-0.2272099960930745,-0.3111076648900939,0.1007962566647637
1093,17179,-0.1754774779406749,0.3415801883153505,-0.0517035264450036,-0.6452449037581256,-0.4716767768116799,-0.581252969457283,-0.5831524839643911,-0.7105838886021417
1094,17180,1.5539975966859707,0.5883353986535986,0.5244214825136081,0.0621922798803011,1.528858076677527,1.5430048707279678,0.7770716114070951,1.0280878512555127
1095,17181,-0.9192432580969738,-0.7038826765388061,-1.0887285425705049,-0.6452449037581256,-0.9718104901839816,-1.2893389161857,-1.1272421221129856,-1.0583182365736727
1096,17188,0.4881404533193421,0.5233998169856386,0.3515839798260246,2.184503830795581,1.112079982200609,0.4808759506353423,1.593206068629987,0.4485306046362946
1097,17189,0.8007987062597087,1.6078240308405711,0.6972589852011917,-0.6452449037581256,0.44523503103754,0.8349189239995508,0.2329819732585006,0.6803535032839819
1098,17191,2.556147724058341,1.8805534738460032,1.9071215040142764,0.0621922798803011,1.8622805522590613,1.1889618973637592,0.5050267923327979,1.2599107499032
1099,17194,-0.3772592767245395,0.1922283504790424,0.2363589780343022,0.0621922798803011,-0.0548986823347617,0.4808759506353423,-0.0390628458157966,-0.1310266419829235
1100,17204,-0.9086413516342812,-0.7038826765388061,-1.0311160416746437,-0.6452449037581256,-0.888454871288598,-1.6433818895499084,-1.3992869411872828,-1.0583182365736727
1101,17211,1.120563345145944,1.7766565431772672,2.483246512972888,0.769629463518728,0.9453687444098418,0.8349189239995508,1.0491164304813922,1.8394679965224183
1102,17213,0.6064452566118614,0.1467734433114703,1.0429339905763586,2.184503830795581,0.5285906499329236,1.5430048707279678,1.865250887704284,0.5644420539601382
1103,17214,-0.2545788818277789,-0.4246596753665779,0.0635214753467187,0.0621922798803011,0.1118125554560054,0.8349189239995508,0.2329819732585006,-0.0151151926590799
1104,17218,2.4588936925369773,0.7766485854906827,3.7507215326818337,1.4770666471571543,3.7794597868528848,2.959176764184801,4.313654259372959,3.925874084351604
1105,17220,2.3805133632524265,0.5104127006520466,1.1005464914722198,0.769629463518728,2.0289917900498287,0.8349189239995508,0.2329819732585006,1.607645097874731
1106,17223,2.6237620791894183,5.1533067899111895,0.6396464843053304,0.0621922798803011,1.112079982200609,0.8349189239995508,0.2329819732585006,0.332619155312451
1107,17226,-0.0113306913611371,0.4130093281501065,-0.2245410291325871,-0.6452449037581256,-0.0548986823347617,0.1268329772711338,-0.0390628458157966,-0.3628495406306108
1108,17227,-0.9331384040141486,-0.6324535367040501,-0.6278285354036154,-0.6452449037581256,-0.888454871288598,0.1268329772711338,-0.0390628458157966,-1.0583182365736727
1109,17228,0.7584864491070585,-0.2818013956970658,0.3515839798260246,2.184503830795581,0.9453687444098418,-0.2272099960930745,0.2329819732585006,0.6803535032839819
1110,17230,1.61554641420409,-0.0675139761927977,1.0429339905763586,1.4770666471571543,2.112347408945213,0.1268329772711338,0.7770716114070951,2.4190252431416366
1111,17231,2.055883369373376,2.270166963853764,2.5984715147646105,1.4770666471571543,1.8622805522590613,1.5430048707279678,1.865250887704284,2.071290895170105
1112,17235,-0.221812068828797,-0.6324535367040501,-0.9735035407787824,-0.6452449037581256,-0.5550323957070635,-1.6433818895499084,-1.3992869411872828,-0.8264953379259854
1113,17236,0.0761021950592052,0.9260004233269908,0.2939714789301634,0.0621922798803011,0.1118125554560054,0.4808759506353423,0.7770716114070951,0.332619155312451
1114,17239,0.0669459659596833,-0.5545308387024981,-0.512603533611893,0.0621922798803011,0.0284569365606218,-0.2272099960930745,-0.3111076648900939,-0.4787609899544545
1115,17243,1.6399876332740733,-0.0285526271920217,1.503833997743248,2.184503830795581,1.8622805522590613,1.1889618973637592,1.865250887704284,1.3758221992270436
1116,17251,-0.1388304083798955,1.0753522611632989,0.4668089816177469,-0.6452449037581256,0.6953018877236908,0.4808759506353423,-0.0390628458157966,0.2167077059886073
1117,17256,-0.6406612735861282,-0.593492187703274,-0.6278285354036154,-0.6452449037581256,-0.5550323957070635,-0.9352959428214916,-0.8551973030386884,-0.7105838886021417
1118,17259,1.6606352650268077,0.2636574903137984,2.07995900670186,0.0621922798803011,1.528858076677527,1.1889618973637592,0.5050267923327979,1.1439993005793565
1119,17262,-1.0655934649083556,-0.7038826765388061,-1.0887285425705049,-0.6452449037581256,-1.0551661090793654,-1.6433818895499084,-1.3992869411872828,-0.942406787249829
1120,17277,0.9209079747340422,0.7766485854906827,0.8700964878887751,-0.6452449037581256,1.2787912199913762,1.1889618973637592,0.5050267923327979,0.6803535032839819
1121,17284,1.9903224189172135,1.367562378669119,4.03878403716114,0.0621922798803011,2.9459035978990484,1.5430048707279678,0.7770716114070951,4.041785533675447
1122,17287,-0.1209616306538129,0.0948249779771023,-0.1093160273408648,0.0621922798803011,-0.3883211579162963,0.4808759506353423,0.5050267923327979,-0.4787609899544545
1123,17288,-0.4371364729697983,-0.3792047681990059,-0.5702160345077543,0.0621922798803011,-0.7217436334978308,-0.2272099960930745,-0.3111076648900939,-0.8264953379259854
1124,17291,-1.0169758221207814,-0.7168697928723982,-1.146341043466366,-0.6452449037581256,-1.0551661090793654,-1.6433818895499084,-1.3992869411872828,-1.0583182365736727
1125,17293,-0.0604331639545552,-0.3986854426993939,-0.0517035264450036,0.0621922798803011,0.1118125554560054,0.1268329772711338,0.5050267923327979,-0.0151151926590799
1126,17303,0.23106261723169,-0.1649173486947378,1.1005464914722198,-0.6452449037581256,0.6119462688283073,0.1268329772711338,-0.3111076648900939,0.6803535032839819
1127,17306,-0.987739360816108,-0.6649213275380301,-0.6854410362994766,0.769629463518728,-0.7217436334978308,-0.2272099960930745,-0.3111076648900939,-0.594672439278298
1128,17307,-1.0633864477344648,-0.7168697928723982,-1.146341043466366,-0.6452449037581256,-1.0551661090793654,-1.6433818895499084,-1.3992869411872828,-1.0583182365736727
1129,17311,0.6196592177986853,-0.522063047868518,-0.512603533611893,-0.6452449037581256,0.44523503103754,-0.581252969457283,-0.5831524839643911,-0.1310266419829235
1130,17314,0.4901578340824865,-0.2623207211966779,-0.166928528236726,0.0621922798803011,0.1118125554560054,-0.2272099960930745,0.5050267923327979,0.1007962566647637
1131,17315,2.7481716677255585,1.6013304726737752,1.8495090031184152,4.306815381710861,3.112614835689816,1.8970478440921763,1.593206068629987,2.650848141789324
1132,17320,-0.2434216115907569,0.0298893963091423,-0.0517035264450036,-0.6452449037581256,-0.221609920125529,-0.2272099960930745,-0.3111076648900939,-0.4787609899544545
1133,17324,-0.3905489223233581,3.38056541037588,-0.2245410291325871,0.0621922798803011,-0.5550323957070635,0.4808759506353423,0.7770716114070951,0.1007962566647637
1134,17329,0.1241835494802345,-0.522063047868518,-0.4549910327160318,-0.6452449037581256,-0.3883211579162963,-0.9352959428214916,-0.8551973030386884,-0.594672439278298
1135,17334,-0.4145521660270364,-0.625959978537254,-0.800666038091199,-0.6452449037581256,-0.5550323957070635,-0.581252969457283,-0.5831524839643911,-0.594672439278298
1136,17338,2.2238897273326805,2.0169181953487194,3.347434026410806,0.769629463518728,3.529392930166734,1.5430048707279678,0.7770716114070951,2.882671040437011
1137,17339,-1.0543000644874936,-0.6714148857048261,-0.9735035407787824,-0.6452449037581256,-1.0551661090793654,-1.6433818895499084,-1.3992869411872828,-1.0583182365736727
1138,17343,-0.5356070809521436,0.0363829544759383,-0.2821535300284483,-0.6452449037581256,-0.4716767768116799,0.4808759506353423,-0.0390628458157966,-0.594672439278298
1139,17346,0.4609554783057663,0.4779449098180666,0.9277089887846364,0.769629463518728,0.6119462688283073,0.4808759506353423,0.7770716114070951,0.332619155312451
1140,17356,-0.2091375988754134,-0.5869986295364781,-0.3973785318201707,-0.6452449037581256,0.0284569365606218,-0.2272099960930745,-0.3111076648900939,-0.3628495406306108
1141,17358,1.1402281805282413,-0.3402434191982299,0.2363589780343022,0.0621922798803011,1.0287243633052254,1.1889618973637592,0.5050267923327979,0.9121764019316692
1142,17362,-0.6955016029844994,-0.6324535367040501,-0.5702160345077543,-0.6452449037581256,-0.6383880146024472,0.1268329772711338,-0.0390628458157966,-0.594672439278298
1143,17364,-0.0875537771910584,-0.2818013956970658,1.6766715004308317,0.0621922798803011,0.1951681743513891,1.1889618973637592,1.0491164304813922,1.1439993005793565
1144,17365,1.0104699502412942,4.2766764373937285,2.3680215111811656,-0.6452449037581256,1.2787912199913762,1.5430048707279678,0.7770716114070951,2.303113793817793
1145,17368,0.2332343194617427,-0.2493336048630858,0.7548714860970528,0.769629463518728,0.6953018877236908,1.1889618973637592,1.593206068629987,0.9121764019316692
1146,17371,-0.5275165390855675,-0.625959978537254,-0.7430535371953377,-0.6452449037581256,-0.8050992523932144,-1.2893389161857,-1.1272421221129856,-0.8264953379259854
1147,17372,2.809435200718038,0.9584682141609708,2.771309017452194,1.4770666471571543,2.112347408945213,2.251090817456385,1.3211612495556897,2.303113793817793
1148,17373,-0.1841820694447931,-0.4246596753665779,-0.3973785318201707,-0.6452449037581256,-0.3883211579162963,0.1268329772711338,-0.0390628458157966,-0.4787609899544545
1149,17375,0.7018298522959966,-0.0155655108584297,0.5244214825136081,0.0621922798803011,0.9453687444098418,0.8349189239995508,1.0491164304813922,0.9121764019316692
1150,17376,-0.7936421905646629,-0.6064793040368661,-0.5702160345077543,-0.6452449037581256,-0.7217436334978308,-0.2272099960930745,-0.3111076648900939,-0.7105838886021417
1151,17377,0.8221917719190776,0.1402798851446743,0.812483986992914,2.184503830795581,1.1954356010959926,0.4808759506353423,1.0491164304813922,1.1439993005793565
1152,17381,0.1449180172935022,-0.541543722368906,-0.4549910327160318,1.4770666471571543,0.0284569365606218,-0.9352959428214916,-0.3111076648900939,-0.7105838886021417
1153,17389,0.1539474579042944,0.1727476759786544,-0.3397660309243095,3.599378198072434,0.0284569365606218,0.1268329772711338,0.5050267923327979,-0.8264953379259854
1154,17392,2.186205546117035,-0.0869946506931857,1.158158992368081,0.0621922798803011,1.6955693144682942,0.4808759506353423,0.2329819732585006,1.4917336485508874
1155,17396,-1.056142296808112,-0.7038826765388061,-1.0311160416746437,-0.6452449037581256,-0.9718104901839816,-1.2893389161857,-1.1272421221129856,-1.0583182365736727
1156,17400,2.115189191680229,1.2571718898335869,0.7548714860970528,-0.6452449037581256,0.2785237932467727,0.1268329772711338,-0.3111076648900939,1.0280878512555127
1157,17402,-0.0530798444777953,0.6662580966551507,0.1211339762425798,0.769629463518728,-0.0548986823347617,0.8349189239995508,0.5050267923327979,-0.3628495406306108
1158,17404,0.983500334663216,-0.0675139761927977,0.6396464843053304,2.184503830795581,1.6122136955729107,0.8349189239995508,1.3211612495556897,0.5644420539601382
1159,17406,2.360182431645542,2.997445478534916,3.7507215326818337,1.4770666471571543,2.779192360108281,2.251090817456385,2.409340525852879,5.200900026913883
1160,17411,-0.9989431393495024,-0.6194664203704581,-1.0887285425705049,-0.6452449037581256,-0.9718104901839816,-1.2893389161857,-1.1272421221129856,-0.942406787249829
1161,17412,-0.1529729257199204,-0.2103722558623098,-0.2245410291325871,0.0621922798803011,0.0284569365606218,0.4808759506353423,1.0491164304813922,0.1007962566647637
1162,17418,-0.584779920698063,-0.431153233533374,-0.5702160345077543,-0.6452449037581256,-0.5550323957070635,0.1268329772711338,-0.0390628458157966,-0.4787609899544545
1163,17419,-0.1001463404962395,-0.3727112100322099,0.6396464843053304,0.0621922798803011,0.3618794121421563,0.4808759506353423,-0.0390628458157966,0.4485306046362946
1164,17420,-0.8040255430657621,-0.6714148857048261,-0.8582785389870601,-0.6452449037581256,-0.7217436334978308,-0.9352959428214916,-0.8551973030386884,-1.0583182365736727
1165,17428,0.0288936218670866,-0.1454366741943498,1.3886089959515258,2.184503830795581,0.5285906499329236,1.1889618973637592,1.0491164304813922,0.7962649526078255
1166,17430,-0.498795330651842,-0.6584277693712342,-0.9735035407787824,-0.6452449037581256,-0.888454871288598,-1.6433818895499084,-1.3992869411872828,-0.8264953379259854
1167,17431,1.895355580502108,0.3415801883153505,0.0635214753467187,-0.6452449037581256,1.0287243633052254,0.1268329772711338,-0.0390628458157966,0.5644420539601382
1168,17442,-0.9712699523360048,-0.6779084438716221,-1.146341043466366,-0.6452449037581256,-1.0551661090793654,-1.6433818895499084,-1.3992869411872828,-0.942406787249829
1169,17446,-0.6880160985219235,-0.6649213275380301,-0.9735035407787824,-0.6452449037581256,-0.888454871288598,-1.2893389161857,-1.1272421221129856,-0.942406787249829
1170,17449,2.003370577527022,5.029929184742065,1.503833997743248,0.0621922798803011,2.0289917900498287,0.8349189239995508,0.2329819732585006,1.607645097874731
1171,17450,0.3277735751463549,1.0104166794953389,2.483246512972888,0.769629463518728,0.7786575066190745,1.1889618973637592,1.0491164304813922,2.9985824897608544
1172,17454,-0.6070671408843077,-0.6389470948708461,-0.800666038091199,-0.6452449037581256,-0.5550323957070635,-0.9352959428214916,-0.8551973030386884,-0.7105838886021417
1173,17456,-0.6313078805045762,-0.2623207211966779,-0.2245410291325871,-0.6452449037581256,-0.5550323957070635,0.4808759506353423,-0.0390628458157966,-0.7105838886021417
1174,17457,-0.7317053924306792,-0.6584277693712342,-0.800666038091199,0.0621922798803011,-0.7217436334978308,-1.2893389161857,-0.5831524839643911,-0.7105838886021417
1175,17460,-0.8310801764101465,-0.6454406530376421,-0.7430535371953377,0.769629463518728,-0.6383880146024472,-0.581252969457283,-0.5831524839643911,-0.7105838886021417
1176,17470,-0.5029441275848743,-0.6324535367040501,-0.7430535371953377,-0.6452449037581256,-0.6383880146024472,-0.581252969457283,-0.8551973030386884,-0.7105838886021417
1177,17491,-0.9231063492940056,-0.5869986295364781,-0.512603533611893,0.0621922798803011,-0.5550323957070635,-0.2272099960930745,-0.5831524839643911,-0.594672439278298
1178,17496,-0.9371955856087028,-0.6519342112044381,-0.6278285354036154,-0.6452449037581256,-0.8050992523932144,-0.2272099960930745,-0.3111076648900939,-0.8264953379259854
1179,17504,-0.0498736162406297,-0.4506339080337619,0.178746477138441,-0.6452449037581256,0.0284569365606218,0.4808759506353423,0.2329819732585006,0.332619155312451
1180,17507,1.4346477579793393,-0.3532305355318219,0.2363589780343022,0.0621922798803011,1.6122136955729107,0.4808759506353423,0.2329819732585006,0.7962649526078255
1181,17515,0.202143915354366,-0.0350461853588177,0.3515839798260246,-0.6452449037581256,0.0284569365606218,0.4808759506353423,-0.0390628458157966,-0.2469380913067672
1182,17517,-0.6666138621538279,-0.6454406530376421,-0.6278285354036154,0.0621922798803011,-0.4716767768116799,-0.581252969457283,-0.5831524839643911,-0.4787609899544545
1183,17519,-0.2380904146214897,-0.0350461853588177,-0.1093160273408648,0.0621922798803011,-0.3883211579162963,-0.2272099960930745,-0.3111076648900939,-0.594672439278298
1184,17524,-0.9579234641905976,-0.0934882088599817,-0.8582785389870601,-0.6452449037581256,-1.0551661090793654,-0.581252969457283,-0.8551973030386884,-0.7105838886021417
1185,17525,-0.8819452558845637,-0.6324535367040501,-0.6854410362994766,-0.6452449037581256,-0.8050992523932144,0.4808759506353423,0.2329819732585006,-0.7105838886021417
1186,17526,-0.8109341227880617,-0.59998574587007,-0.800666038091199,0.0621922798803011,-0.6383880146024472,0.1268329772711338,-0.0390628458157966,-0.942406787249829
1187,17530,1.4744808335096091,0.8935326324930107,1.9071215040142764,0.0621922798803011,1.2787912199913762,1.1889618973637592,0.5050267923327979,1.1439993005793565
1188,17540,-0.905913910293935,-0.47011458253415,-0.7430535371953377,-0.6452449037581256,-0.9718104901839816,-0.581252969457283,-0.8551973030386884,-0.8264953379259854
1189,17547,-1.0027970890306044,-0.7103762347056022,-1.0887285425705049,-0.6452449037581256,-0.9718104901839816,-1.2893389161857,-1.1272421221129856,-0.942406787249829
1190,17548,-0.8116441541724663,-0.6584277693712342,-0.800666038091199,-0.6452449037581256,-0.8050992523932144,-0.9352959428214916,-0.8551973030386884,-0.8264953379259854
1191,17551,0.213893774352573,2.24419273118658,1.0429339905763586,-0.6452449037581256,0.2785237932467727,1.8970478440921763,1.0491164304813922,0.2167077059886073
1192,17552,-0.5155676686183064,0.3285930719817584,-0.512603533611893,-0.6452449037581256,-0.9718104901839816,-0.2272099960930745,-0.5831524839643911,-0.594672439278298
1193,17555,0.6649239176910617,0.4844384679848625,1.2157714932639423,-0.6452449037581256,0.7786575066190745,0.1268329772711338,-0.0390628458157966,1.4917336485508874
1194,17560,-0.9994191028857904,-0.6973891183720101,-0.9735035407787824,-0.6452449037581256,-0.9718104901839816,-0.581252969457283,-0.5831524839643911,-0.594672439278298
1195,17567,0.0817613480828508,-0.0285526271920217,0.3515839798260246,-0.6452449037581256,-0.6383880146024472,0.8349189239995508,0.2329819732585006,0.2167077059886073
1196,17569,-0.2295271245967196,-0.463621024367354,0.2363589780343022,0.0621922798803011,0.0284569365606218,0.4808759506353423,-0.0390628458157966,-0.594672439278298
1197,17572,-0.8783113198049164,-0.574011513202886,-0.9735035407787824,-0.6452449037581256,-0.9718104901839816,-0.9352959428214916,-1.1272421221129856,-0.942406787249829
1198,17576,1.9066868231289675,1.302626797001159,0.4091964807218857,2.184503830795581,0.9453687444098418,0.4808759506353423,1.593206068629987,0.332619155312451
1199,17580,1.033620355566963,-0.1324495578607578,0.3515839798260246,0.0621922798803011,1.0287243633052254,0.4808759506353423,0.5050267923327979,1.2599107499032
1200,17581,1.3166327223920338,-0.0415397435256137,1.2157714932639423,1.4770666471571543,2.112347408945213,1.1889618973637592,1.0491164304813922,1.8394679965224183
1201,17585,0.4217801039856829,3.880569389219173,0.2363589780343022,-0.6452449037581256,0.2785237932467727,0.4808759506353423,0.2329819732585006,0.1007962566647637
1202,17591,1.7468729733065314,0.1402798851446743,2.9441465201397774,1.4770666471571543,2.362414265631364,1.5430048707279678,2.409340525852879,2.9985824897608544
1203,17593,-0.6602088790355857,-0.496088815201334,0.2363589780343022,-0.6452449037581256,-0.221609920125529,0.4808759506353423,-0.0390628458157966,-0.1310266419829235
1204,17596,1.0265707579524883,1.471459309337855,1.3886089959515258,-0.6452449037581256,1.1954356010959926,1.1889618973637592,0.5050267923327979,1.4917336485508874
1205,17604,0.5578337860156996,-0.496088815201334,-0.2245410291325871,0.0621922798803011,0.44523503103754,-0.581252969457283,-0.5831524839643911,0.2167077059886073
1206,17609,2.0465217897974037,2.1467893586846394,2.6560840156604715,-0.6452449037581256,1.6122136955729107,1.8970478440921763,1.0491164304813922,4.273608432323135
1207,17616,-1.018030933220334,-0.7168697928723982,-1.146341043466366,-0.6452449037581256,-1.0551661090793654,-1.6433818895499084,-1.3992869411872828,-1.0583182365736727
1208,17618,0.1623256572538854,0.4130093281501065,1.503833997743248,-0.6452449037581256,0.6953018877236908,1.1889618973637592,0.7770716114070951,0.1007962566647637
1209,17619,1.5697757614318808,1.1273007264976669,1.158158992368081,-0.6452449037581256,2.6958367412128976,1.1889618973637592,0.7770716114070951,3.1144939390846984
1210,17621,0.0105251134973786,-0.5610243968692941,-0.6854410362994766,0.0621922798803011,-0.1382543012301454,-0.2272099960930745,-0.0390628458157966,-0.3628495406306108
1211,17629,-0.5283629967521843,-0.6194664203704581,-0.5702160345077543,0.0621922798803011,-0.3883211579162963,-1.2893389161857,-0.8551973030386884,-0.1310266419829235
1212,17633,-1.067321828638215,-0.7168697928723982,-1.146341043466366,-0.6452449037581256,-1.0551661090793654,-1.6433818895499084,-1.3992869411872828,-0.942406787249829
1213,17634,0.9379698677153406,2.2961411965209475,2.07995900670186,-0.6452449037581256,0.8620131255144581,1.5430048707279678,0.7770716114070951,1.1439993005793565
1214,17643,-0.7921080840483106,-0.6649213275380301,-0.800666038091199,-0.6452449037581256,-0.8050992523932144,-0.9352959428214916,-0.8551973030386884,-0.7105838886021417
1215,17644,-1.0668110214132436,-0.7168697928723982,-1.146341043466366,-0.6452449037581256,-1.0551661090793654,-1.6433818895499084,-1.3992869411872828,-0.942406787249829
1216,17646,-0.6275657559184284,-0.1324495578607578,-0.6854410362994766,-0.6452449037581256,-0.7217436334978308,0.1268329772711338,-0.0390628458157966,-0.7105838886021417
1217,17655,-0.9377854385877484,-0.6194664203704581,-0.5702160345077543,0.0621922798803011,-0.7217436334978308,-1.6433818895499084,-1.1272421221129856,-0.3628495406306108
1218,17659,-0.3178300397822348,0.8285970508250508,-0.2245410291325871,0.0621922798803011,-0.6383880146024472,-0.2272099960930745,-0.0390628458157966,-0.594672439278298
1219,17671,-0.8879220140307732,-0.489595257034538,-0.2245410291325871,-0.6452449037581256,-1.0551661090793654,-0.2272099960930745,-0.3111076648900939,-0.2469380913067672
1220,17672,1.097830780497296,-0.3662176518654139,0.3515839798260246,-0.6452449037581256,0.44523503103754,0.8349189239995508,0.2329819732585006,0.5644420539601382
1221,17673,2.388656235293221,-0.2623207211966779,-0.166928528236726,0.0621922798803011,2.0289917900498287,0.4808759506353423,0.2329819732585006,0.9121764019316692
1222,17674,-0.8714882874896726,-0.6324535367040501,-0.5702160345077543,-0.6452449037581256,-0.7217436334978308,-0.2272099960930745,-0.5831524839643911,-0.4787609899544545
1223,17675,1.1351913637261484,1.0104166794953389,1.6190589995349705,2.184503830795581,1.0287243633052254,1.1889618973637592,1.593206068629987,1.8394679965224183
1224,17676,-0.4670564544286,-0.3856983263658019,-0.3397660309243095,-0.6452449037581256,-0.888454871288598,-1.2893389161857,-1.1272421221129856,-0.1310266419829235
1225,17677,0.4544895322861279,0.1337863269778783,1.1005464914722198,2.184503830795581,1.1954356010959926,0.4808759506353423,1.0491164304813922,0.6803535032839819
1226,17682,-0.4922814834223638,0.4584642353176785,-0.3397660309243095,-0.6452449037581256,-0.6383880146024472,0.1268329772711338,-0.0390628458157966,-0.3628495406306108
1227,17685,0.4260512521022675,0.2052154668126344,0.812483986992914,1.4770666471571543,0.6953018877236908,1.5430048707279678,2.1372957067785814,1.0280878512555127
1228,17690,2.128774973184456,2.939003455033752,1.7342840013266927,1.4770666471571543,2.0289917900498287,0.8349189239995508,1.593206068629987,2.650848141789324
1229,17691,-0.8050968019525777,-0.463621024367354,-0.1093160273408648,0.0621922798803011,-0.6383880146024472,0.1268329772711338,-0.0390628458157966,-0.3628495406306108
1230,17692,0.1783590796482951,-0.4376467917001699,-0.2821535300284483,-0.6452449037581256,0.1118125554560054,0.1268329772711338,-0.0390628458157966,-0.1310266419829235
1231,17696,-0.5768164342257911,-0.6649213275380301,-0.7430535371953377,0.0621922798803011,-0.8050992523932144,0.1268329772711338,0.2329819732585006,-0.4787609899544545
1232,17700,-1.0505681490395735,-0.7038826765388061,-1.0311160416746437,-0.6452449037581256,-0.9718104901839816,-0.9352959428214916,-0.8551973030386884,-0.942406787249829
1233,17702,-0.8047621190436397,-0.3532305355318219,-0.9735035407787824,-0.6452449037581256,-0.888454871288598,-0.581252969457283,-0.8551973030386884,-0.942406787249829
1234,17706,0.0063079970780503,0.3480737464821465,0.178746477138441,-0.6452449037581256,0.3618794121421563,0.4808759506353423,-0.0390628458157966,0.2167077059886073
1235,17707,-1.0572332232994552,-0.7038826765388061,-1.0311160416746437,-0.6452449037581256,-1.0551661090793654,-0.9352959428214916,-0.8551973030386884,-0.942406787249829
1236,17708,0.219410045315421,2.4714672670244395,0.178746477138441,-0.6452449037581256,0.1951681743513891,0.8349189239995508,0.2329819732585006,0.5644420539601382
1237,17714,-0.8320644824652401,-0.6454406530376421,-0.6278285354036154,-0.6452449037581256,-0.6383880146024472,-0.2272099960930745,-0.3111076648900939,-0.3628495406306108
1238,17720,-1.0485131345904124,-0.7168697928723982,-1.146341043466366,-0.6452449037581256,-1.0551661090793654,-1.6433818895499084,-1.3992869411872828,-1.0583182365736727
1239,17722,1.7038097481269734,0.2246961413130224,2.07995900670186,2.891941014434008,2.9459035978990484,1.5430048707279678,2.9534301640014733,2.882671040437011
1240,17730,-0.5269197131983857,1.1337942846644629,-0.166928528236726,0.0621922798803011,-0.6383880146024472,0.4808759506353423,0.2329819732585006,-0.4787609899544545
1241,17732,-0.1739356395034588,0.1013185361438983,-0.4549910327160318,-0.6452449037581256,-0.221609920125529,-0.581252969457283,-0.5831524839643911,-0.0151151926590799
1242,17735,2.112164955511339,0.3350866301485545,1.0429339905763586,0.0621922798803011,1.1954356010959926,1.1889618973637592,1.865250887704284,0.9121764019316692
1243,17739,-0.7545311571696541,0.4259964444836985,-0.512603533611893,0.0621922798803011,-0.9718104901839816,-0.9352959428214916,-0.8551973030386884,-0.4787609899544545
1244,17742,-0.5198606696288104,-0.0220590690252257,-0.512603533611893,-0.6452449037581256,-0.4716767768116799,0.1268329772711338,-0.0390628458157966,-0.4787609899544545
1245,17744,0.1002423279594517,-0.1194624415271657,1.3886089959515258,2.184503830795581,0.2785237932467727,0.8349189239995508,0.5050267923327979,0.9121764019316692
1246,17752,-1.0003484389037172,-0.7103762347056022,-1.146341043466366,-0.6452449037581256,-1.0551661090793654,-1.6433818895499084,-1.3992869411872828,-1.0583182365736727
1247,17757,3.106062779557333,2.770170942697056,3.5778840299942503,3.599378198072434,3.529392930166734,1.8970478440921763,3.497519802150068,3.346316837732385
1248,17760,-0.6593121346905562,-0.6324535367040501,-0.800666038091199,-0.6452449037581256,-0.5550323957070635,-0.9352959428214916,-0.8551973030386884,-0.8264953379259854
1249,17769,0.8159827725597777,1.0234037958289308,0.2363589780343022,-0.6452449037581256,0.7786575066190745,0.8349189239995508,0.2329819732585006,0.4485306046362946
1250,17771,-0.2300984693423273,-0.53505016420211,-0.0517035264450036,-0.6452449037581256,-0.3883211579162963,0.4808759506353423,-0.0390628458157966,0.1007962566647637
1251,17786,-0.0731069791552012,0.4454771189840865,0.178746477138441,-0.6452449037581256,-0.3049655390209126,0.4808759506353423,-0.0390628458157966,-0.2469380913067672
1252,17787,2.179198991196863,0.0104087218087542,2.0223465058059986,0.769629463518728,2.2790586467359795,1.1889618973637592,1.593206068629987,1.1439993005793565
1253,17790,-0.186206744236843,-0.4246596753665779,-0.1093160273408648,0.769629463518728,0.1118125554560054,0.8349189239995508,1.593206068629987,-0.0151151926590799
1254,17800,-0.7841117932127618,-0.2298529303626978,-0.512603533611893,-0.6452449037581256,-0.5550323957070635,-0.2272099960930745,-0.3111076648900939,-0.594672439278298
1255,17802,-0.6720866775528128,-0.47011458253415,-0.512603533611893,-0.6452449037581256,-0.7217436334978308,0.1268329772711338,-0.3111076648900939,-0.8264953379259854
1256,17809,-0.6854681386692906,0.4324900026504945,-0.3397660309243095,0.0621922798803011,-0.888454871288598,0.1268329772711338,-0.0390628458157966,-0.594672439278298
1257,17812,-0.2547684765345294,-0.4506339080337619,0.6396464843053304,0.0621922798803011,-0.221609920125529,1.1889618973637592,0.2329819732585006,0.6803535032839819
1258,17816,-0.1918906777749295,-0.0999817670267777,-0.6278285354036154,-0.6452449037581256,-0.9718104901839816,-0.581252969457283,-0.5831524839643911,-0.594672439278298
1259,17819,-0.4474104192077132,-0.6194664203704581,-0.3973785318201707,0.0621922798803011,-0.8050992523932144,-1.2893389161857,-1.1272421221129856,-0.594672439278298
1260,17820,-0.9135527728611113,-0.3272563028646379,-1.0311160416746437,-0.6452449037581256,-1.0551661090793654,-1.2893389161857,-1.1272421221129856,-0.8264953379259854
1261,17827,2.5727265137792314,1.8935405901795956,3.405046527306667,1.4770666471571543,3.112614835689816,2.605133790820593,1.3211612495556897,2.650848141789324
1262,17838,1.0622214147881266,-0.0999817670267777,0.8700964878887751,0.769629463518728,0.1951681743513891,0.1268329772711338,-0.0390628458157966,0.6803535032839819
1263,17848,-0.9534792778536864,-0.522063047868518,-0.512603533611893,0.769629463518728,-0.7217436334978308,-0.581252969457283,-0.0390628458157966,-0.7105838886021417
1264,17849,-0.4690467359351241,-0.56751795503609,-0.7430535371953377,-0.6452449037581256,-0.9718104901839816,-0.9352959428214916,-0.8551973030386884,-0.4787609899544545
1265,17855,-0.358255533087306,-0.431153233533374,-0.4549910327160318,-0.6452449037581256,-0.3883211579162963,-0.2272099960930745,-0.3111076648900939,-0.8264953379259854
1266,17857,-0.8484137417327818,-0.6779084438716221,-0.9158910398829212,0.0621922798803011,-0.8050992523932144,-0.9352959428214916,-0.5831524839643911,-0.7105838886021417
1267,17858,0.9833614019708422,5.075384091909637,0.1211339762425798,1.4770666471571543,1.1954356010959926,0.1268329772711338,1.3211612495556897,0.4485306046362946
1268,17860,0.468595028988877,-0.0155655108584297,1.3886089959515258,-0.6452449037581256,1.3621468388867597,1.5430048707279678,0.7770716114070951,1.7235565471985743
1269,17861,-0.6696038885347757,-0.6454406530376421,-0.800666038091199,-0.6452449037581256,-0.6383880146024472,-0.581252969457283,-0.8551973030386884,-0.8264953379259854
1270,17862,-0.648588394173862,-0.6389470948708461,-0.7430535371953377,-0.6452449037581256,-0.4716767768116799,-0.9352959428214916,-0.8551973030386884,-0.2469380913067672
1271,17863,0.7305791525414479,-0.3792047681990059,0.9277089887846364,0.0621922798803011,0.7786575066190745,1.1889618973637592,1.593206068629987,0.7962649526078255
1272,17865,1.235524271992002,0.6597645384883547,0.5820339834094693,0.0621922798803011,0.7786575066190745,0.1268329772711338,0.7770716114070951,0.2167077059886073
1273,17869,-0.7279874019470339,-0.6129728622036621,-0.2821535300284483,-0.6452449037581256,-0.6383880146024472,-0.581252969457283,-0.5831524839643911,-0.2469380913067672
1274,17870,-1.0529838029648022,-0.7168697928723982,-1.146341043466366,-0.6452449037581256,-1.0551661090793654,-1.6433818895499084,-1.3992869411872828,-1.0583182365736727
1275,17873,-0.5815975054426306,-0.457127466200558,-0.7430535371953377,-0.6452449037581256,-0.8050992523932144,-0.581252969457283,-0.5831524839643911,-0.4787609899544545
1276,17880,-0.1996998803138892,-0.4246596753665779,0.1211339762425798,-0.6452449037581256,-0.3049655390209126,0.8349189239995508,0.2329819732585006,-0.0151151926590799
1277,17884,2.9820619277158804,0.8415841671586427,2.195184008493582,1.4770666471571543,3.3626816923759666,1.8970478440921763,2.1372957067785814,2.303113793817793
1278,17888,-0.6255936281613761,-0.2882949538638619,-0.166928528236726,0.0621922798803011,-0.5550323957070635,0.4808759506353423,0.2329819732585006,-0.1310266419829235
1279,17889,-0.5884350007036974,-0.625959978537254,-0.512603533611893,-0.6452449037581256,-0.3883211579162963,0.4808759506353423,0.2329819732585006,-0.4787609899544545
1280,17890,2.471798047427676,2.0753602188498834,2.5984715147646105,0.769629463518728,2.195703027840596,1.8970478440921763,2.1372957067785814,3.346316837732385
1281,17897,1.808060692604628,0.6272967476543747,1.5614464986391092,0.769629463518728,1.6122136955729107,1.1889618973637592,1.3211612495556897,1.7235565471985743
1282,17905,-0.2479507489675806,-0.4506339080337619,0.2939714789301634,0.0621922798803011,-0.3049655390209126,0.1268329772711338,-0.3111076648900939,0.2167077059886073
1283,17908,1.616451999796278,0.5233998169856386,0.9853214896804976,-0.6452449037581256,1.528858076677527,0.8349189239995508,0.2329819732585006,0.7962649526078255
1284,17912,-0.2619405712965421,0.2701510484805944,0.6972589852011917,2.891941014434008,0.44523503103754,1.1889618973637592,1.865250887704284,0.332619155312451
1285,17913,-0.5632508958412377,-0.3337498610314339,0.5820339834094693,-0.6452449037581256,-0.1382543012301454,0.1268329772711338,-0.0390628458157966,0.4485306046362946
1286,17917,0.2046966169513474,-0.418166117199782,-0.1093160273408648,0.0621922798803011,0.2785237932467727,0.1268329772711338,-0.3111076648900939,0.1007962566647637
1287,17924,-0.9445969105552924,-0.6908955602052141,-0.9158910398829212,0.769629463518728,-0.8050992523932144,-0.581252969457283,-0.5831524839643911,-1.0583182365736727
1288,17925,-1.0629810848930556,-0.7168697928723982,-1.146341043466366,-0.6452449037581256,-1.0551661090793654,-1.6433818895499084,-1.3992869411872828,-1.0583182365736727
1289,17929,-0.9654932399179508,-0.7103762347056022,-1.0887285425705049,-0.6452449037581256,-0.9718104901839816,-1.6433818895499084,-1.3992869411872828,-0.942406787249829
1290,17937,-0.5768900834827797,-0.548037280535702,-0.3397660309243095,0.769629463518728,-0.221609920125529,-0.581252969457283,-0.5831524839643911,-0.4787609899544545
1291,17949,-1.0420553708947948,-0.7038826765388061,-1.0887285425705049,0.0621922798803011,-0.9718104901839816,-1.6433818895499084,-1.1272421221129856,-0.942406787249829
1292,17950,2.059132698690438,0.6272967476543747,0.7548714860970528,-0.6452449037581256,0.44523503103754,0.8349189239995508,0.5050267923327979,0.7962649526078255
1293,17951,-0.6651526959265316,-0.3337498610314339,-0.7430535371953377,0.769629463518728,-0.4716767768116799,-0.2272099960930745,-0.5831524839643911,-0.7105838886021417
1294,17954,1.9557630263752863,0.4130093281501065,2.07995900670186,0.769629463518728,2.112347408945213,1.8970478440921763,2.1372957067785814,2.650848141789324
1295,17964,1.0282880909753975,-0.1519302323611458,-0.166928528236726,-0.6452449037581256,0.7786575066190745,0.1268329772711338,-0.0390628458157966,0.4485306046362946
1296,17965,1.240943093227327,0.7311936783231107,2.9441465201397774,1.4770666471571543,2.612481122317514,2.251090817456385,3.497519802150068,2.187202344493949
1297,17967,1.1276908082914054,1.406523727669895,0.4668089816177469,-0.6452449037581256,1.0287243633052254,1.1889618973637592,0.5050267923327979,1.0280878512555127
1298,17968,2.9527936337510376,7.081893565449603,2.3680215111811656,-0.6452449037581256,1.4455024577821434,1.5430048707279678,0.7770716114070951,2.7667595911131677
1299,17969,-1.0097002597446187,-0.6714148857048261,-0.800666038091199,-0.6452449037581256,-0.888454871288598,-0.2272099960930745,-0.5831524839643911,-0.7105838886021417
1300,17976,1.4761161347723275,0.3480737464821465,1.158158992368081,-0.6452449037581256,1.6122136955729107,1.1889618973637592,0.5050267923327979,1.3758221992270436
1301,17978,-0.7953365655377574,-0.593492187703274,-0.512603533611893,-0.6452449037581256,-0.8050992523932144,-0.581252969457283,-0.5831524839643911,-0.8264953379259854
1302,17980,-0.7715378298898099,-0.5545308387024981,-0.3973785318201707,-0.6452449037581256,-0.5550323957070635,-0.2272099960930745,-0.5831524839643911,-0.3628495406306108
1303,17988,-0.2805629986164771,-0.3792047681990059,-0.5702160345077543,0.0621922798803011,-0.221609920125529,0.1268329772711338,-0.0390628458157966,-0.594672439278298
1304,17990,-0.6242090304707905,-0.496088815201334,-0.5702160345077543,0.0621922798803011,-0.4716767768116799,0.1268329772711338,0.2329819732585006,-0.1310266419829235
1305,17999,0.8311246886310591,1.1922363081656269,0.9277089887846364,-0.6452449037581256,0.2785237932467727,1.1889618973637592,0.7770716114070951,0.6803535032839819
1306,18004,0.3577406070534775,1.7831501013440632,0.5820339834094693,0.0621922798803011,0.3618794121421563,-0.2272099960930745,-0.3111076648900939,0.4485306046362946
1307,18008,-0.8474776037931027,-0.4376467917001699,-0.512603533611893,-0.6452449037581256,-0.7217436334978308,-0.2272099960930745,-0.3111076648900939,-0.594672439278298
1308,18011,-0.2663508522846809,-0.50258237336813,0.0059089744508575,-0.6452449037581256,-0.0548986823347617,-0.2272099960930745,-0.3111076648900939,-0.4787609899544545
1309,18016,0.2332913788691107,-0.0025783945248377,0.5244214825136081,0.0621922798803011,0.7786575066190745,1.5430048707279678,0.5050267923327979,0.9121764019316692
1310,18017,-1.0629958481076502,-0.7168697928723982,-1.146341043466366,-0.6452449037581256,-1.0551661090793654,-1.6433818895499084,-1.3992869411872828,-1.0583182365736727
1311,18032,-1.0476582193534008,-0.6908955602052141,-0.9158910398829212,-0.6452449037581256,-0.888454871288598,-1.6433818895499084,-1.3992869411872828,-0.7105838886021417
1312,18037,-0.8379887769844441,-0.444140349866966,-0.800666038091199,0.0621922798803011,-0.5550323957070635,-0.9352959428214916,-0.3111076648900939,-0.8264953379259854
1313,18043,1.1303882102434113,1.172755633665239,1.5614464986391092,-0.6452449037581256,1.1954356010959926,1.5430048707279678,0.7770716114070951,1.8394679965224183
1314,18044,-0.683115983248417,-0.6714148857048261,-0.9158910398829212,-0.6452449037581256,-0.888454871288598,-1.2893389161857,-1.1272421221129856,-1.0583182365736727
1315,18050,-0.747122367207775,-0.0415397435256137,-0.9158910398829212,-0.6452449037581256,-0.7217436334978308,-0.9352959428214916,-0.8551973030386884,-0.8264953379259854
1316,18061,-0.5171410936621155,-0.6389470948708461,-0.6854410362994766,0.0621922798803011,-0.6383880146024472,-0.9352959428214916,-0.8551973030386884,-0.4787609899544545
1317,18062,-1.016341312502787,-0.6908955602052141,-0.9158910398829212,-0.6452449037581256,-0.888454871288598,-1.2893389161857,-1.1272421221129856,-0.8264953379259854
1318,18065,-0.2454822894425793,-0.541543722368906,-0.2821535300284483,0.769629463518728,0.2785237932467727,-0.2272099960930745,-0.3111076648900939,-0.2469380913067672
1319,18069,1.3044307503728685,0.7052194456559266,2.195184008493582,-0.6452449037581256,1.6122136955729107,1.8970478440921763,1.0491164304813922,2.650848141789324
1320,18071,-0.7770944870024131,-0.2493336048630858,-0.4549910327160318,-0.6452449037581256,-0.8050992523932144,-0.2272099960930745,-0.3111076648900939,-0.3628495406306108
1321,18074,-0.2249748581836977,-0.625959978537254,-0.9158910398829212,-0.6452449037581256,-0.1382543012301454,-0.9352959428214916,-0.8551973030386884,-0.594672439278298
1322,18075,0.3177053797432526,0.0688507453099183,0.3515839798260246,1.4770666471571543,0.44523503103754,0.4808759506353423,1.3211612495556897,-0.1310266419829235
1323,18077,1.3017936482287216,2.789651617197444,1.5614464986391092,2.184503830795581,1.528858076677527,1.8970478440921763,2.1372957067785814,2.4190252431416366
1324,18085,-0.0399645966495738,-0.1129688833603697,0.1211339762425798,0.0621922798803011,0.1118125554560054,0.4808759506353423,0.5050267923327979,-0.0151151926590799
1325,18092,-0.3139115072928811,-0.496088815201334,-0.2245410291325871,1.4770666471571543,-0.1382543012301454,-0.2272099960930745,-0.0390628458157966,-0.4787609899544545
1326,18095,-0.445385473339689,-0.1194624415271657,0.0059089744508575,0.0621922798803011,-0.1382543012301454,0.1268329772711338,-0.0390628458157966,-0.1310266419829235
1327,18097,-0.3733551738178122,-0.574011513202886,-0.3973785318201707,0.0621922798803011,-0.221609920125529,-0.2272099960930745,-0.3111076648900939,-0.4787609899544545
1328,18102,-0.1068903937838019,-0.463621024367354,-0.512603533611893,0.769629463518728,0.0284569365606218,-0.2272099960930745,-0.3111076648900939,-0.4787609899544545
1329,18106,0.2510804185547846,0.3156059556481664,0.9853214896804976,-0.6452449037581256,0.44523503103754,0.1268329772711338,-0.3111076648900939,1.0280878512555127
1330,18109,0.6078781725522471,0.0169022799755502,2.195184008493582,2.891941014434008,1.6122136955729107,1.1889618973637592,3.2254749830757707,1.3758221992270436
1331,18113,-1.01733255810282,-0.6389470948708461,-1.146341043466366,-0.6452449037581256,-1.0551661090793654,-1.6433818895499084,-1.3992869411872828,-1.0583182365736727
1332,18119,-0.2523603293285862,0.2571639321470024,0.2939714789301634,0.0621922798803011,-0.1382543012301454,0.1268329772711338,-0.3111076648900939,-0.2469380913067672
1333,18136,-0.3052444327035912,-0.522063047868518,-0.3973785318201707,-0.6452449037581256,-0.3049655390209126,-0.2272099960930745,-0.3111076648900939,-0.3628495406306108
1334,18141,-1.0578797686907038,-0.7103762347056022,-1.146341043466366,-0.6452449037581256,-1.0551661090793654,-1.6433818895499084,-1.3992869411872828,-1.0583182365736727
1335,18144,-0.7938516363735235,-0.6129728622036621,-0.6854410362994766,0.769629463518728,-0.7217436334978308,-0.2272099960930745,-0.3111076648900939,-0.7105838886021417
1336,18145,0.8604070952281583,0.9584682141609708,0.5244214825136081,-0.6452449037581256,0.8620131255144581,0.8349189239995508,0.5050267923327979,0.332619155312451
1337,18156,0.5871274568621264,0.2571639321470024,0.8700964878887751,-0.6452449037581256,1.6955693144682942,-0.2272099960930745,-0.3111076648900939,1.0280878512555127
1338,18161,-0.6876854400486023,-0.59998574587007,-0.3973785318201707,-0.6452449037581256,-0.4716767768116799,-0.581252969457283,-0.5831524839643911,-0.3628495406306108
1339,18168,0.8152702014020146,0.0753443034767143,0.7548714860970528,0.769629463518728,1.2787912199913762,0.8349189239995508,1.3211612495556897,0.4485306046362946
1340,18171,-0.4814096686973663,-0.6194664203704581,-0.5702160345077543,-0.6452449037581256,-0.3883211579162963,-0.581252969457283,-0.5831524839643911,-0.4787609899544545
1341,18176,0.2016869271362714,0.7831421436574787,0.5820339834094693,0.0621922798803011,-0.0548986823347617,0.4808759506353423,0.2329819732585006,-0.0151151926590799
1342,18178,0.3337165864189771,-0.444140349866966,0.4091964807218857,0.0621922798803011,0.1118125554560054,-0.2272099960930745,0.2329819732585006,0.332619155312451
1343,18179,-0.2779471238063097,-0.3142691865310459,0.2363589780343022,0.0621922798803011,-0.0548986823347617,0.8349189239995508,1.3211612495556897,0.9121764019316692
1344,18190,-0.8621765692113533,-0.625959978537254,-0.6278285354036154,0.0621922798803011,-0.6383880146024472,0.4808759506353423,0.2329819732585006,-0.7105838886021417
1345,18193,-1.068901133945464,-0.7038826765388061,-1.146341043466366,-0.6452449037581256,-1.0551661090793654,-1.6433818895499084,-1.3992869411872828,-0.942406787249829
1346,18198,-0.0495847493417301,-0.3727112100322099,0.178746477138441,0.0621922798803011,0.1118125554560054,0.1268329772711338,0.5050267923327979,0.2167077059886073
1347,18202,0.9113400521265136,2.24419273118658,-0.3397660309243095,-0.6452449037581256,0.2785237932467727,0.4808759506353423,0.2329819732585006,-0.0151151926590799
1348,18212,0.2602422860345699,1.400030169503099,0.6972589852011917,-0.6452449037581256,0.6119462688283073,0.8349189239995508,0.2329819732585006,-0.0151151926590799
1349,18219,-0.5375954440748504,-0.0934882088599817,0.178746477138441,0.0621922798803011,-0.1382543012301454,-0.2272099960930745,-0.0390628458157966,-0.0151151926590799
1350,18223,0.8374126628476406,0.2441768158134104,1.3886089959515258,2.184503830795581,1.528858076677527,0.4808759506353423,1.3211612495556897,1.8394679965224183
1351,18225,-1.0238209075091256,-0.476608140700946,-1.0311160416746437,0.0621922798803011,-0.9718104901839816,-0.9352959428214916,-0.8551973030386884,-0.7105838886021417
1352,18226,-0.53521636455414,-0.3662176518654139,-0.1093160273408648,0.0621922798803011,-0.221609920125529,-0.2272099960930745,-0.0390628458157966,-0.0151151926590799
1353,18229,0.0686607842316316,-0.463621024367354,-0.6278285354036154,0.769629463518728,-0.0548986823347617,-0.9352959428214916,-0.0390628458157966,-0.2469380913067672
1354,18230,-1.015688111153772,-0.7103762347056022,-1.0887285425705049,0.0621922798803011,-0.9718104901839816,-1.2893389161857,-1.1272421221129856,-0.8264953379259854
1355,18233,-1.0408784674452367,-0.3986854426993939,-1.146341043466366,-0.6452449037581256,-1.0551661090793654,-1.6433818895499084,-1.3992869411872828,-0.942406787249829
1356,18239,1.813934867261403,0.1857347923122464,0.9853214896804976,0.769629463518728,1.112079982200609,1.5430048707279678,1.0491164304813922,0.6803535032839819
1357,18245,2.436264532946485,-0.1649173486947378,0.6396464843053304,0.769629463518728,1.3621468388867597,0.4808759506353423,1.0491164304813922,0.6803535032839819
1358,18250,-0.0240767420533061,0.0363829544759383,-0.2821535300284483,-0.6452449037581256,-0.6383880146024472,-0.581252969457283,-0.5831524839643911,-0.1310266419829235
1359,18256,-1.040570441730561,-0.6973891183720101,-0.9735035407787824,-0.6452449037581256,-0.9718104901839816,-1.2893389161857,-1.1272421221129856,-1.0583182365736727
1360,18259,-0.7163917684965444,-0.4246596753665779,-0.800666038091199,-0.6452449037581256,-0.888454871288598,-0.581252969457283,-0.5831524839643911,-0.7105838886021417
1361,18260,0.18268704945947,0.1922283504790424,0.812483986992914,0.769629463518728,0.44523503103754,1.8970478440921763,2.409340525852879,0.7962649526078255
1362,18269,-1.0057251265918536,-0.6584277693712342,-0.7430535371953377,0.0621922798803011,-0.9718104901839816,-1.2893389161857,-0.8551973030386884,-0.7105838886021417
1363,18277,-0.936124285017891,-0.7103762347056022,-1.146341043466366,-0.6452449037581256,-1.0551661090793654,-1.6433818895499084,-1.3992869411872828,-1.0583182365736727
1364,18283,1.9927687961763167,0.2831381648141864,2.771309017452194,0.0621922798803011,3.279326073480583,2.605133790820593,1.593206068629987,3.346316837732385
